product_id,product_name,category,sub_category,brand,cost_price,selling_price,supplier,margin_pct
PRD00001,Lenovo Cables & Accessories 8094,Electronics,Cables & Accessories,Lenovo,31358.62,46946.87,Supplier_447,0.332
PRD00002,Apple Smartphones 4808,Electronics,Smartphones,Apple,11776.77,16507.12,Supplier_117,0.2866
PRD00003,Dell Laptops 1746,Electronics,Laptops,Dell,48917.97,70313.41,Supplier_228,0.3043
PRD00004,LG Tablets 1019,Electronics,Tablets,LG,45176.03,49766.63,Supplier_151,0.0922
PRD00005,Lenovo Smart Watches 6851,Electronics,Smart Watches,Lenovo,21562.81,25762.66,Supplier_290,0.163
PRD00006,OnePlus Tablets 6367,Electronics,Tablets,OnePlus,8794.71,12017.63,Supplier_318,0.2682
PRD00007,HP Cameras 7655,Electronics,Cameras,HP,45645.81,52367.86,Supplier_327,0.1284
PRD00008,HP Headphones 7722,Electronics,Headphones,HP,12803.57,13884.41,Supplier_462,0.0778
PRD00009,OnePlus Headphones 9726,Electronics,Headphones,OnePlus,3739.4,5699.82,Supplier_154,0.3439
PRD00010,LG Cables & Accessories 6402,Electronics,Cables & Accessories,LG,22868.95,27945.79,Supplier_437,0.1817
PRD00011,Apple Gaming 9517,Electronics,Gaming,Apple,11898.42,16048.63,Supplier_152,0.2586
PRD00012,Samsung Headphones 4597,Electronics,Headphones,Samsung,48898.33,67937.78,Supplier_005,0.2802
PRD00013,HP Smartphones 3870,Electronics,Smartphones,HP,41650.3,62657.85,Supplier_311,0.3353
PRD00014,Sony Smart Watches 2340,Electronics,Smart Watches,Sony,31849.06,43691.14,Supplier_322,0.271
PRD00015,Samsung Laptops 9595,Electronics,Laptops,Samsung,15481.2,19927.2,Supplier_187,0.2231
PRD00016,Apple Tablets 6907,Electronics,Tablets,Apple,45485.91,56109.51,Supplier_090,0.1893
PRD00017,OnePlus Cameras 6094,Electronics,Cameras,OnePlus,39336.31,58687.28,Supplier_272,0.3297
PRD00018,OnePlus Headphones 7994,Electronics,Headphones,OnePlus,12885.66,18911.05,Supplier_496,0.3186
PRD00019,Lenovo Headphones 1333,Electronics,Headphones,Lenovo,40221.42,52292.5,Supplier_073,0.2308
PRD00020,Dell Cameras 6092,Electronics,Cameras,Dell,48365.12,70523.9,Supplier_047,0.3142
PRD00021,Samsung Cables & Accessories 6138,Electronics,Cables & Accessories,Samsung,13259.71,15090.7,Supplier_345,0.1213
PRD00022,Dell Headphones 1875,Electronics,Headphones,Dell,41129.74,62596.88,Supplier_346,0.3429
PRD00023,HP Cameras 9298,Electronics,Cameras,HP,1299.98,1944.24,Supplier_168,0.3314
PRD00024,Apple Cameras 5051,Electronics,Cameras,Apple,31788.43,41267.92,Supplier_333,0.2297
PRD00025,Apple Cables & Accessories 5086,Electronics,Cables & Accessories,Apple,7031.86,10721.78,Supplier_253,0.3442
PRD00026,Apple Laptops 6467,Electronics,Laptops,Apple,11778.26,15696.26,Supplier_233,0.2496
PRD00027,Dell Smart Watches 6897,Electronics,Smart Watches,Dell,29387.65,41774.59,Supplier_336,0.2965
PRD00028,HP Laptops 4683,Electronics,Laptops,HP,30801.83,46860.52,Supplier_017,0.3427
PRD00029,Sony Smart Watches 6042,Electronics,Smart Watches,Sony,22196.99,33889.5,Supplier_051,0.345
PRD00030,Lenovo Smart Watches 2101,Electronics,Smart Watches,Lenovo,3074.48,3719.09,Supplier_486,0.1733
PRD00031,Apple Gaming 9883,Electronics,Gaming,Apple,33155.3,45807.4,Supplier_498,0.2762
PRD00032,Samsung Smartphones 2163,Electronics,Smartphones,Samsung,39350.39,47003.15,Supplier_403,0.1628
PRD00033,Apple Cameras 9707,Electronics,Cameras,Apple,41499.4,55629.02,Supplier_111,0.254
PRD00034,Lenovo Cameras 9864,Electronics,Cameras,Lenovo,38729.71,56183.74,Supplier_002,0.3107
PRD00035,OnePlus Headphones 2958,Electronics,Headphones,OnePlus,49376.99,65864.03,Supplier_057,0.2503
PRD00036,OnePlus Smartphones 3998,Electronics,Smartphones,OnePlus,792.27,1149.82,Supplier_302,0.311
PRD00037,Samsung Smart Watches 6997,Electronics,Smart Watches,Samsung,8753.6,9669.47,Supplier_270,0.0947
PRD00038,Apple Laptops 8508,Electronics,Laptops,Apple,23838.49,34462.54,Supplier_304,0.3083
PRD00039,HP Laptops 810,Electronics,Laptops,HP,25216.74,38439.02,Supplier_373,0.344
PRD00040,HP Headphones 7947,Electronics,Headphones,HP,32184.87,35230.87,Supplier_434,0.0865
PRD00041,Dell Cables & Accessories 7367,Electronics,Cables & Accessories,Dell,34320.57,44974.58,Supplier_038,0.2369
PRD00042,Lenovo Laptops 4605,Electronics,Laptops,Lenovo,30434.46,33808.75,Supplier_320,0.0998
PRD00043,Dell Smart Watches 7533,Electronics,Smart Watches,Dell,49731.66,66111.36,Supplier_259,0.2478
PRD00044,Apple Cables & Accessories 9133,Electronics,Cables & Accessories,Apple,39665.15,44971.34,Supplier_370,0.118
PRD00045,Dell Cameras 5653,Electronics,Cameras,Dell,22605.17,26841.2,Supplier_424,0.1578
PRD00046,Dell Gaming 7092,Electronics,Gaming,Dell,20828.68,23425.82,Supplier_161,0.1109
PRD00047,Lenovo Headphones 7870,Electronics,Headphones,Lenovo,47681.95,66888.52,Supplier_035,0.2871
PRD00048,Apple Laptops 6205,Electronics,Laptops,Apple,4706.84,5297.01,Supplier_416,0.1114
PRD00049,Samsung Tablets 5500,Electronics,Tablets,Samsung,29343.93,39436.65,Supplier_344,0.2559
PRD00050,Dell Laptops 7029,Electronics,Laptops,Dell,17712.22,24667.99,Supplier_445,0.282
PRD00051,LG Smartphones 9568,Electronics,Smartphones,LG,30040.48,37408.62,Supplier_260,0.197
PRD00052,OnePlus Cameras 1873,Electronics,Cameras,OnePlus,32853.98,38944.95,Supplier_180,0.1564
PRD00053,Apple Smart Watches 7130,Electronics,Smart Watches,Apple,38142.15,51485.3,Supplier_433,0.2592
PRD00054,LG Smartphones 5162,Electronics,Smartphones,LG,1496.21,1808.08,Supplier_472,0.1725
PRD00055,Lenovo Smart Watches 9378,Electronics,Smart Watches,Lenovo,354.98,528.51,Supplier_337,0.3283
PRD00056,Apple Cables & Accessories 602,Electronics,Cables & Accessories,Apple,7136.64,9831.37,Supplier_047,0.2741
PRD00057,Dell Cameras 6162,Electronics,Cameras,Dell,21020.63,26070.23,Supplier_160,0.1937
PRD00058,Apple Smart Watches 915,Electronics,Smart Watches,Apple,44172.94,50936.81,Supplier_346,0.1328
PRD00059,LG Laptops 7342,Electronics,Laptops,LG,22183.49,28379.05,Supplier_213,0.2183
PRD00060,Sony Headphones 7143,Electronics,Headphones,Sony,37759.41,42800.07,Supplier_057,0.1178
PRD00061,HP Headphones 3712,Electronics,Headphones,HP,26370.36,32302.56,Supplier_203,0.1836
PRD00062,Samsung Smartphones 2348,Electronics,Smartphones,Samsung,10260.94,15640.77,Supplier_392,0.344
PRD00063,LG Headphones 7155,Electronics,Headphones,LG,16439.71,17814.61,Supplier_090,0.0772
PRD00064,Dell Tablets 9254,Electronics,Tablets,Dell,26652.49,31667.21,Supplier_427,0.1584
PRD00065,Apple Smart Watches 7247,Electronics,Smart Watches,Apple,19883.71,28409.04,Supplier_010,0.3001
PRD00066,Apple Gaming 9494,Electronics,Gaming,Apple,43112.4,58227.9,Supplier_208,0.2596
PRD00067,LG Cables & Accessories 5421,Electronics,Cables & Accessories,LG,5802.91,6324.03,Supplier_088,0.0824
PRD00068,Lenovo Gaming 4086,Electronics,Gaming,Lenovo,4452.09,6575.33,Supplier_224,0.3229
PRD00069,Apple Cables & Accessories 5662,Electronics,Cables & Accessories,Apple,19818.55,24294.15,Supplier_114,0.1842
PRD00070,OnePlus Smart Watches 8793,Electronics,Smart Watches,OnePlus,3865.15,5324.69,Supplier_262,0.2741
PRD00071,Lenovo Cameras 2519,Electronics,Cameras,Lenovo,17587.43,26915.19,Supplier_121,0.3466
PRD00072,OnePlus Laptops 2604,Electronics,Laptops,OnePlus,12835.61,14909.13,Supplier_390,0.1391
PRD00073,OnePlus Laptops 7701,Electronics,Laptops,OnePlus,47567.04,65411.15,Supplier_387,0.2728
PRD00074,Lenovo Gaming 2573,Electronics,Gaming,Lenovo,43219.13,59417.32,Supplier_226,0.2726
PRD00075,HP Laptops 4600,Electronics,Laptops,HP,22138.29,27060.2,Supplier_303,0.1819
PRD00076,Lenovo Smartphones 7504,Electronics,Smartphones,Lenovo,25391.48,31127.2,Supplier_020,0.1843
PRD00077,Lenovo Smartphones 1579,Electronics,Smartphones,Lenovo,41593.25,46420.71,Supplier_315,0.104
PRD00078,HP Cables & Accessories 772,Electronics,Cables & Accessories,HP,29037.45,44383.42,Supplier_231,0.3458
PRD00079,Lenovo Cameras 1113,Electronics,Cameras,Lenovo,30270.04,39824.56,Supplier_231,0.2399
PRD00080,Lenovo Laptops 2927,Electronics,Laptops,Lenovo,49120.16,54996.64,Supplier_021,0.1069
PRD00081,HP Cameras 2700,Electronics,Cameras,HP,49549.75,65718.44,Supplier_187,0.246
PRD00082,LG Smart Watches 9895,Electronics,Smart Watches,LG,19401.46,28015.68,Supplier_027,0.3075
PRD00083,Apple Smart Watches 6433,Electronics,Smart Watches,Apple,16518.05,22171.23,Supplier_146,0.255
PRD00084,OnePlus Headphones 2417,Electronics,Headphones,OnePlus,16701.43,22611.86,Supplier_470,0.2614
PRD00085,LG Smart Watches 6521,Electronics,Smart Watches,LG,48386.44,68141.93,Supplier_067,0.2899
PRD00086,LG Laptops 5481,Electronics,Laptops,LG,27968.16,38664.35,Supplier_417,0.2766
PRD00087,Apple Tablets 6028,Electronics,Tablets,Apple,32318.94,41335.96,Supplier_010,0.2181
PRD00088,LG Smart Watches 8067,Electronics,Smart Watches,LG,9054.13,10689.94,Supplier_099,0.153
PRD00089,OnePlus Cameras 1757,Electronics,Cameras,OnePlus,7789.51,9495.59,Supplier_260,0.1797
PRD00090,Lenovo Smartphones 9885,Electronics,Smartphones,Lenovo,43825.82,60062.18,Supplier_193,0.2703
PRD00091,OnePlus Tablets 2812,Electronics,Tablets,OnePlus,9083.26,12767.77,Supplier_370,0.2886
PRD00092,Samsung Gaming 3991,Electronics,Gaming,Samsung,20572.39,28757.95,Supplier_497,0.2846
PRD00093,LG Gaming 3933,Electronics,Gaming,LG,37631.94,54505.58,Supplier_274,0.3096
PRD00094,LG Cameras 3278,Electronics,Cameras,LG,48281.55,69943.26,Supplier_189,0.3097
PRD00095,HP Gaming 8339,Electronics,Gaming,HP,38483.46,55636.24,Supplier_271,0.3083
PRD00096,OnePlus Cables & Accessories 2367,Electronics,Cables & Accessories,OnePlus,40853.72,59507.19,Supplier_447,0.3135
PRD00097,Samsung Headphones 9185,Electronics,Headphones,Samsung,32076.89,47821.35,Supplier_479,0.3292
PRD00098,Apple Laptops 4569,Electronics,Laptops,Apple,14288.9,20556.94,Supplier_231,0.3049
PRD00099,Dell Tablets 7491,Electronics,Tablets,Dell,4631.09,6983.39,Supplier_453,0.3368
PRD00100,Samsung Smart Watches 6226,Electronics,Smart Watches,Samsung,20774.1,26306.94,Supplier_121,0.2103
PRD00101,Apple Cables & Accessories 1723,Electronics,Cables & Accessories,Apple,18776.89,20527.8,Supplier_430,0.0853
PRD00102,OnePlus Smart Watches 7840,Electronics,Smart Watches,OnePlus,6923.1,8410.41,Supplier_357,0.1768
PRD00103,HP Tablets 1398,Electronics,Tablets,HP,22457.64,24309.68,Supplier_010,0.0762
PRD00104,Sony Headphones 8747,Electronics,Headphones,Sony,41756.41,55867.49,Supplier_217,0.2526
PRD00105,LG Laptops 4006,Electronics,Laptops,LG,11920.13,13556.39,Supplier_215,0.1207
PRD00106,Apple Gaming 9876,Electronics,Gaming,Apple,5587.35,8411.3,Supplier_275,0.3357
PRD00107,Sony Smartphones 125,Electronics,Smartphones,Sony,35941.29,43736.88,Supplier_315,0.1782
PRD00108,Sony Smart Watches 1502,Electronics,Smart Watches,Sony,28554.65,33352.9,Supplier_269,0.1439
PRD00109,Apple Smart Watches 8416,Electronics,Smart Watches,Apple,47672.51,63677.05,Supplier_284,0.2513
PRD00110,Dell Smartphones 6438,Electronics,Smartphones,Dell,43672.91,48060.34,Supplier_192,0.0913
PRD00111,Samsung Headphones 4050,Electronics,Headphones,Samsung,17886.84,19885.75,Supplier_376,0.1005
PRD00112,Lenovo Laptops 5646,Electronics,Laptops,Lenovo,6713.81,8362.59,Supplier_417,0.1972
PRD00113,HP Tablets 3086,Electronics,Tablets,HP,49041.92,63995.27,Supplier_416,0.2337
PRD00114,Apple Tablets 705,Electronics,Tablets,Apple,35816.45,54566.16,Supplier_151,0.3436
PRD00115,Samsung Cameras 5270,Electronics,Cameras,Samsung,39565.91,59203.32,Supplier_478,0.3317
PRD00116,Dell Headphones 4250,Electronics,Headphones,Dell,49456.68,66035.77,Supplier_019,0.2511
PRD00117,LG Cameras 5538,Electronics,Cameras,LG,17880.86,25873.52,Supplier_140,0.3089
PRD00118,Lenovo Laptops 7304,Electronics,Laptops,Lenovo,21875.72,27738.64,Supplier_459,0.2114
PRD00119,Lenovo Cables & Accessories 8251,Electronics,Cables & Accessories,Lenovo,48687.49,63937.17,Supplier_189,0.2385
PRD00120,Apple Headphones 9970,Electronics,Headphones,Apple,36367.71,40626.21,Supplier_422,0.1048
PRD00121,LG Tablets 4943,Electronics,Tablets,LG,16094.51,17987.75,Supplier_157,0.1053
PRD00122,Dell Gaming 7425,Electronics,Gaming,Dell,8373.91,10790.93,Supplier_022,0.224
PRD00123,Dell Smart Watches 1039,Electronics,Smart Watches,Dell,13764.04,21205.06,Supplier_039,0.3509
PRD00124,Lenovo Cables & Accessories 2721,Electronics,Cables & Accessories,Lenovo,25678.65,36783.43,Supplier_488,0.3019
PRD00125,OnePlus Smartphones 7279,Electronics,Smartphones,OnePlus,42441.03,59362.34,Supplier_018,0.2851
PRD00126,Apple Tablets 6033,Electronics,Tablets,Apple,11837.97,16374.59,Supplier_197,0.2771
PRD00127,OnePlus Smartphones 6195,Electronics,Smartphones,OnePlus,33969.15,51835.12,Supplier_228,0.3447
PRD00128,OnePlus Laptops 4666,Electronics,Laptops,OnePlus,26496.52,33573.1,Supplier_128,0.2108
PRD00129,Samsung Laptops 6440,Electronics,Laptops,Samsung,36796.96,48371.47,Supplier_468,0.2393
PRD00130,LG Laptops 3615,Electronics,Laptops,LG,38759.48,54685.66,Supplier_314,0.2912
PRD00131,HP Headphones 1313,Electronics,Headphones,HP,10048.91,11493.87,Supplier_232,0.1257
PRD00132,HP Tablets 5336,Electronics,Tablets,HP,49863.26,72847.29,Supplier_342,0.3155
PRD00133,Apple Smart Watches 5014,Electronics,Smart Watches,Apple,27522.36,33480.13,Supplier_436,0.1779
PRD00134,OnePlus Tablets 2088,Electronics,Tablets,OnePlus,39695.13,52362.45,Supplier_103,0.2419
PRD00135,Sony Tablets 9177,Electronics,Tablets,Sony,39529.13,43179.78,Supplier_294,0.0845
PRD00136,HP Smart Watches 1512,Electronics,Smart Watches,HP,40192.9,53829.31,Supplier_034,0.2533
PRD00137,Dell Headphones 8712,Electronics,Headphones,Dell,49979.77,70864.75,Supplier_211,0.2947
PRD00138,Apple Cables & Accessories 1315,Electronics,Cables & Accessories,Apple,6310.07,7755.09,Supplier_231,0.1863
PRD00139,Lenovo Gaming 9132,Electronics,Gaming,Lenovo,6460.31,9494.43,Supplier_328,0.3196
PRD00140,OnePlus Tablets 1007,Electronics,Tablets,OnePlus,21659.28,32662.95,Supplier_426,0.3369
PRD00141,OnePlus Laptops 3794,Electronics,Laptops,OnePlus,15241.02,17620.52,Supplier_178,0.135
PRD00142,Apple Headphones 9124,Electronics,Headphones,Apple,12567.74,17324.34,Supplier_141,0.2746
PRD00143,LG Tablets 2862,Electronics,Tablets,LG,30740.69,34549.81,Supplier_304,0.1103
PRD00144,OnePlus Tablets 5631,Electronics,Tablets,OnePlus,32953.71,46751.34,Supplier_432,0.2951
PRD00145,Samsung Smartphones 9549,Electronics,Smartphones,Samsung,4107.08,6266.65,Supplier_136,0.3446
PRD00146,Dell Cameras 9038,Electronics,Cameras,Dell,30924.52,33838.67,Supplier_149,0.0861
PRD00147,HP Headphones 6753,Electronics,Headphones,HP,12281.65,17924.51,Supplier_153,0.3148
PRD00148,Apple Gaming 6909,Electronics,Gaming,Apple,34446.25,39761.23,Supplier_248,0.1337
PRD00149,Sony Gaming 5331,Electronics,Gaming,Sony,17042.62,19556.82,Supplier_376,0.1286
PRD00150,Dell Smart Watches 9302,Electronics,Smart Watches,Dell,6581.77,8254.55,Supplier_055,0.2026
PRD00151,Sony Smart Watches 4161,Electronics,Smart Watches,Sony,23350.3,28153.73,Supplier_073,0.1706
PRD00152,Samsung Laptops 6950,Electronics,Laptops,Samsung,14546.09,18336.08,Supplier_128,0.2067
PRD00153,Lenovo Tablets 3210,Electronics,Tablets,Lenovo,46690.89,66251.12,Supplier_391,0.2952
PRD00154,HP Tablets 5155,Electronics,Tablets,HP,49798.67,64708.55,Supplier_255,0.2304
PRD00155,Apple Smartphones 4044,Electronics,Smartphones,Apple,47264.38,62273.6,Supplier_111,0.241
PRD00156,Samsung Smart Watches 7810,Electronics,Smart Watches,Samsung,2574.49,3379.28,Supplier_147,0.2382
PRD00157,Apple Smartphones 6092,Electronics,Smartphones,Apple,21574.84,32249.08,Supplier_392,0.331
PRD00158,Lenovo Cables & Accessories 9304,Electronics,Cables & Accessories,Lenovo,2309.86,2550.19,Supplier_100,0.0942
PRD00159,LG Smart Watches 9108,Electronics,Smart Watches,LG,3722.91,4903.07,Supplier_144,0.2407
PRD00160,OnePlus Laptops 5655,Electronics,Laptops,OnePlus,48755.39,61682.14,Supplier_286,0.2096
PRD00161,OnePlus Smart Watches 8293,Electronics,Smart Watches,OnePlus,9992.94,13183.56,Supplier_021,0.242
PRD00162,Samsung Smartphones 7861,Electronics,Smartphones,Samsung,6894.97,8525.83,Supplier_266,0.1913
PRD00163,OnePlus Gaming 5473,Electronics,Gaming,OnePlus,30332.71,40108.57,Supplier_477,0.2437
PRD00164,OnePlus Smart Watches 5002,Electronics,Smart Watches,OnePlus,19678.08,26954.15,Supplier_304,0.2699
PRD00165,HP Smart Watches 372,Electronics,Smart Watches,HP,35451.55,43282.85,Supplier_189,0.1809
PRD00166,Apple Smart Watches 536,Electronics,Smart Watches,Apple,48995.91,66357.12,Supplier_306,0.2616
PRD00167,LG Gaming 9577,Electronics,Gaming,LG,48355.18,70016.6,Supplier_296,0.3094
PRD00168,Samsung Cameras 6329,Electronics,Cameras,Samsung,29196.99,33872.62,Supplier_076,0.138
PRD00169,Samsung Cameras 3225,Electronics,Cameras,Samsung,28649.89,40374.71,Supplier_010,0.2904
PRD00170,Lenovo Gaming 3440,Electronics,Gaming,Lenovo,20968.08,26715.25,Supplier_211,0.2151
PRD00171,Samsung Gaming 9289,Electronics,Gaming,Samsung,35303.47,46734.07,Supplier_167,0.2446
PRD00172,Dell Gaming 8834,Electronics,Gaming,Dell,15721.94,18259.39,Supplier_176,0.139
PRD00173,LG Smart Watches 4138,Electronics,Smart Watches,LG,30523.33,35723.41,Supplier_143,0.1456
PRD00174,Sony Headphones 4835,Electronics,Headphones,Sony,47077.2,72577.15,Supplier_361,0.3513
PRD00175,HP Cameras 4580,Electronics,Cameras,HP,15886.19,19761.43,Supplier_148,0.1961
PRD00176,Dell Laptops 5754,Electronics,Laptops,Dell,44793.24,56682.72,Supplier_489,0.2098
PRD00177,LG Tablets 1394,Electronics,Tablets,LG,2151.22,3289.21,Supplier_178,0.346
PRD00178,LG Gaming 8924,Electronics,Gaming,LG,37379.56,44129.33,Supplier_139,0.153
PRD00179,OnePlus Headphones 4020,Electronics,Headphones,OnePlus,5505.87,7863.59,Supplier_125,0.2998
PRD00180,Sony Smartphones 6871,Electronics,Smartphones,Sony,31915.33,35255.93,Supplier_170,0.0948
PRD00181,Apple Gaming 9116,Electronics,Gaming,Apple,34075.54,39003.19,Supplier_476,0.1263
PRD00182,Dell Tablets 7893,Electronics,Tablets,Dell,32662.0,48793.9,Supplier_245,0.3306
PRD00183,LG Cameras 1565,Electronics,Cameras,LG,16092.33,22264.9,Supplier_334,0.2772
PRD00184,Samsung Cameras 2980,Electronics,Cameras,Samsung,45665.82,53076.49,Supplier_479,0.1396
PRD00185,Dell Smartphones 4842,Electronics,Smartphones,Dell,39408.63,46012.19,Supplier_449,0.1435
PRD00186,Samsung Smartphones 5589,Electronics,Smartphones,Samsung,14954.69,20387.85,Supplier_146,0.2665
PRD00187,HP Gaming 8361,Electronics,Gaming,HP,44468.54,50830.83,Supplier_240,0.1252
PRD00188,Sony Headphones 7618,Electronics,Headphones,Sony,40450.25,49973.11,Supplier_332,0.1906
PRD00189,OnePlus Headphones 4933,Electronics,Headphones,OnePlus,753.51,933.18,Supplier_291,0.1925
PRD00190,OnePlus Cameras 6743,Electronics,Cameras,OnePlus,30567.18,42188.86,Supplier_424,0.2755
PRD00191,Lenovo Cables & Accessories 3127,Electronics,Cables & Accessories,Lenovo,4382.55,6111.69,Supplier_072,0.2829
PRD00192,Lenovo Gaming 6384,Electronics,Gaming,Lenovo,46794.48,50688.26,Supplier_121,0.0768
PRD00193,LG Gaming 9486,Electronics,Gaming,LG,47704.04,58290.26,Supplier_006,0.1816
PRD00194,Lenovo Headphones 2036,Electronics,Headphones,Lenovo,34653.79,38437.93,Supplier_239,0.0984
PRD00195,OnePlus Headphones 5195,Electronics,Headphones,OnePlus,20300.56,26719.28,Supplier_354,0.2402
PRD00196,LG Laptops 2288,Electronics,Laptops,LG,18408.82,21792.35,Supplier_245,0.1553
PRD00197,HP Tablets 6913,Electronics,Tablets,HP,37399.36,51038.81,Supplier_360,0.2672
PRD00198,Sony Gaming 9861,Electronics,Gaming,Sony,38104.89,53337.73,Supplier_448,0.2856
PRD00199,HP Laptops 9343,Electronics,Laptops,HP,26432.25,33041.34,Supplier_058,0.2
PRD00200,Sony Smartphones 5475,Electronics,Smartphones,Sony,28656.45,32967.26,Supplier_438,0.1308
PRD00201,Apple Gaming 8108,Electronics,Gaming,Apple,34030.75,48219.92,Supplier_047,0.2943
PRD00202,Samsung Gaming 7584,Electronics,Gaming,Samsung,22698.94,29990.44,Supplier_289,0.2431
PRD00203,HP Smartphones 456,Electronics,Smartphones,HP,33654.75,41221.67,Supplier_203,0.1836
PRD00204,Samsung Headphones 842,Electronics,Headphones,Samsung,37302.93,50426.34,Supplier_217,0.2602
PRD00205,Apple Smart Watches 1230,Electronics,Smart Watches,Apple,27081.12,30014.55,Supplier_479,0.0977
PRD00206,Samsung Gaming 2318,Electronics,Gaming,Samsung,14390.18,16758.68,Supplier_393,0.1413
PRD00207,Lenovo Cables & Accessories 6284,Electronics,Cables & Accessories,Lenovo,49643.19,62538.77,Supplier_193,0.2062
PRD00208,OnePlus Laptops 3024,Electronics,Laptops,OnePlus,32694.03,40653.45,Supplier_276,0.1958
PRD00209,OnePlus Cables & Accessories 156,Electronics,Cables & Accessories,OnePlus,36406.51,43129.5,Supplier_388,0.1559
PRD00210,LG Smartphones 7048,Electronics,Smartphones,LG,23177.04,32864.44,Supplier_273,0.2948
PRD00211,Sony Cables & Accessories 4616,Electronics,Cables & Accessories,Sony,12413.23,15425.86,Supplier_097,0.1953
PRD00212,Samsung Laptops 356,Electronics,Laptops,Samsung,40483.44,51699.1,Supplier_124,0.2169
PRD00213,Apple Cameras 9894,Electronics,Cameras,Apple,5089.79,5577.29,Supplier_345,0.0874
PRD00214,Sony Smartphones 3939,Electronics,Smartphones,Sony,37040.03,47006.2,Supplier_277,0.212
PRD00215,Samsung Cameras 3936,Electronics,Cameras,Samsung,7049.77,10905.55,Supplier_418,0.3536
PRD00216,Lenovo Smart Watches 8640,Electronics,Smart Watches,Lenovo,11883.36,17728.09,Supplier_114,0.3297
PRD00217,LG Cables & Accessories 9793,Electronics,Cables & Accessories,LG,13793.94,18506.74,Supplier_451,0.2547
PRD00218,Dell Tablets 5742,Electronics,Tablets,Dell,27814.74,30652.83,Supplier_483,0.0926
PRD00219,Lenovo Cables & Accessories 5013,Electronics,Cables & Accessories,Lenovo,34830.6,44300.41,Supplier_193,0.2138
PRD00220,HP Tablets 2465,Electronics,Tablets,HP,12086.36,14333.36,Supplier_413,0.1568
PRD00221,Samsung Gaming 9230,Electronics,Gaming,Samsung,28141.18,43192.76,Supplier_272,0.3485
PRD00222,Dell Tablets 1395,Electronics,Tablets,Dell,12180.78,14319.34,Supplier_473,0.1493
PRD00223,Lenovo Gaming 3220,Electronics,Gaming,Lenovo,4668.58,6631.97,Supplier_027,0.296
PRD00224,Dell Headphones 1292,Electronics,Headphones,Dell,33699.91,45945.56,Supplier_097,0.2665
PRD00225,HP Cameras 5067,Electronics,Cameras,HP,10484.01,15792.12,Supplier_490,0.3361
PRD00226,Sony Smartphones 2022,Electronics,Smartphones,Sony,46861.13,71799.52,Supplier_383,0.3473
PRD00227,Sony Gaming 6598,Electronics,Gaming,Sony,34796.53,49089.94,Supplier_469,0.2912
PRD00228,Lenovo Cameras 8843,Electronics,Cameras,Lenovo,38786.92,48829.28,Supplier_333,0.2057
PRD00229,LG Smart Watches 8247,Electronics,Smart Watches,LG,13115.0,17325.23,Supplier_239,0.243
PRD00230,HP Laptops 3428,Electronics,Laptops,HP,38093.37,46874.26,Supplier_190,0.1873
PRD00231,Dell Smart Watches 2490,Electronics,Smart Watches,Dell,2333.49,3467.85,Supplier_009,0.3271
PRD00232,Dell Headphones 3868,Electronics,Headphones,Dell,14794.85,17342.67,Supplier_195,0.1469
PRD00233,HP Cameras 5630,Electronics,Cameras,HP,27554.59,41977.44,Supplier_132,0.3436
PRD00234,HP Gaming 5870,Electronics,Gaming,HP,23068.41,32858.71,Supplier_087,0.298
PRD00235,HP Tablets 1062,Electronics,Tablets,HP,9243.19,13846.31,Supplier_269,0.3324
PRD00236,Apple Smartphones 204,Electronics,Smartphones,Apple,47262.15,65886.33,Supplier_212,0.2827
PRD00237,Sony Tablets 3683,Electronics,Tablets,Sony,3445.0,3965.14,Supplier_259,0.1312
PRD00238,Lenovo Gaming 8016,Electronics,Gaming,Lenovo,3069.48,4235.06,Supplier_338,0.2752
PRD00239,Samsung Gaming 294,Electronics,Gaming,Samsung,380.29,509.31,Supplier_009,0.2533
PRD00240,LG Headphones 7154,Electronics,Headphones,LG,906.27,1325.13,Supplier_413,0.3161
PRD00241,Apple Tablets 4048,Electronics,Tablets,Apple,45906.54,60893.24,Supplier_099,0.2461
PRD00242,Lenovo Headphones 6212,Electronics,Headphones,Lenovo,13402.87,16975.29,Supplier_492,0.2104
PRD00243,HP Cables & Accessories 3800,Electronics,Cables & Accessories,HP,28271.86,43691.6,Supplier_154,0.3529
PRD00244,Samsung Laptops 9155,Electronics,Laptops,Samsung,4720.35,5939.4,Supplier_244,0.2052
PRD00245,Samsung Smartphones 7209,Electronics,Smartphones,Samsung,35157.12,39335.98,Supplier_331,0.1062
PRD00246,Apple Smart Watches 3864,Electronics,Smart Watches,Apple,44744.82,67654.24,Supplier_109,0.3386
PRD00247,LG Gaming 4693,Electronics,Gaming,LG,2375.77,2648.85,Supplier_461,0.1031
PRD00248,OnePlus Smartphones 3494,Electronics,Smartphones,OnePlus,46441.88,57021.7,Supplier_301,0.1855
PRD00249,Dell Tablets 9339,Electronics,Tablets,Dell,46447.3,56696.37,Supplier_124,0.1808
PRD00250,Lenovo Cables & Accessories 1384,Electronics,Cables & Accessories,Lenovo,19223.12,27444.47,Supplier_257,0.2996
PRD00251,Samsung Smart Watches 1345,Electronics,Smart Watches,Samsung,4929.41,5861.6,Supplier_175,0.159
PRD00252,Lenovo Cables & Accessories 7481,Electronics,Cables & Accessories,Lenovo,1529.8,1848.71,Supplier_252,0.1725
PRD00253,Lenovo Cameras 3143,Electronics,Cameras,Lenovo,27674.23,34771.31,Supplier_349,0.2041
PRD00254,Apple Cables & Accessories 4137,Electronics,Cables & Accessories,Apple,38619.76,47070.86,Supplier_366,0.1795
PRD00255,Apple Laptops 2627,Electronics,Laptops,Apple,13435.2,16909.54,Supplier_379,0.2055
PRD00256,Lenovo Cables & Accessories 5150,Electronics,Cables & Accessories,Lenovo,18066.98,20289.48,Supplier_228,0.1095
PRD00257,LG Smart Watches 7161,Electronics,Smart Watches,LG,5156.46,5780.54,Supplier_230,0.108
PRD00258,Apple Cables & Accessories 1624,Electronics,Cables & Accessories,Apple,1361.78,1697.24,Supplier_306,0.1977
PRD00259,Dell Smart Watches 1487,Electronics,Smart Watches,Dell,666.41,849.33,Supplier_372,0.2154
PRD00260,OnePlus Cameras 4505,Electronics,Cameras,OnePlus,34281.53,39755.12,Supplier_155,0.1377
PRD00261,HP Headphones 4621,Electronics,Headphones,HP,7339.44,8503.38,Supplier_216,0.1369
PRD00262,HP Headphones 4140,Electronics,Headphones,HP,39144.2,48919.63,Supplier_370,0.1998
PRD00263,Sony Gaming 210,Electronics,Gaming,Sony,22920.19,26213.36,Supplier_486,0.1256
PRD00264,Lenovo Cables & Accessories 5499,Electronics,Cables & Accessories,Lenovo,42088.59,52970.52,Supplier_226,0.2054
PRD00265,Dell Smart Watches 9838,Electronics,Smart Watches,Dell,40783.0,60520.71,Supplier_070,0.3261
PRD00266,Lenovo Headphones 7948,Electronics,Headphones,Lenovo,30180.4,42457.41,Supplier_161,0.2892
PRD00267,Dell Tablets 8144,Electronics,Tablets,Dell,48437.82,58947.89,Supplier_496,0.1783
PRD00268,Lenovo Cameras 6537,Electronics,Cameras,Lenovo,18833.96,27568.25,Supplier_187,0.3168
PRD00269,Sony Laptops 9112,Electronics,Laptops,Sony,29631.74,39601.21,Supplier_014,0.2517
PRD00270,Sony Gaming 1233,Electronics,Gaming,Sony,21950.82,26712.52,Supplier_420,0.1783
PRD00271,HP Cables & Accessories 4239,Electronics,Cables & Accessories,HP,7002.0,8558.76,Supplier_338,0.1819
PRD00272,Dell Tablets 9896,Electronics,Tablets,Dell,39464.38,43993.45,Supplier_246,0.1029
PRD00273,Dell Cables & Accessories 5990,Electronics,Cables & Accessories,Dell,27205.08,39491.95,Supplier_360,0.3111
PRD00274,Apple Laptops 5916,Electronics,Laptops,Apple,38459.25,53422.7,Supplier_086,0.2801
PRD00275,Dell Smartphones 7152,Electronics,Smartphones,Dell,48342.22,59743.75,Supplier_055,0.1908
PRD00276,Apple Smartphones 8599,Electronics,Smartphones,Apple,12973.98,17125.88,Supplier_286,0.2424
PRD00277,HP Cameras 9743,Electronics,Cameras,HP,18737.27,24314.23,Supplier_354,0.2294
PRD00278,Lenovo Tablets 4940,Electronics,Tablets,Lenovo,49885.25,65195.15,Supplier_213,0.2348
PRD00279,Apple Laptops 5807,Electronics,Laptops,Apple,41574.32,59167.36,Supplier_160,0.2973
PRD00280,HP Smart Watches 5806,Electronics,Smart Watches,HP,39224.29,51969.2,Supplier_244,0.2452
PRD00281,HP Laptops 1200,Electronics,Laptops,HP,36113.6,46682.25,Supplier_154,0.2264
PRD00282,Apple Smartphones 1891,Electronics,Smartphones,Apple,1178.13,1462.35,Supplier_347,0.1944
PRD00283,Sony Tablets 5522,Electronics,Tablets,Sony,25823.9,34588.48,Supplier_287,0.2534
PRD00284,HP Cables & Accessories 3122,Electronics,Cables & Accessories,HP,11631.18,14775.93,Supplier_096,0.2128
PRD00285,Dell Cables & Accessories 3332,Electronics,Cables & Accessories,Dell,1508.15,2064.1,Supplier_231,0.2693
PRD00286,Dell Cables & Accessories 4660,Electronics,Cables & Accessories,Dell,272.28,321.55,Supplier_386,0.1532
PRD00287,Apple Laptops 6093,Electronics,Laptops,Apple,39985.14,53273.71,Supplier_167,0.2494
PRD00288,HP Cameras 8119,Electronics,Cameras,HP,5742.05,8011.48,Supplier_271,0.2833
PRD00289,Dell Smart Watches 5800,Electronics,Smart Watches,Dell,30584.86,41469.77,Supplier_181,0.2625
PRD00290,OnePlus Gaming 4973,Electronics,Gaming,OnePlus,40696.23,57455.53,Supplier_471,0.2917
PRD00291,OnePlus Laptops 2016,Electronics,Laptops,OnePlus,15693.63,18708.83,Supplier_094,0.1612
PRD00292,OnePlus Smart Watches 2358,Electronics,Smart Watches,OnePlus,25565.7,32636.47,Supplier_295,0.2167
PRD00293,Dell Cables & Accessories 2938,Electronics,Cables & Accessories,Dell,9328.4,12860.93,Supplier_285,0.2747
PRD00294,HP Tablets 7489,Electronics,Tablets,HP,14477.3,16908.56,Supplier_318,0.1438
PRD00295,Lenovo Smartphones 3296,Electronics,Smartphones,Lenovo,47594.51,62242.49,Supplier_418,0.2353
PRD00296,HP Cables & Accessories 7372,Electronics,Cables & Accessories,HP,20486.26,26859.76,Supplier_251,0.2373
PRD00297,Apple Tablets 3713,Electronics,Tablets,Apple,28291.62,41137.83,Supplier_150,0.3123
PRD00298,LG Smartphones 7592,Electronics,Smartphones,LG,11280.93,13713.95,Supplier_290,0.1774
PRD00299,Apple Gaming 8998,Electronics,Gaming,Apple,28657.07,34557.78,Supplier_422,0.1707
PRD00300,Samsung Smart Watches 3680,Electronics,Smart Watches,Samsung,38012.21,48938.53,Supplier_218,0.2233
PRD00301,Sony Laptops 7468,Electronics,Laptops,Sony,14920.56,23122.05,Supplier_135,0.3547
PRD00302,Apple Smart Watches 3982,Electronics,Smart Watches,Apple,21981.54,34008.96,Supplier_108,0.3537
PRD00303,Dell Smart Watches 3485,Electronics,Smart Watches,Dell,8340.78,9553.87,Supplier_417,0.127
PRD00304,Samsung Cameras 9878,Electronics,Cameras,Samsung,28525.21,37943.43,Supplier_276,0.2482
PRD00305,Lenovo Tablets 9483,Electronics,Tablets,Lenovo,48951.06,59599.79,Supplier_137,0.1787
PRD00306,OnePlus Laptops 1071,Electronics,Laptops,OnePlus,48140.46,69768.76,Supplier_142,0.31
PRD00307,OnePlus Tablets 4155,Electronics,Tablets,OnePlus,12521.38,17709.68,Supplier_390,0.293
PRD00308,HP Cables & Accessories 6886,Electronics,Cables & Accessories,HP,7151.47,9849.21,Supplier_193,0.2739
PRD00309,Apple Gaming 1625,Electronics,Gaming,Apple,31699.71,47348.55,Supplier_207,0.3305
PRD00310,Lenovo Headphones 9634,Electronics,Headphones,Lenovo,22762.05,29804.19,Supplier_002,0.2363
PRD00311,HP Laptops 1137,Electronics,Laptops,HP,31760.29,44709.78,Supplier_408,0.2896
PRD00312,Sony Cables & Accessories 8205,Electronics,Cables & Accessories,Sony,48408.02,71047.41,Supplier_138,0.3187
PRD00313,LG Smart Watches 9375,Electronics,Smart Watches,LG,16920.87,22870.74,Supplier_437,0.2602
PRD00314,Lenovo Gaming 852,Electronics,Gaming,Lenovo,44713.03,64308.94,Supplier_051,0.3047
PRD00315,Samsung Gaming 7330,Electronics,Gaming,Samsung,6255.65,9277.73,Supplier_234,0.3257
PRD00316,Dell Smartphones 2261,Electronics,Smartphones,Dell,10155.79,14255.05,Supplier_452,0.2876
PRD00317,OnePlus Headphones 1629,Electronics,Headphones,OnePlus,43727.45,65241.34,Supplier_336,0.3298
PRD00318,LG Smart Watches 2811,Electronics,Smart Watches,LG,4166.91,5801.67,Supplier_027,0.2818
PRD00319,LG Cables & Accessories 7132,Electronics,Cables & Accessories,LG,36313.12,52107.84,Supplier_336,0.3031
PRD00320,Apple Laptops 2274,Electronics,Laptops,Apple,104.26,135.97,Supplier_304,0.2332
PRD00321,HP Cameras 2075,Electronics,Cameras,HP,513.88,722.99,Supplier_441,0.2892
PRD00322,OnePlus Cables & Accessories 1563,Electronics,Cables & Accessories,OnePlus,23911.13,28396.98,Supplier_375,0.158
PRD00323,Apple Laptops 2346,Electronics,Laptops,Apple,15701.91,23459.67,Supplier_196,0.3307
PRD00324,OnePlus Tablets 2788,Electronics,Tablets,OnePlus,3467.16,4662.45,Supplier_226,0.2564
PRD00325,Sony Smart Watches 6845,Electronics,Smart Watches,Sony,31422.6,36172.0,Supplier_316,0.1313
PRD00326,Sony Gaming 2117,Electronics,Gaming,Sony,4380.07,4937.3,Supplier_302,0.1129
PRD00327,Lenovo Cables & Accessories 2390,Electronics,Cables & Accessories,Lenovo,48164.27,59136.9,Supplier_127,0.1855
PRD00328,Apple Headphones 4768,Electronics,Headphones,Apple,12445.94,16957.21,Supplier_399,0.266
PRD00329,LG Smartphones 3190,Electronics,Smartphones,LG,10312.01,14078.53,Supplier_383,0.2675
PRD00330,LG Cables & Accessories 4021,Electronics,Cables & Accessories,LG,32326.18,46820.81,Supplier_254,0.3096
PRD00331,Apple Cables & Accessories 1263,Electronics,Cables & Accessories,Apple,12092.03,16685.78,Supplier_271,0.2753
PRD00332,Lenovo Smartphones 9412,Electronics,Smartphones,Lenovo,46699.52,53332.34,Supplier_216,0.1244
PRD00333,OnePlus Smart Watches 1295,Electronics,Smart Watches,OnePlus,38148.16,58313.01,Supplier_009,0.3458
PRD00334,Samsung Laptops 1090,Electronics,Laptops,Samsung,13146.15,14443.92,Supplier_486,0.0898
PRD00335,LG Cables & Accessories 6906,Electronics,Cables & Accessories,LG,31447.11,41368.45,Supplier_217,0.2398
PRD00336,Apple Cables & Accessories 2601,Electronics,Cables & Accessories,Apple,32044.84,42706.09,Supplier_143,0.2496
PRD00337,LG Laptops 2645,Electronics,Laptops,LG,3997.13,6047.0,Supplier_275,0.339
PRD00338,Dell Smart Watches 1183,Electronics,Smart Watches,Dell,29342.54,42215.56,Supplier_159,0.3049
PRD00339,Sony Cables & Accessories 7218,Electronics,Cables & Accessories,Sony,2942.4,3297.02,Supplier_060,0.1076
PRD00340,Samsung Gaming 2977,Electronics,Gaming,Samsung,15499.04,22141.87,Supplier_062,0.3
PRD00341,OnePlus Smartphones 5780,Electronics,Smartphones,OnePlus,35089.91,40599.07,Supplier_268,0.1357
PRD00342,OnePlus Headphones 4503,Electronics,Headphones,OnePlus,18624.88,26678.18,Supplier_376,0.3019
PRD00343,Samsung Laptops 8682,Electronics,Laptops,Samsung,16783.8,21513.18,Supplier_033,0.2198
PRD00344,Apple Headphones 1008,Electronics,Headphones,Apple,24832.57,32780.67,Supplier_256,0.2425
PRD00345,Lenovo Tablets 9502,Electronics,Tablets,Lenovo,7907.63,11414.38,Supplier_346,0.3072
PRD00346,Sony Laptops 301,Electronics,Laptops,Sony,37051.96,40060.85,Supplier_126,0.0751
PRD00347,HP Smartphones 3032,Electronics,Smartphones,HP,18230.63,27573.95,Supplier_477,0.3388
PRD00348,Dell Smartphones 5341,Electronics,Smartphones,Dell,11264.54,13480.09,Supplier_139,0.1644
PRD00349,Lenovo Laptops 962,Electronics,Laptops,Lenovo,6014.08,8398.44,Supplier_092,0.2839
PRD00350,Samsung Cameras 7720,Electronics,Cameras,Samsung,47706.27,53068.24,Supplier_444,0.101
PRD00351,LG Headphones 230,Electronics,Headphones,LG,16398.68,21973.46,Supplier_189,0.2537
PRD00352,LG Cameras 4074,Electronics,Cameras,LG,28212.15,34498.87,Supplier_238,0.1822
PRD00353,HP Smart Watches 9054,Electronics,Smart Watches,HP,49889.47,72073.64,Supplier_390,0.3078
PRD00354,OnePlus Cameras 3917,Electronics,Cameras,OnePlus,368.58,469.1,Supplier_278,0.2143
PRD00355,Samsung Smart Watches 6264,Electronics,Smart Watches,Samsung,47551.96,51388.79,Supplier_435,0.0747
PRD00356,Apple Headphones 6978,Electronics,Headphones,Apple,10299.46,15882.43,Supplier_252,0.3515
PRD00357,OnePlus Smartphones 3892,Electronics,Smartphones,OnePlus,35597.04,40001.2,Supplier_460,0.1101
PRD00358,Lenovo Cables & Accessories 9615,Electronics,Cables & Accessories,Lenovo,22949.98,32853.19,Supplier_049,0.3014
PRD00359,Dell Tablets 7226,Electronics,Tablets,Dell,3787.78,5101.67,Supplier_340,0.2575
PRD00360,Sony Tablets 6538,Electronics,Tablets,Sony,14619.22,21635.41,Supplier_359,0.3243
PRD00361,Lenovo Smart Watches 3421,Electronics,Smart Watches,Lenovo,22665.25,26967.05,Supplier_070,0.1595
PRD00362,OnePlus Laptops 5245,Electronics,Laptops,OnePlus,5327.6,6879.51,Supplier_209,0.2256
PRD00363,Lenovo Laptops 5151,Electronics,Laptops,Lenovo,48233.5,56799.24,Supplier_238,0.1508
PRD00364,Apple Headphones 5084,Electronics,Headphones,Apple,4566.52,6665.16,Supplier_424,0.3149
PRD00365,Sony Smartphones 1594,Electronics,Smartphones,Sony,41804.44,51589.31,Supplier_365,0.1897
PRD00366,Lenovo Cameras 4996,Electronics,Cameras,Lenovo,19842.41,21886.31,Supplier_134,0.0934
PRD00367,Samsung Tablets 9208,Electronics,Tablets,Samsung,47607.23,70537.85,Supplier_384,0.3251
PRD00368,Apple Cameras 2390,Electronics,Cameras,Apple,23129.06,33718.27,Supplier_063,0.314
PRD00369,Samsung Smartphones 2241,Electronics,Smartphones,Samsung,41527.1,64026.76,Supplier_102,0.3514
PRD00370,Lenovo Cables & Accessories 1476,Electronics,Cables & Accessories,Lenovo,34329.95,52204.19,Supplier_299,0.3424
PRD00371,Apple Headphones 7365,Electronics,Headphones,Apple,1138.92,1264.54,Supplier_415,0.0993
PRD00372,Apple Tablets 5532,Electronics,Tablets,Apple,45258.64,66521.03,Supplier_063,0.3196
PRD00373,HP Smartphones 7196,Electronics,Smartphones,HP,2579.35,3906.02,Supplier_421,0.3396
PRD00374,HP Cables & Accessories 2931,Electronics,Cables & Accessories,HP,1522.64,2133.39,Supplier_182,0.2863
PRD00375,OnePlus Cameras 2535,Electronics,Cameras,OnePlus,13785.34,17777.92,Supplier_018,0.2246
PRD00376,LG Cameras 7948,Electronics,Cameras,LG,24969.64,37327.26,Supplier_032,0.3311
PRD00377,LG Laptops 8714,Electronics,Laptops,LG,19181.61,24495.69,Supplier_128,0.2169
PRD00378,Dell Smartphones 9021,Electronics,Smartphones,Dell,39106.69,48835.76,Supplier_401,0.1992
PRD00379,Lenovo Gaming 6463,Electronics,Gaming,Lenovo,45638.22,60065.59,Supplier_139,0.2402
PRD00380,Samsung Tablets 4702,Electronics,Tablets,Samsung,15977.93,18900.92,Supplier_030,0.1546
PRD00381,Lenovo Gaming 2715,Electronics,Gaming,Lenovo,38353.77,59441.24,Supplier_052,0.3548
PRD00382,Sony Cameras 1016,Electronics,Cameras,Sony,13363.02,19558.84,Supplier_392,0.3168
PRD00383,Dell Cameras 2946,Electronics,Cameras,Dell,17772.49,26204.37,Supplier_091,0.3218
PRD00384,Lenovo Cameras 9792,Electronics,Cameras,Lenovo,40320.2,56766.18,Supplier_015,0.2897
PRD00385,OnePlus Smart Watches 8164,Electronics,Smart Watches,OnePlus,28177.29,32924.31,Supplier_278,0.1442
PRD00386,OnePlus Headphones 3911,Electronics,Headphones,OnePlus,24547.3,27552.4,Supplier_309,0.1091
PRD00387,Samsung Cameras 3400,Electronics,Cameras,Samsung,26346.1,28462.25,Supplier_413,0.0743
PRD00388,Lenovo Tablets 5401,Electronics,Tablets,Lenovo,35861.03,54215.67,Supplier_031,0.3385
PRD00389,OnePlus Smartphones 1917,Electronics,Smartphones,OnePlus,29351.13,44352.36,Supplier_434,0.3382
PRD00390,Apple Smart Watches 6581,Electronics,Smart Watches,Apple,18710.86,28491.1,Supplier_301,0.3433
PRD00391,Lenovo Laptops 2680,Electronics,Laptops,Lenovo,15123.17,17302.91,Supplier_375,0.126
PRD00392,HP Cables & Accessories 9307,Electronics,Cables & Accessories,HP,32476.55,37733.7,Supplier_356,0.1393
PRD00393,Sony Smart Watches 6299,Electronics,Smart Watches,Sony,33293.31,48701.24,Supplier_158,0.3164
PRD00394,OnePlus Headphones 9485,Electronics,Headphones,OnePlus,8926.53,9648.2,Supplier_201,0.0748
PRD00395,OnePlus Smartphones 3719,Electronics,Smartphones,OnePlus,30139.31,45597.4,Supplier_328,0.339
PRD00396,HP Laptops 3999,Electronics,Laptops,HP,7075.14,10119.65,Supplier_178,0.3009
PRD00397,OnePlus Smart Watches 5600,Electronics,Smart Watches,OnePlus,31827.53,48780.38,Supplier_229,0.3475
PRD00398,LG Smartphones 5842,Electronics,Smartphones,LG,10523.73,14794.18,Supplier_132,0.2887
PRD00399,Samsung Laptops 6975,Electronics,Laptops,Samsung,2454.97,3157.0,Supplier_497,0.2224
PRD00400,Dell Tablets 9046,Electronics,Tablets,Dell,24679.45,31046.62,Supplier_193,0.2051
PRD00401,HP Laptops 3795,Electronics,Laptops,HP,39447.06,53320.04,Supplier_084,0.2602
PRD00402,Apple Gaming 428,Electronics,Gaming,Apple,39969.77,43795.04,Supplier_164,0.0873
PRD00403,Apple Headphones 6251,Electronics,Headphones,Apple,3756.31,4357.13,Supplier_083,0.1379
PRD00404,Apple Laptops 8009,Electronics,Laptops,Apple,16930.63,26125.31,Supplier_361,0.3519
PRD00405,Dell Smartphones 7213,Electronics,Smartphones,Dell,47124.99,54549.47,Supplier_081,0.1361
PRD00406,Apple Smartphones 6805,Electronics,Smartphones,Apple,16588.17,25512.06,Supplier_357,0.3498
PRD00407,LG Headphones 6537,Electronics,Headphones,LG,14905.16,16769.5,Supplier_293,0.1112
PRD00408,OnePlus Gaming 1535,Electronics,Gaming,OnePlus,2772.52,2999.29,Supplier_151,0.0756
PRD00409,Sony Gaming 4881,Electronics,Gaming,Sony,4894.5,5762.14,Supplier_042,0.1506
PRD00410,Apple Gaming 8113,Electronics,Gaming,Apple,15452.25,19575.06,Supplier_459,0.2106
PRD00411,Apple Headphones 6178,Electronics,Headphones,Apple,32111.23,40528.8,Supplier_454,0.2077
PRD00412,Lenovo Cables & Accessories 7304,Electronics,Cables & Accessories,Lenovo,9369.82,10315.89,Supplier_239,0.0917
PRD00413,Sony Headphones 2576,Electronics,Headphones,Sony,41862.08,56312.7,Supplier_386,0.2566
PRD00414,Apple Laptops 6882,Electronics,Laptops,Apple,33423.65,48793.34,Supplier_498,0.315
PRD00415,Samsung Cameras 6958,Electronics,Cameras,Samsung,42047.82,61585.36,Supplier_495,0.3172
PRD00416,Sony Gaming 668,Electronics,Gaming,Sony,23839.3,26631.09,Supplier_258,0.1048
PRD00417,Apple Tablets 2838,Electronics,Tablets,Apple,47465.28,61279.99,Supplier_498,0.2254
PRD00418,Sony Cameras 7233,Electronics,Cameras,Sony,6352.99,8125.39,Supplier_104,0.2181
PRD00419,LG Tablets 1197,Electronics,Tablets,LG,16021.49,22778.37,Supplier_045,0.2966
PRD00420,Dell Cables & Accessories 8614,Electronics,Cables & Accessories,Dell,27625.11,40957.36,Supplier_235,0.3255
PRD00421,Dell Smartphones 9383,Electronics,Smartphones,Dell,5670.32,6522.75,Supplier_302,0.1307
PRD00422,Apple Laptops 4787,Electronics,Laptops,Apple,28156.05,31744.98,Supplier_445,0.1131
PRD00423,Dell Smart Watches 9472,Electronics,Smart Watches,Dell,13243.62,18378.84,Supplier_312,0.2794
PRD00424,Samsung Gaming 6681,Electronics,Gaming,Samsung,8651.38,10982.04,Supplier_020,0.2122
PRD00425,Lenovo Cables & Accessories 7885,Electronics,Cables & Accessories,Lenovo,34541.16,38104.66,Supplier_472,0.0935
PRD00426,Lenovo Headphones 5065,Electronics,Headphones,Lenovo,1060.63,1552.94,Supplier_160,0.317
PRD00427,HP Headphones 3834,Electronics,Headphones,HP,42918.83,60167.07,Supplier_069,0.2867
PRD00428,HP Headphones 6928,Electronics,Headphones,HP,38712.84,47648.08,Supplier_310,0.1875
PRD00429,Sony Laptops 6771,Electronics,Laptops,Sony,22113.74,33376.56,Supplier_380,0.3374
PRD00430,Lenovo Gaming 2704,Electronics,Gaming,Lenovo,41059.82,54288.34,Supplier_034,0.2437
PRD00431,Dell Headphones 9417,Electronics,Headphones,Dell,6825.71,10102.79,Supplier_015,0.3244
PRD00432,Sony Tablets 1044,Electronics,Tablets,Sony,43765.27,51395.38,Supplier_128,0.1485
PRD00433,HP Smartphones 3362,Electronics,Smartphones,HP,2575.44,3217.69,Supplier_141,0.1996
PRD00434,HP Smart Watches 2129,Electronics,Smart Watches,HP,25281.06,34853.55,Supplier_349,0.2746
PRD00435,Sony Smartphones 3009,Electronics,Smartphones,Sony,18654.71,25355.49,Supplier_492,0.2643
PRD00436,Lenovo Gaming 4337,Electronics,Gaming,Lenovo,17245.24,25414.26,Supplier_384,0.3214
PRD00437,LG Laptops 9475,Electronics,Laptops,LG,1421.15,1568.01,Supplier_400,0.0937
PRD00438,Sony Cameras 4508,Electronics,Cameras,Sony,32386.63,45293.25,Supplier_334,0.285
PRD00439,Samsung Cables & Accessories 245,Electronics,Cables & Accessories,Samsung,43238.27,66351.5,Supplier_243,0.3483
PRD00440,OnePlus Tablets 4235,Electronics,Tablets,OnePlus,30077.04,32602.85,Supplier_312,0.0775
PRD00441,LG Headphones 5813,Electronics,Headphones,LG,21219.15,26671.27,Supplier_236,0.2044
PRD00442,Sony Headphones 6606,Electronics,Headphones,Sony,23361.57,32666.07,Supplier_300,0.2848
PRD00443,Samsung Laptops 6231,Electronics,Laptops,Samsung,25600.11,35617.61,Supplier_288,0.2813
PRD00444,LG Headphones 5609,Electronics,Headphones,LG,34236.44,44727.07,Supplier_142,0.2345
PRD00445,LG Smart Watches 4995,Electronics,Smart Watches,LG,13094.29,18518.13,Supplier_097,0.2929
PRD00446,Sony Tablets 9930,Electronics,Tablets,Sony,44989.37,65619.34,Supplier_207,0.3144
PRD00447,OnePlus Smart Watches 4943,Electronics,Smart Watches,OnePlus,36078.1,50077.78,Supplier_133,0.2796
PRD00448,Dell Cables & Accessories 9472,Electronics,Cables & Accessories,Dell,19444.33,21322.65,Supplier_418,0.0881
PRD00449,Lenovo Cameras 8859,Electronics,Cameras,Lenovo,36341.17,43046.5,Supplier_327,0.1558
PRD00450,Lenovo Gaming 9246,Electronics,Gaming,Lenovo,25390.38,37510.4,Supplier_093,0.3231
PRD00451,Apple Headphones 9259,Electronics,Headphones,Apple,23565.5,33657.0,Supplier_391,0.2998
PRD00452,Lenovo Tablets 3759,Electronics,Tablets,Lenovo,32739.01,38778.02,Supplier_382,0.1557
PRD00453,Dell Headphones 4369,Electronics,Headphones,Dell,39415.12,48706.01,Supplier_300,0.1908
PRD00454,HP Headphones 9661,Electronics,Headphones,HP,42568.13,55387.62,Supplier_298,0.2315
PRD00455,HP Laptops 6353,Electronics,Laptops,HP,44476.83,58497.01,Supplier_272,0.2397
PRD00456,Dell Headphones 2350,Electronics,Headphones,Dell,2750.4,4074.7,Supplier_103,0.325
PRD00457,Dell Smart Watches 7596,Electronics,Smart Watches,Dell,49360.22,74022.42,Supplier_074,0.3332
PRD00458,OnePlus Smart Watches 2997,Electronics,Smart Watches,OnePlus,38958.11,51002.52,Supplier_161,0.2362
PRD00459,Samsung Smartphones 2862,Electronics,Smartphones,Samsung,22630.06,26667.48,Supplier_296,0.1514
PRD00460,HP Tablets 2220,Electronics,Tablets,HP,39271.28,56805.26,Supplier_315,0.3087
PRD00461,Dell Cables & Accessories 6380,Electronics,Cables & Accessories,Dell,20199.5,30980.06,Supplier_003,0.348
PRD00462,Sony Smartphones 5379,Electronics,Smartphones,Sony,36546.42,55789.29,Supplier_388,0.3449
PRD00463,Samsung Cameras 4176,Electronics,Cameras,Samsung,33853.57,46533.18,Supplier_116,0.2725
PRD00464,LG Smart Watches 9744,Electronics,Smart Watches,LG,6490.09,8179.26,Supplier_157,0.2065
PRD00465,Apple Tablets 4864,Electronics,Tablets,Apple,41201.0,50271.61,Supplier_234,0.1804
PRD00466,Dell Smart Watches 5715,Electronics,Smart Watches,Dell,44404.3,68732.17,Supplier_462,0.354
PRD00467,Lenovo Gaming 6709,Electronics,Gaming,Lenovo,37518.27,43427.22,Supplier_010,0.1361
PRD00468,Sony Cameras 459,Electronics,Cameras,Sony,36372.08,41524.79,Supplier_302,0.1241
PRD00469,Apple Tablets 712,Electronics,Tablets,Apple,18361.24,25444.16,Supplier_193,0.2784
PRD00470,Samsung Headphones 1871,Electronics,Headphones,Samsung,29716.51,32763.68,Supplier_335,0.093
PRD00471,Samsung Smartphones 6330,Electronics,Smartphones,Samsung,34503.0,44021.84,Supplier_064,0.2162
PRD00472,HP Headphones 252,Electronics,Headphones,HP,35108.32,41307.84,Supplier_155,0.1501
PRD00473,Apple Cables & Accessories 2347,Electronics,Cables & Accessories,Apple,33141.02,39997.54,Supplier_215,0.1714
PRD00474,Apple Laptops 8254,Electronics,Laptops,Apple,14171.2,20531.76,Supplier_102,0.3098
PRD00475,LG Cameras 5964,Electronics,Cameras,LG,41583.37,63928.87,Supplier_361,0.3495
PRD00476,LG Cables & Accessories 3502,Electronics,Cables & Accessories,LG,8060.66,10782.14,Supplier_353,0.2524
PRD00477,Lenovo Gaming 1558,Electronics,Gaming,Lenovo,11763.54,12775.11,Supplier_465,0.0792
PRD00478,HP Laptops 8483,Electronics,Laptops,HP,7499.77,8417.28,Supplier_039,0.109
PRD00479,LG Laptops 4950,Electronics,Laptops,LG,32234.62,41733.29,Supplier_136,0.2276
PRD00480,Samsung Gaming 746,Electronics,Gaming,Samsung,5035.46,5851.76,Supplier_437,0.1395
PRD00481,Lenovo Headphones 1998,Electronics,Headphones,Lenovo,40089.73,49188.99,Supplier_049,0.185
PRD00482,Samsung Smartphones 2893,Electronics,Smartphones,Samsung,42607.34,59299.91,Supplier_169,0.2815
PRD00483,HP Smart Watches 1622,Electronics,Smart Watches,HP,47756.7,57599.61,Supplier_191,0.1709
PRD00484,OnePlus Smart Watches 7579,Electronics,Smart Watches,OnePlus,5735.91,7273.81,Supplier_140,0.2114
PRD00485,HP Cables & Accessories 2832,Electronics,Cables & Accessories,HP,40004.96,55405.18,Supplier_058,0.278
PRD00486,Samsung Tablets 1799,Electronics,Tablets,Samsung,49079.38,72482.61,Supplier_214,0.3229
PRD00487,HP Gaming 5975,Electronics,Gaming,HP,9103.96,11457.18,Supplier_314,0.2054
PRD00488,OnePlus Smartphones 6838,Electronics,Smartphones,OnePlus,24179.83,31661.5,Supplier_226,0.2363
PRD00489,Apple Smartphones 8698,Electronics,Smartphones,Apple,13117.56,16104.32,Supplier_393,0.1855
PRD00490,Lenovo Cameras 1660,Electronics,Cameras,Lenovo,25979.03,36460.88,Supplier_222,0.2875
PRD00491,HP Cameras 6405,Electronics,Cameras,HP,17320.19,24211.18,Supplier_077,0.2846
PRD00492,Samsung Smartphones 7788,Electronics,Smartphones,Samsung,32187.77,37136.83,Supplier_437,0.1333
PRD00493,OnePlus Gaming 4046,Electronics,Gaming,OnePlus,3789.52,4968.34,Supplier_170,0.2373
PRD00494,Samsung Headphones 6303,Electronics,Headphones,Samsung,25371.12,33965.15,Supplier_207,0.253
PRD00495,Apple Cameras 7441,Electronics,Cameras,Apple,22981.78,33475.1,Supplier_046,0.3135
PRD00496,HP Gaming 391,Electronics,Gaming,HP,15837.27,24403.89,Supplier_053,0.351
PRD00497,Dell Cables & Accessories 1589,Electronics,Cables & Accessories,Dell,1839.81,2461.81,Supplier_406,0.2527
PRD00498,Sony Headphones 5684,Electronics,Headphones,Sony,32747.07,42388.39,Supplier_187,0.2275
PRD00499,Sony Smartphones 9929,Electronics,Smartphones,Sony,42223.66,52189.59,Supplier_243,0.191
PRD00500,HP Smart Watches 3733,Electronics,Smart Watches,HP,5745.47,8255.55,Supplier_002,0.304
PRD00501,Lenovo Smart Watches 4883,Electronics,Smart Watches,Lenovo,41502.7,63635.42,Supplier_281,0.3478
PRD00502,Apple Smart Watches 2401,Electronics,Smart Watches,Apple,2336.62,2703.83,Supplier_421,0.1358
PRD00503,Apple Cables & Accessories 2078,Electronics,Cables & Accessories,Apple,12751.75,14946.11,Supplier_477,0.1468
PRD00504,Sony Cables & Accessories 5636,Electronics,Cables & Accessories,Sony,22879.45,33112.69,Supplier_056,0.309
PRD00505,Samsung Cables & Accessories 9747,Electronics,Cables & Accessories,Samsung,46335.0,68279.68,Supplier_064,0.3214
PRD00506,HP Gaming 2305,Electronics,Gaming,HP,32939.91,50378.61,Supplier_494,0.3462
PRD00507,Samsung Gaming 7191,Electronics,Gaming,Samsung,26541.7,29270.95,Supplier_430,0.0932
PRD00508,OnePlus Gaming 2203,Electronics,Gaming,OnePlus,34606.29,40199.21,Supplier_054,0.1391
PRD00509,Lenovo Cables & Accessories 4167,Electronics,Cables & Accessories,Lenovo,25230.3,31810.15,Supplier_141,0.2068
PRD00510,Lenovo Cables & Accessories 2285,Electronics,Cables & Accessories,Lenovo,48526.06,62736.31,Supplier_071,0.2265
PRD00511,LG Cables & Accessories 5243,Electronics,Cables & Accessories,LG,42161.57,56389.78,Supplier_365,0.2523
PRD00512,Sony Cameras 5757,Electronics,Cameras,Sony,10525.15,14901.09,Supplier_472,0.2937
PRD00513,OnePlus Tablets 5381,Electronics,Tablets,OnePlus,25219.48,35466.83,Supplier_364,0.2889
PRD00514,Lenovo Laptops 6939,Electronics,Laptops,Lenovo,28135.9,38093.73,Supplier_346,0.2614
PRD00515,Dell Headphones 514,Electronics,Headphones,Dell,40424.82,53590.5,Supplier_196,0.2457
PRD00516,Samsung Tablets 2736,Electronics,Tablets,Samsung,33529.2,39361.74,Supplier_147,0.1482
PRD00517,OnePlus Headphones 4935,Electronics,Headphones,OnePlus,41977.12,58960.21,Supplier_105,0.288
PRD00518,Lenovo Smartphones 9305,Electronics,Smartphones,Lenovo,40710.61,45928.31,Supplier_443,0.1136
PRD00519,Dell Cameras 4812,Electronics,Cameras,Dell,11917.89,17264.55,Supplier_355,0.3097
PRD00520,Dell Smartphones 5222,Electronics,Smartphones,Dell,19408.35,29687.98,Supplier_495,0.3463
PRD00521,Samsung Smartphones 7359,Electronics,Smartphones,Samsung,37196.31,43722.44,Supplier_425,0.1493
PRD00522,Lenovo Cameras 9985,Electronics,Cameras,Lenovo,37767.63,50491.89,Supplier_101,0.252
PRD00523,LG Cameras 1320,Electronics,Cameras,LG,22468.31,34651.15,Supplier_096,0.3516
PRD00524,Apple Tablets 9219,Electronics,Tablets,Apple,18891.05,24206.97,Supplier_136,0.2196
PRD00525,OnePlus Tablets 5515,Electronics,Tablets,OnePlus,29220.1,35059.96,Supplier_239,0.1666
PRD00526,Samsung Tablets 933,Electronics,Tablets,Samsung,7727.48,9517.44,Supplier_397,0.1881
PRD00527,HP Headphones 1294,Electronics,Headphones,HP,39505.91,52881.63,Supplier_402,0.2529
PRD00528,Sony Smart Watches 8376,Electronics,Smart Watches,Sony,47851.54,63388.22,Supplier_082,0.2451
PRD00529,Dell Cables & Accessories 3595,Electronics,Cables & Accessories,Dell,4642.68,5496.76,Supplier_340,0.1554
PRD00530,Lenovo Smart Watches 8791,Electronics,Smart Watches,Lenovo,18071.85,21373.02,Supplier_244,0.1545
PRD00531,Apple Smartphones 4094,Electronics,Smartphones,Apple,33463.48,43149.94,Supplier_491,0.2245
PRD00532,Lenovo Smartphones 1957,Electronics,Smartphones,Lenovo,19099.56,27774.91,Supplier_198,0.3123
PRD00533,LG Headphones 6243,Electronics,Headphones,LG,1284.05,1698.71,Supplier_264,0.2441
PRD00534,HP Gaming 3254,Electronics,Gaming,HP,2240.39,3365.5,Supplier_165,0.3343
PRD00535,Apple Laptops 8914,Electronics,Laptops,Apple,8411.37,12864.77,Supplier_274,0.3462
PRD00536,Apple Smartphones 3592,Electronics,Smartphones,Apple,10578.53,14554.7,Supplier_443,0.2732
PRD00537,Apple Cables & Accessories 7230,Electronics,Cables & Accessories,Apple,10318.7,15163.45,Supplier_332,0.3195
PRD00538,OnePlus Laptops 720,Electronics,Laptops,OnePlus,1236.46,1751.97,Supplier_045,0.2942
PRD00539,Samsung Laptops 1254,Electronics,Laptops,Samsung,8940.71,10714.52,Supplier_295,0.1656
PRD00540,LG Cameras 6726,Electronics,Cameras,LG,20411.26,26371.94,Supplier_222,0.226
PRD00541,Samsung Smart Watches 196,Electronics,Smart Watches,Samsung,19505.62,22150.65,Supplier_329,0.1194
PRD00542,Samsung Laptops 8338,Electronics,Laptops,Samsung,35059.06,39059.9,Supplier_055,0.1024
PRD00543,LG Headphones 7270,Electronics,Headphones,LG,30347.96,36791.23,Supplier_196,0.1751
PRD00544,Samsung Cables & Accessories 2334,Electronics,Cables & Accessories,Samsung,23725.68,31572.47,Supplier_383,0.2485
PRD00545,LG Cables & Accessories 6213,Electronics,Cables & Accessories,LG,48008.71,55100.34,Supplier_491,0.1287
PRD00546,OnePlus Smartphones 9875,Electronics,Smartphones,OnePlus,6205.6,6716.72,Supplier_202,0.0761
PRD00547,LG Laptops 5733,Electronics,Laptops,LG,10542.14,15059.16,Supplier_109,0.3
PRD00548,OnePlus Cables & Accessories 4240,Electronics,Cables & Accessories,OnePlus,8089.67,9576.31,Supplier_100,0.1552
PRD00549,OnePlus Laptops 991,Electronics,Laptops,OnePlus,33565.35,45200.02,Supplier_436,0.2574
PRD00550,Apple Gaming 1708,Electronics,Gaming,Apple,14568.1,16194.78,Supplier_102,0.1004
PRD00551,Lenovo Gaming 3942,Electronics,Gaming,Lenovo,17889.06,24964.34,Supplier_052,0.2834
PRD00552,Apple Headphones 7483,Electronics,Headphones,Apple,45010.92,55334.6,Supplier_169,0.1866
PRD00553,OnePlus Headphones 5282,Electronics,Headphones,OnePlus,28299.32,35411.28,Supplier_491,0.2008
PRD00554,OnePlus Cables & Accessories 3729,Electronics,Cables & Accessories,OnePlus,291.35,348.37,Supplier_365,0.1637
PRD00555,LG Cables & Accessories 5532,Electronics,Cables & Accessories,LG,42013.5,48026.63,Supplier_450,0.1252
PRD00556,HP Gaming 8078,Electronics,Gaming,HP,22295.63,32198.02,Supplier_283,0.3075
PRD00557,OnePlus Laptops 4697,Electronics,Laptops,OnePlus,32295.3,36123.19,Supplier_440,0.106
PRD00558,Sony Tablets 1352,Electronics,Tablets,Sony,13198.57,19752.69,Supplier_373,0.3318
PRD00559,Samsung Laptops 9633,Electronics,Laptops,Samsung,42486.88,58498.67,Supplier_297,0.2737
PRD00560,Sony Cables & Accessories 9004,Electronics,Cables & Accessories,Sony,45319.86,60694.59,Supplier_458,0.2533
PRD00561,OnePlus Gaming 9760,Electronics,Gaming,OnePlus,18322.64,21711.49,Supplier_376,0.1561
PRD00562,OnePlus Headphones 6600,Electronics,Headphones,OnePlus,23261.82,30703.13,Supplier_187,0.2424
PRD00563,Sony Smartphones 2817,Electronics,Smartphones,Sony,42406.69,61874.49,Supplier_388,0.3146
PRD00564,HP Tablets 9370,Electronics,Tablets,HP,8003.16,10773.76,Supplier_338,0.2572
PRD00565,HP Tablets 8089,Electronics,Tablets,HP,46961.8,51610.89,Supplier_119,0.0901
PRD00566,LG Laptops 3487,Electronics,Laptops,LG,18503.29,20355.84,Supplier_266,0.091
PRD00567,Dell Smart Watches 860,Electronics,Smart Watches,Dell,23510.23,30414.77,Supplier_021,0.227
PRD00568,Apple Smart Watches 4580,Electronics,Smart Watches,Apple,35201.63,46643.75,Supplier_428,0.2453
PRD00569,OnePlus Headphones 9728,Electronics,Headphones,OnePlus,18864.15,23729.28,Supplier_335,0.205
PRD00570,LG Laptops 8560,Electronics,Laptops,LG,18847.62,28392.13,Supplier_208,0.3362
PRD00571,Lenovo Smart Watches 9999,Electronics,Smart Watches,Lenovo,24368.74,31839.99,Supplier_004,0.2346
PRD00572,HP Tablets 4700,Electronics,Tablets,HP,8322.01,9289.29,Supplier_109,0.1041
PRD00573,OnePlus Tablets 2038,Electronics,Tablets,OnePlus,7910.0,10780.93,Supplier_339,0.2663
PRD00574,Dell Cameras 7989,Electronics,Cameras,Dell,40568.07,57546.63,Supplier_346,0.295
PRD00575,HP Gaming 6832,Electronics,Gaming,HP,10574.66,12222.04,Supplier_012,0.1348
PRD00576,Samsung Cameras 2307,Electronics,Cameras,Samsung,6437.86,8745.21,Supplier_323,0.2638
PRD00577,OnePlus Smartphones 3049,Electronics,Smartphones,OnePlus,2842.8,3415.29,Supplier_265,0.1676
PRD00578,Samsung Cables & Accessories 4744,Electronics,Cables & Accessories,Samsung,43931.52,62477.12,Supplier_485,0.2968
PRD00579,Sony Laptops 7991,Electronics,Laptops,Sony,22487.71,34779.6,Supplier_088,0.3534
PRD00580,Dell Cameras 3079,Electronics,Cameras,Dell,30061.89,43694.04,Supplier_320,0.312
PRD00581,OnePlus Headphones 7529,Electronics,Headphones,OnePlus,36223.13,44954.91,Supplier_306,0.1942
PRD00582,Sony Laptops 371,Electronics,Laptops,Sony,18941.66,21634.03,Supplier_104,0.1245
PRD00583,OnePlus Cables & Accessories 9927,Electronics,Cables & Accessories,OnePlus,30295.28,35245.18,Supplier_020,0.1404
PRD00584,Apple Laptops 9987,Electronics,Laptops,Apple,24137.93,27547.52,Supplier_277,0.1238
PRD00585,Dell Smartphones 811,Electronics,Smartphones,Dell,26126.11,32764.16,Supplier_358,0.2026
PRD00586,Sony Cables & Accessories 6346,Electronics,Cables & Accessories,Sony,46924.16,61311.01,Supplier_180,0.2347
PRD00587,Dell Laptops 3909,Electronics,Laptops,Dell,6737.46,8787.38,Supplier_466,0.2333
PRD00588,LG Laptops 4323,Electronics,Laptops,LG,29934.7,39979.4,Supplier_097,0.2512
PRD00589,Samsung Smartphones 217,Electronics,Smartphones,Samsung,28920.46,32835.7,Supplier_193,0.1192
PRD00590,Lenovo Cameras 7080,Electronics,Cameras,Lenovo,20471.81,23135.07,Supplier_334,0.1151
PRD00591,LG Headphones 6090,Electronics,Headphones,LG,42756.1,54688.21,Supplier_314,0.2182
PRD00592,Dell Headphones 9235,Electronics,Headphones,Dell,37760.85,48115.53,Supplier_248,0.2152
PRD00593,Lenovo Tablets 5124,Electronics,Tablets,Lenovo,27976.74,36575.87,Supplier_296,0.2351
PRD00594,Dell Smart Watches 2051,Electronics,Smart Watches,Dell,36802.33,54535.51,Supplier_383,0.3252
PRD00595,HP Cameras 1742,Electronics,Cameras,HP,39166.31,59773.48,Supplier_110,0.3448
PRD00596,Lenovo Cables & Accessories 952,Electronics,Cables & Accessories,Lenovo,40052.64,54815.72,Supplier_083,0.2693
PRD00597,Samsung Cables & Accessories 7827,Electronics,Cables & Accessories,Samsung,40228.25,59012.03,Supplier_475,0.3183
PRD00598,Apple Cables & Accessories 1411,Electronics,Cables & Accessories,Apple,3250.82,3849.73,Supplier_312,0.1556
PRD00599,Dell Smartphones 8636,Electronics,Smartphones,Dell,46537.72,59023.93,Supplier_147,0.2115
PRD00600,OnePlus Smartphones 3404,Electronics,Smartphones,OnePlus,32032.55,41204.01,Supplier_436,0.2226
PRD00601,Sony Headphones 8551,Electronics,Headphones,Sony,1728.79,2354.22,Supplier_358,0.2657
PRD00602,OnePlus Cameras 104,Electronics,Cameras,OnePlus,33717.52,42115.81,Supplier_500,0.1994
PRD00603,Apple Tablets 5885,Electronics,Tablets,Apple,49841.02,72092.36,Supplier_343,0.3087
PRD00604,Dell Cables & Accessories 1224,Electronics,Cables & Accessories,Dell,29324.7,38806.52,Supplier_471,0.2443
PRD00605,LG Laptops 9650,Electronics,Laptops,LG,36320.63,48770.74,Supplier_179,0.2553
PRD00606,LG Smart Watches 7550,Electronics,Smart Watches,LG,11353.46,17400.73,Supplier_477,0.3475
PRD00607,Samsung Cables & Accessories 1844,Electronics,Cables & Accessories,Samsung,13092.32,16644.96,Supplier_287,0.2134
PRD00608,LG Laptops 8509,Electronics,Laptops,LG,17031.3,19330.43,Supplier_490,0.1189
PRD00609,LG Headphones 9326,Electronics,Headphones,LG,34724.88,53269.57,Supplier_248,0.3481
PRD00610,Lenovo Cameras 7648,Electronics,Cameras,Lenovo,48063.87,62274.37,Supplier_460,0.2282
PRD00611,HP Smartphones 3710,Electronics,Smartphones,HP,5857.6,6512.19,Supplier_347,0.1005
PRD00612,Lenovo Cameras 8876,Electronics,Cameras,Lenovo,20650.68,25729.82,Supplier_005,0.1974
PRD00613,Sony Headphones 5703,Electronics,Headphones,Sony,14400.11,18252.1,Supplier_039,0.211
PRD00614,HP Tablets 9499,Electronics,Tablets,HP,15727.95,18601.86,Supplier_138,0.1545
PRD00615,Sony Tablets 4065,Electronics,Tablets,Sony,24975.02,29316.76,Supplier_447,0.1481
PRD00616,Sony Headphones 5933,Electronics,Headphones,Sony,11498.92,16931.26,Supplier_080,0.3208
PRD00617,Apple Laptops 8171,Electronics,Laptops,Apple,46013.4,64309.79,Supplier_315,0.2845
PRD00618,Samsung Smartphones 5267,Electronics,Smartphones,Samsung,42408.13,53199.4,Supplier_253,0.2028
PRD00619,HP Headphones 8474,Electronics,Headphones,HP,9184.45,13218.29,Supplier_144,0.3052
PRD00620,Sony Cables & Accessories 8713,Electronics,Cables & Accessories,Sony,37520.96,42784.24,Supplier_410,0.123
PRD00621,HP Cables & Accessories 5789,Electronics,Cables & Accessories,HP,46985.74,51463.69,Supplier_202,0.087
PRD00622,HP Tablets 7637,Electronics,Tablets,HP,48826.53,68756.3,Supplier_162,0.2899
PRD00623,Samsung Smartphones 1750,Electronics,Smartphones,Samsung,33721.45,42432.75,Supplier_167,0.2053
PRD00624,LG Smart Watches 4513,Electronics,Smart Watches,LG,9398.26,11311.17,Supplier_242,0.1691
PRD00625,Lenovo Smart Watches 6966,Electronics,Smart Watches,Lenovo,9236.49,11815.81,Supplier_359,0.2183
PRD00626,Puma Footwear 3047,Fashion,Footwear,Puma,42723.59,51756.46,Supplier_293,0.1745
PRD00627,Nike Women's Clothing 3963,Fashion,Women's Clothing,Nike,40718.82,57771.18,Supplier_285,0.2952
PRD00628,Arrow Bags & Luggage 2550,Fashion,Bags & Luggage,Arrow,9843.36,14332.11,Supplier_243,0.3132
PRD00629,Levi's Men's Clothing 8570,Fashion,Men's Clothing,Levi's,21104.96,24127.23,Supplier_274,0.1253
PRD00630,Van Heusen Footwear 9403,Fashion,Footwear,Van Heusen,15036.71,20212.42,Supplier_025,0.2561
PRD00631,H&M Bags & Luggage 4266,Fashion,Bags & Luggage,H&M,34542.63,38280.73,Supplier_244,0.0976
PRD00632,Van Heusen Men's Clothing 6003,Fashion,Men's Clothing,Van Heusen,37242.43,44768.81,Supplier_287,0.1681
PRD00633,Adidas Jewelry & Accessories 5852,Fashion,Jewelry & Accessories,Adidas,17239.81,21955.37,Supplier_445,0.2148
PRD00634,Nike Jewelry & Accessories 8921,Fashion,Jewelry & Accessories,Nike,28863.85,39989.04,Supplier_090,0.2782
PRD00635,Puma Footwear 7422,Fashion,Footwear,Puma,16288.26,21499.02,Supplier_456,0.2424
PRD00636,Arrow Men's Clothing 2473,Fashion,Men's Clothing,Arrow,30702.51,39850.74,Supplier_445,0.2296
PRD00637,Puma Women's Clothing 6731,Fashion,Women's Clothing,Puma,21119.73,28887.27,Supplier_435,0.2689
PRD00638,H&M Men's Clothing 5291,Fashion,Men's Clothing,H&M,8141.87,9666.54,Supplier_335,0.1577
PRD00639,Adidas Footwear 7389,Fashion,Footwear,Adidas,30288.98,38341.73,Supplier_400,0.21
PRD00640,Van Heusen Footwear 478,Fashion,Footwear,Van Heusen,20728.75,24178.56,Supplier_065,0.1427
PRD00641,Adidas Women's Clothing 1411,Fashion,Women's Clothing,Adidas,47024.85,66273.42,Supplier_108,0.2904
PRD00642,Arrow Women's Clothing 7852,Fashion,Women's Clothing,Arrow,5195.32,5766.71,Supplier_281,0.0991
PRD00643,Zara Men's Clothing 1463,Fashion,Men's Clothing,Zara,38558.14,51138.58,Supplier_054,0.246
PRD00644,Levi's Footwear 6487,Fashion,Footwear,Levi's,4261.35,6468.08,Supplier_159,0.3412
PRD00645,Nike Women's Clothing 2171,Fashion,Women's Clothing,Nike,36892.78,47528.43,Supplier_068,0.2238
PRD00646,Levi's Jewelry & Accessories 5428,Fashion,Jewelry & Accessories,Levi's,1477.14,2055.98,Supplier_443,0.2815
PRD00647,Van Heusen Bags & Luggage 4563,Fashion,Bags & Luggage,Van Heusen,48750.33,65036.57,Supplier_281,0.2504
PRD00648,Levi's Bags & Luggage 3000,Fashion,Bags & Luggage,Levi's,48478.64,68252.24,Supplier_303,0.2897
PRD00649,Van Heusen Jewelry & Accessories 9340,Fashion,Jewelry & Accessories,Van Heusen,31570.82,43531.43,Supplier_223,0.2748
PRD00650,Adidas Jewelry & Accessories 3821,Fashion,Jewelry & Accessories,Adidas,45450.71,59375.73,Supplier_413,0.2345
PRD00651,Van Heusen Men's Clothing 2651,Fashion,Men's Clothing,Van Heusen,15428.02,19651.22,Supplier_156,0.2149
PRD00652,Zara Men's Clothing 2333,Fashion,Men's Clothing,Zara,26189.65,37618.76,Supplier_177,0.3038
PRD00653,Van Heusen Footwear 8159,Fashion,Footwear,Van Heusen,26778.19,37576.55,Supplier_485,0.2874
PRD00654,Adidas Bags & Luggage 4899,Fashion,Bags & Luggage,Adidas,506.17,649.06,Supplier_306,0.2201
PRD00655,Zara Women's Clothing 9284,Fashion,Women's Clothing,Zara,27433.2,32059.22,Supplier_224,0.1443
PRD00656,Nike Bags & Luggage 6485,Fashion,Bags & Luggage,Nike,8205.31,11704.43,Supplier_425,0.299
PRD00657,Nike Bags & Luggage 4024,Fashion,Bags & Luggage,Nike,13185.86,16857.5,Supplier_265,0.2178
PRD00658,Adidas Jewelry & Accessories 4504,Fashion,Jewelry & Accessories,Adidas,14269.61,20393.78,Supplier_212,0.3003
PRD00659,H&M Women's Clothing 7560,Fashion,Women's Clothing,H&M,9161.24,11141.07,Supplier_317,0.1777
PRD00660,Adidas Bags & Luggage 5353,Fashion,Bags & Luggage,Adidas,35038.61,45943.96,Supplier_010,0.2374
PRD00661,Zara Women's Clothing 1775,Fashion,Women's Clothing,Zara,48487.33,52870.66,Supplier_145,0.0829
PRD00662,Levi's Footwear 3914,Fashion,Footwear,Levi's,35774.04,50861.4,Supplier_047,0.2966
PRD00663,Zara Women's Clothing 5204,Fashion,Women's Clothing,Zara,24704.3,30650.6,Supplier_403,0.194
PRD00664,Puma Bags & Luggage 5510,Fashion,Bags & Luggage,Puma,23211.04,33701.72,Supplier_042,0.3113
PRD00665,Zara Women's Clothing 8999,Fashion,Women's Clothing,Zara,13361.85,16895.23,Supplier_241,0.2091
PRD00666,Nike Women's Clothing 6351,Fashion,Women's Clothing,Nike,44790.16,53637.89,Supplier_425,0.165
PRD00667,H&M Men's Clothing 6404,Fashion,Men's Clothing,H&M,48731.2,68998.54,Supplier_395,0.2937
PRD00668,Nike Bags & Luggage 7650,Fashion,Bags & Luggage,Nike,36894.07,40426.67,Supplier_377,0.0874
PRD00669,Nike Men's Clothing 5213,Fashion,Men's Clothing,Nike,23667.64,33141.27,Supplier_480,0.2859
PRD00670,Levi's Footwear 9104,Fashion,Footwear,Levi's,31476.75,34618.99,Supplier_267,0.0908
PRD00671,Adidas Men's Clothing 6005,Fashion,Men's Clothing,Adidas,24087.42,29397.3,Supplier_455,0.1806
PRD00672,Nike Men's Clothing 7213,Fashion,Men's Clothing,Nike,48665.04,57955.39,Supplier_167,0.1603
PRD00673,Levi's Men's Clothing 6584,Fashion,Men's Clothing,Levi's,39729.8,53826.23,Supplier_405,0.2619
PRD00674,Zara Women's Clothing 7886,Fashion,Women's Clothing,Zara,48443.3,65548.93,Supplier_353,0.261
PRD00675,Levi's Jewelry & Accessories 2683,Fashion,Jewelry & Accessories,Levi's,18601.36,20871.76,Supplier_256,0.1088
PRD00676,Puma Men's Clothing 1083,Fashion,Men's Clothing,Puma,46545.9,72079.93,Supplier_031,0.3542
PRD00677,Levi's Footwear 2161,Fashion,Footwear,Levi's,35081.34,50937.72,Supplier_250,0.3113
PRD00678,Puma Women's Clothing 5790,Fashion,Women's Clothing,Puma,49084.7,71203.45,Supplier_413,0.3106
PRD00679,Nike Bags & Luggage 2307,Fashion,Bags & Luggage,Nike,1116.57,1404.14,Supplier_129,0.2048
PRD00680,Van Heusen Men's Clothing 8992,Fashion,Men's Clothing,Van Heusen,35345.97,47460.51,Supplier_357,0.2553
PRD00681,Nike Bags & Luggage 5403,Fashion,Bags & Luggage,Nike,28356.75,37870.49,Supplier_375,0.2512
PRD00682,Adidas Bags & Luggage 9185,Fashion,Bags & Luggage,Adidas,43389.71,59069.86,Supplier_083,0.2655
PRD00683,Levi's Men's Clothing 8973,Fashion,Men's Clothing,Levi's,22496.74,32960.57,Supplier_188,0.3175
PRD00684,Zara Bags & Luggage 3139,Fashion,Bags & Luggage,Zara,38807.1,51140.0,Supplier_453,0.2412
PRD00685,Puma Men's Clothing 1137,Fashion,Men's Clothing,Puma,38812.03,46272.85,Supplier_338,0.1612
PRD00686,Arrow Jewelry & Accessories 9135,Fashion,Jewelry & Accessories,Arrow,9533.98,13358.21,Supplier_079,0.2863
PRD00687,Adidas Jewelry & Accessories 1909,Fashion,Jewelry & Accessories,Adidas,16163.87,22325.94,Supplier_050,0.276
PRD00688,H&M Jewelry & Accessories 3026,Fashion,Jewelry & Accessories,H&M,2236.67,3401.45,Supplier_448,0.3424
PRD00689,Nike Men's Clothing 621,Fashion,Men's Clothing,Nike,5397.41,6315.29,Supplier_293,0.1453
PRD00690,Van Heusen Bags & Luggage 4293,Fashion,Bags & Luggage,Van Heusen,26314.78,37093.78,Supplier_026,0.2906
PRD00691,Nike Footwear 3519,Fashion,Footwear,Nike,30317.38,33752.67,Supplier_336,0.1018
PRD00692,H&M Bags & Luggage 6013,Fashion,Bags & Luggage,H&M,23429.55,32339.59,Supplier_286,0.2755
PRD00693,Puma Bags & Luggage 4455,Fashion,Bags & Luggage,Puma,39722.77,43989.04,Supplier_271,0.097
PRD00694,H&M Men's Clothing 3637,Fashion,Men's Clothing,H&M,41731.1,46598.18,Supplier_492,0.1044
PRD00695,H&M Jewelry & Accessories 6413,Fashion,Jewelry & Accessories,H&M,5106.19,6069.11,Supplier_098,0.1587
PRD00696,Nike Women's Clothing 9249,Fashion,Women's Clothing,Nike,28522.88,43506.71,Supplier_384,0.3444
PRD00697,Arrow Jewelry & Accessories 9546,Fashion,Jewelry & Accessories,Arrow,37318.11,53743.8,Supplier_184,0.3056
PRD00698,Arrow Bags & Luggage 3055,Fashion,Bags & Luggage,Arrow,44147.06,51139.97,Supplier_282,0.1367
PRD00699,Puma Bags & Luggage 9929,Fashion,Bags & Luggage,Puma,32893.72,43779.34,Supplier_227,0.2486
PRD00700,Puma Footwear 6190,Fashion,Footwear,Puma,27526.56,42625.42,Supplier_212,0.3542
PRD00701,Puma Bags & Luggage 3604,Fashion,Bags & Luggage,Puma,30440.25,40932.33,Supplier_193,0.2563
PRD00702,Adidas Jewelry & Accessories 6605,Fashion,Jewelry & Accessories,Adidas,18032.43,23309.25,Supplier_001,0.2264
PRD00703,Adidas Men's Clothing 5045,Fashion,Men's Clothing,Adidas,29808.35,39444.69,Supplier_004,0.2443
PRD00704,Nike Footwear 4621,Fashion,Footwear,Nike,10780.4,13238.39,Supplier_471,0.1857
PRD00705,Levi's Jewelry & Accessories 2657,Fashion,Jewelry & Accessories,Levi's,4759.64,6170.27,Supplier_071,0.2286
PRD00706,Puma Footwear 4298,Fashion,Footwear,Puma,44486.79,53269.94,Supplier_416,0.1649
PRD00707,H&M Footwear 3662,Fashion,Footwear,H&M,28545.83,38464.38,Supplier_376,0.2579
PRD00708,Puma Men's Clothing 9540,Fashion,Men's Clothing,Puma,39655.56,46050.58,Supplier_420,0.1389
PRD00709,Adidas Men's Clothing 6351,Fashion,Men's Clothing,Adidas,1916.71,2798.24,Supplier_041,0.315
PRD00710,Puma Men's Clothing 6924,Fashion,Men's Clothing,Puma,17429.11,25517.2,Supplier_477,0.317
PRD00711,Nike Men's Clothing 287,Fashion,Men's Clothing,Nike,37396.55,55319.02,Supplier_325,0.324
PRD00712,Zara Bags & Luggage 8946,Fashion,Bags & Luggage,Zara,15273.93,16791.48,Supplier_290,0.0904
PRD00713,Puma Women's Clothing 927,Fashion,Women's Clothing,Puma,25144.96,29765.97,Supplier_345,0.1552
PRD00714,Van Heusen Bags & Luggage 1575,Fashion,Bags & Luggage,Van Heusen,37654.37,50847.32,Supplier_114,0.2595
PRD00715,Adidas Bags & Luggage 5607,Fashion,Bags & Luggage,Adidas,39329.1,45211.39,Supplier_043,0.1301
PRD00716,Zara Bags & Luggage 6629,Fashion,Bags & Luggage,Zara,27430.21,33009.58,Supplier_257,0.169
PRD00717,Levi's Bags & Luggage 3345,Fashion,Bags & Luggage,Levi's,38113.54,49777.56,Supplier_250,0.2343
PRD00718,Nike Bags & Luggage 8689,Fashion,Bags & Luggage,Nike,28080.32,43485.94,Supplier_127,0.3543
PRD00719,H&M Women's Clothing 9537,Fashion,Women's Clothing,H&M,13349.54,17115.86,Supplier_046,0.22
PRD00720,Arrow Men's Clothing 5354,Fashion,Men's Clothing,Arrow,21205.85,26373.82,Supplier_177,0.196
PRD00721,Zara Jewelry & Accessories 5829,Fashion,Jewelry & Accessories,Zara,38495.58,44637.55,Supplier_316,0.1376
PRD00722,Levi's Bags & Luggage 3925,Fashion,Bags & Luggage,Levi's,22051.15,33393.83,Supplier_103,0.3397
PRD00723,Levi's Footwear 1941,Fashion,Footwear,Levi's,37898.8,56120.51,Supplier_379,0.3247
PRD00724,Nike Men's Clothing 4813,Fashion,Men's Clothing,Nike,47449.6,71912.86,Supplier_008,0.3402
PRD00725,H&M Footwear 5537,Fashion,Footwear,H&M,15290.65,19900.16,Supplier_108,0.2316
PRD00726,Nike Jewelry & Accessories 4337,Fashion,Jewelry & Accessories,Nike,10229.88,13564.16,Supplier_281,0.2458
PRD00727,Levi's Bags & Luggage 6270,Fashion,Bags & Luggage,Levi's,34768.8,48470.57,Supplier_299,0.2827
PRD00728,Zara Jewelry & Accessories 3388,Fashion,Jewelry & Accessories,Zara,12810.04,14196.75,Supplier_405,0.0977
PRD00729,Adidas Jewelry & Accessories 236,Fashion,Jewelry & Accessories,Adidas,2701.61,3749.12,Supplier_035,0.2794
PRD00730,Adidas Bags & Luggage 6001,Fashion,Bags & Luggage,Adidas,33165.93,50048.99,Supplier_443,0.3373
PRD00731,Zara Men's Clothing 6432,Fashion,Men's Clothing,Zara,14660.15,21919.84,Supplier_119,0.3312
PRD00732,H&M Bags & Luggage 9882,Fashion,Bags & Luggage,H&M,45198.41,59110.08,Supplier_273,0.2354
PRD00733,Levi's Men's Clothing 9286,Fashion,Men's Clothing,Levi's,9983.82,15319.09,Supplier_475,0.3483
PRD00734,Zara Men's Clothing 5565,Fashion,Men's Clothing,Zara,12407.24,16487.05,Supplier_251,0.2475
PRD00735,Levi's Bags & Luggage 5922,Fashion,Bags & Luggage,Levi's,967.69,1356.34,Supplier_321,0.2865
PRD00736,Nike Footwear 4619,Fashion,Footwear,Nike,49799.92,76688.7,Supplier_416,0.3506
PRD00737,Adidas Men's Clothing 582,Fashion,Men's Clothing,Adidas,43939.93,65843.5,Supplier_484,0.3327
PRD00738,Adidas Jewelry & Accessories 6536,Fashion,Jewelry & Accessories,Adidas,11317.86,14041.38,Supplier_337,0.194
PRD00739,H&M Women's Clothing 3826,Fashion,Women's Clothing,H&M,36507.99,48363.5,Supplier_214,0.2451
PRD00740,Levi's Women's Clothing 5495,Fashion,Women's Clothing,Levi's,21351.93,26194.97,Supplier_230,0.1849
PRD00741,Levi's Jewelry & Accessories 8969,Fashion,Jewelry & Accessories,Levi's,10377.53,11883.63,Supplier_351,0.1267
PRD00742,Levi's Women's Clothing 8682,Fashion,Women's Clothing,Levi's,15484.47,21855.0,Supplier_466,0.2915
PRD00743,Arrow Women's Clothing 2478,Fashion,Women's Clothing,Arrow,49784.51,76599.2,Supplier_336,0.3501
PRD00744,Levi's Jewelry & Accessories 2039,Fashion,Jewelry & Accessories,Levi's,15908.94,21349.0,Supplier_095,0.2548
PRD00745,Levi's Footwear 6883,Fashion,Footwear,Levi's,36367.62,52360.44,Supplier_493,0.3054
PRD00746,Adidas Bags & Luggage 4585,Fashion,Bags & Luggage,Adidas,22178.07,33685.63,Supplier_078,0.3416
PRD00747,H&M Women's Clothing 4472,Fashion,Women's Clothing,H&M,6620.72,7231.9,Supplier_311,0.0845
PRD00748,Nike Jewelry & Accessories 527,Fashion,Jewelry & Accessories,Nike,29838.22,35463.58,Supplier_184,0.1586
PRD00749,Van Heusen Men's Clothing 7780,Fashion,Men's Clothing,Van Heusen,6747.63,9970.87,Supplier_365,0.3233
PRD00750,Levi's Footwear 2353,Fashion,Footwear,Levi's,42613.87,55865.91,Supplier_084,0.2372
PRD00751,Nike Women's Clothing 345,Fashion,Women's Clothing,Nike,1659.87,2389.11,Supplier_474,0.3052
PRD00752,Arrow Footwear 3423,Fashion,Footwear,Arrow,11166.58,15583.29,Supplier_388,0.2834
PRD00753,H&M Women's Clothing 7297,Fashion,Women's Clothing,H&M,8895.06,13597.95,Supplier_444,0.3459
PRD00754,Van Heusen Jewelry & Accessories 4143,Fashion,Jewelry & Accessories,Van Heusen,34408.74,51179.02,Supplier_219,0.3277
PRD00755,Zara Bags & Luggage 5226,Fashion,Bags & Luggage,Zara,30416.1,44633.63,Supplier_202,0.3185
PRD00756,Zara Jewelry & Accessories 794,Fashion,Jewelry & Accessories,Zara,26056.42,33671.58,Supplier_450,0.2262
PRD00757,Arrow Women's Clothing 6447,Fashion,Women's Clothing,Arrow,49192.34,54035.24,Supplier_265,0.0896
PRD00758,Nike Men's Clothing 5089,Fashion,Men's Clothing,Nike,14594.41,18492.27,Supplier_397,0.2108
PRD00759,Van Heusen Footwear 993,Fashion,Footwear,Van Heusen,8366.01,10192.96,Supplier_354,0.1792
PRD00760,Levi's Jewelry & Accessories 1581,Fashion,Jewelry & Accessories,Levi's,23205.77,32109.07,Supplier_370,0.2773
PRD00761,H&M Jewelry & Accessories 9052,Fashion,Jewelry & Accessories,H&M,9029.58,12236.53,Supplier_070,0.2621
PRD00762,Arrow Bags & Luggage 7533,Fashion,Bags & Luggage,Arrow,16206.87,17693.18,Supplier_303,0.084
PRD00763,Van Heusen Women's Clothing 2786,Fashion,Women's Clothing,Van Heusen,4554.47,5612.54,Supplier_368,0.1885
PRD00764,H&M Men's Clothing 6046,Fashion,Men's Clothing,H&M,5752.54,7427.78,Supplier_044,0.2255
PRD00765,Arrow Jewelry & Accessories 2719,Fashion,Jewelry & Accessories,Arrow,36357.35,55929.96,Supplier_194,0.3499
PRD00766,Arrow Jewelry & Accessories 5591,Fashion,Jewelry & Accessories,Arrow,2243.11,2602.72,Supplier_290,0.1382
PRD00767,Levi's Women's Clothing 940,Fashion,Women's Clothing,Levi's,43447.49,50575.81,Supplier_215,0.1409
PRD00768,Adidas Footwear 4831,Fashion,Footwear,Adidas,36521.58,55938.43,Supplier_321,0.3471
PRD00769,H&M Women's Clothing 157,Fashion,Women's Clothing,H&M,44932.17,68809.3,Supplier_319,0.347
PRD00770,Zara Footwear 9004,Fashion,Footwear,Zara,22959.2,34026.53,Supplier_414,0.3253
PRD00771,Van Heusen Men's Clothing 7894,Fashion,Men's Clothing,Van Heusen,11932.02,16188.95,Supplier_233,0.263
PRD00772,Van Heusen Bags & Luggage 4109,Fashion,Bags & Luggage,Van Heusen,4016.28,5470.37,Supplier_452,0.2658
PRD00773,Adidas Jewelry & Accessories 3501,Fashion,Jewelry & Accessories,Adidas,31007.31,41613.29,Supplier_026,0.2549
PRD00774,Levi's Women's Clothing 2481,Fashion,Women's Clothing,Levi's,2800.44,3483.86,Supplier_438,0.1962
PRD00775,Adidas Men's Clothing 1884,Fashion,Men's Clothing,Adidas,16589.0,18599.92,Supplier_214,0.1081
PRD00776,Levi's Women's Clothing 9847,Fashion,Women's Clothing,Levi's,33620.92,45966.93,Supplier_294,0.2686
PRD00777,Levi's Jewelry & Accessories 6001,Fashion,Jewelry & Accessories,Levi's,48316.35,69198.07,Supplier_477,0.3018
PRD00778,H&M Men's Clothing 6308,Fashion,Men's Clothing,H&M,38437.17,47344.07,Supplier_420,0.1881
PRD00779,Arrow Men's Clothing 7813,Fashion,Men's Clothing,Arrow,42173.32,46834.11,Supplier_069,0.0995
PRD00780,Adidas Men's Clothing 3538,Fashion,Men's Clothing,Adidas,16493.97,21021.01,Supplier_357,0.2154
PRD00781,Zara Women's Clothing 8766,Fashion,Women's Clothing,Zara,5509.65,7840.08,Supplier_045,0.2972
PRD00782,Adidas Bags & Luggage 4354,Fashion,Bags & Luggage,Adidas,21381.33,31611.55,Supplier_270,0.3236
PRD00783,Puma Jewelry & Accessories 8232,Fashion,Jewelry & Accessories,Puma,46358.91,63452.2,Supplier_267,0.2694
PRD00784,Van Heusen Bags & Luggage 3912,Fashion,Bags & Luggage,Van Heusen,40408.62,60423.9,Supplier_363,0.3312
PRD00785,Nike Footwear 2032,Fashion,Footwear,Nike,128.97,140.74,Supplier_378,0.0836
PRD00786,Arrow Women's Clothing 9281,Fashion,Women's Clothing,Arrow,20731.35,25642.24,Supplier_413,0.1915
PRD00787,Zara Women's Clothing 4268,Fashion,Women's Clothing,Zara,32048.88,45006.5,Supplier_405,0.2879
PRD00788,Adidas Men's Clothing 200,Fashion,Men's Clothing,Adidas,15049.19,20143.3,Supplier_059,0.2529
PRD00789,Puma Footwear 577,Fashion,Footwear,Puma,19832.66,26722.39,Supplier_427,0.2578
PRD00790,Nike Women's Clothing 7949,Fashion,Women's Clothing,Nike,16559.22,20514.06,Supplier_470,0.1928
PRD00791,Zara Bags & Luggage 7646,Fashion,Bags & Luggage,Zara,32300.33,42194.01,Supplier_457,0.2345
PRD00792,Puma Jewelry & Accessories 1017,Fashion,Jewelry & Accessories,Puma,23150.38,33861.1,Supplier_428,0.3163
PRD00793,Adidas Jewelry & Accessories 9196,Fashion,Jewelry & Accessories,Adidas,28268.88,39541.18,Supplier_275,0.2851
PRD00794,Nike Men's Clothing 5893,Fashion,Men's Clothing,Nike,28891.01,35706.63,Supplier_034,0.1909
PRD00795,Adidas Women's Clothing 6247,Fashion,Women's Clothing,Adidas,42044.92,52110.54,Supplier_321,0.1932
PRD00796,Levi's Jewelry & Accessories 9851,Fashion,Jewelry & Accessories,Levi's,28570.53,36087.33,Supplier_060,0.2083
PRD00797,Puma Footwear 1522,Fashion,Footwear,Puma,35506.51,42877.8,Supplier_255,0.1719
PRD00798,Puma Women's Clothing 3641,Fashion,Women's Clothing,Puma,22622.72,34541.31,Supplier_269,0.3451
PRD00799,Levi's Footwear 3411,Fashion,Footwear,Levi's,5655.95,8195.04,Supplier_468,0.3098
PRD00800,Van Heusen Men's Clothing 8292,Fashion,Men's Clothing,Van Heusen,25324.43,36860.77,Supplier_079,0.313
PRD00801,Puma Women's Clothing 8679,Fashion,Women's Clothing,Puma,46185.66,65779.8,Supplier_159,0.2979
PRD00802,Levi's Footwear 8556,Fashion,Footwear,Levi's,38485.6,43341.65,Supplier_347,0.112
PRD00803,Nike Women's Clothing 8658,Fashion,Women's Clothing,Nike,36242.3,46966.51,Supplier_060,0.2283
PRD00804,Adidas Men's Clothing 9836,Fashion,Men's Clothing,Adidas,46620.25,65404.23,Supplier_447,0.2872
PRD00805,Puma Men's Clothing 8629,Fashion,Men's Clothing,Puma,23370.45,25746.89,Supplier_393,0.0923
PRD00806,Zara Footwear 3538,Fashion,Footwear,Zara,28899.11,35450.75,Supplier_165,0.1848
PRD00807,Nike Women's Clothing 7327,Fashion,Women's Clothing,Nike,14364.04,19106.61,Supplier_344,0.2482
PRD00808,Adidas Men's Clothing 349,Fashion,Men's Clothing,Adidas,7508.57,9074.93,Supplier_491,0.1726
PRD00809,H&M Jewelry & Accessories 5318,Fashion,Jewelry & Accessories,H&M,10368.54,12905.2,Supplier_139,0.1966
PRD00810,Adidas Women's Clothing 5201,Fashion,Women's Clothing,Adidas,28725.44,33335.85,Supplier_314,0.1383
PRD00811,Van Heusen Footwear 926,Fashion,Footwear,Van Heusen,2583.77,2825.68,Supplier_055,0.0856
PRD00812,Zara Bags & Luggage 9866,Fashion,Bags & Luggage,Zara,4351.67,5501.39,Supplier_457,0.209
PRD00813,Van Heusen Jewelry & Accessories 3346,Fashion,Jewelry & Accessories,Van Heusen,30834.95,37829.77,Supplier_366,0.1849
PRD00814,H&M Jewelry & Accessories 7729,Fashion,Jewelry & Accessories,H&M,48685.41,69873.26,Supplier_291,0.3032
PRD00815,H&M Women's Clothing 7772,Fashion,Women's Clothing,H&M,40651.91,61476.01,Supplier_050,0.3387
PRD00816,Adidas Bags & Luggage 7725,Fashion,Bags & Luggage,Adidas,34239.67,48408.1,Supplier_241,0.2927
PRD00817,Nike Women's Clothing 4327,Fashion,Women's Clothing,Nike,7228.9,10850.43,Supplier_468,0.3338
PRD00818,Arrow Footwear 5512,Fashion,Footwear,Arrow,9208.49,13915.08,Supplier_404,0.3382
PRD00819,Van Heusen Footwear 1949,Fashion,Footwear,Van Heusen,24400.96,27102.67,Supplier_180,0.0997
PRD00820,Van Heusen Bags & Luggage 5811,Fashion,Bags & Luggage,Van Heusen,42296.02,51290.73,Supplier_310,0.1754
PRD00821,Levi's Jewelry & Accessories 1852,Fashion,Jewelry & Accessories,Levi's,25422.09,32303.15,Supplier_167,0.213
PRD00822,H&M Jewelry & Accessories 6666,Fashion,Jewelry & Accessories,H&M,39631.93,52725.94,Supplier_303,0.2483
PRD00823,Nike Bags & Luggage 8003,Fashion,Bags & Luggage,Nike,31062.7,41547.48,Supplier_197,0.2524
PRD00824,Puma Men's Clothing 7163,Fashion,Men's Clothing,Puma,10451.5,14696.98,Supplier_402,0.2889
PRD00825,Puma Bags & Luggage 1376,Fashion,Bags & Luggage,Puma,27249.12,32453.5,Supplier_379,0.1604
PRD00826,Van Heusen Jewelry & Accessories 5430,Fashion,Jewelry & Accessories,Van Heusen,5760.43,7835.08,Supplier_285,0.2648
PRD00827,Van Heusen Men's Clothing 1240,Fashion,Men's Clothing,Van Heusen,8849.89,13533.83,Supplier_307,0.3461
PRD00828,Arrow Men's Clothing 1107,Fashion,Men's Clothing,Arrow,16404.04,22689.16,Supplier_047,0.277
PRD00829,Levi's Women's Clothing 103,Fashion,Women's Clothing,Levi's,44368.71,66754.07,Supplier_388,0.3353
PRD00830,Levi's Women's Clothing 9568,Fashion,Women's Clothing,Levi's,22676.07,27596.93,Supplier_229,0.1783
PRD00831,Nike Women's Clothing 9443,Fashion,Women's Clothing,Nike,34091.76,41891.99,Supplier_407,0.1862
PRD00832,Arrow Footwear 1562,Fashion,Footwear,Arrow,35903.67,54218.33,Supplier_299,0.3378
PRD00833,Arrow Men's Clothing 1122,Fashion,Men's Clothing,Arrow,42389.46,62765.12,Supplier_190,0.3246
PRD00834,Zara Jewelry & Accessories 5985,Fashion,Jewelry & Accessories,Zara,92.12,123.74,Supplier_057,0.2555
PRD00835,Zara Footwear 6559,Fashion,Footwear,Zara,11800.3,16638.95,Supplier_321,0.2908
PRD00836,Arrow Footwear 3560,Fashion,Footwear,Arrow,20331.33,26116.39,Supplier_340,0.2215
PRD00837,Van Heusen Women's Clothing 6002,Fashion,Women's Clothing,Van Heusen,6996.49,9382.63,Supplier_431,0.2543
PRD00838,Levi's Bags & Luggage 2156,Fashion,Bags & Luggage,Levi's,14459.12,21546.77,Supplier_069,0.3289
PRD00839,H&M Men's Clothing 8074,Fashion,Men's Clothing,H&M,32437.04,37227.28,Supplier_337,0.1287
PRD00840,Levi's Bags & Luggage 6913,Fashion,Bags & Luggage,Levi's,4278.94,5912.87,Supplier_441,0.2763
PRD00841,Arrow Bags & Luggage 7048,Fashion,Bags & Luggage,Arrow,31181.26,40335.0,Supplier_283,0.2269
PRD00842,Arrow Bags & Luggage 221,Fashion,Bags & Luggage,Arrow,17797.6,20775.53,Supplier_296,0.1433
PRD00843,Nike Bags & Luggage 9048,Fashion,Bags & Luggage,Nike,35620.89,42978.3,Supplier_296,0.1712
PRD00844,Zara Footwear 6138,Fashion,Footwear,Zara,48912.76,65886.97,Supplier_058,0.2576
PRD00845,Van Heusen Jewelry & Accessories 8724,Fashion,Jewelry & Accessories,Van Heusen,48088.8,53745.47,Supplier_440,0.1052
PRD00846,Van Heusen Footwear 1549,Fashion,Footwear,Van Heusen,25871.63,34305.2,Supplier_126,0.2458
PRD00847,H&M Bags & Luggage 9596,Fashion,Bags & Luggage,H&M,34219.5,45629.06,Supplier_160,0.2501
PRD00848,Zara Jewelry & Accessories 276,Fashion,Jewelry & Accessories,Zara,45184.08,60161.05,Supplier_241,0.2489
PRD00849,Van Heusen Bags & Luggage 5882,Fashion,Bags & Luggage,Van Heusen,28719.57,35491.98,Supplier_492,0.1908
PRD00850,Adidas Footwear 9891,Fashion,Footwear,Adidas,8417.03,11840.02,Supplier_384,0.2891
PRD00851,Adidas Footwear 2870,Fashion,Footwear,Adidas,3117.82,4060.6,Supplier_294,0.2322
PRD00852,Adidas Men's Clothing 4799,Fashion,Men's Clothing,Adidas,40454.34,55561.16,Supplier_249,0.2719
PRD00853,Levi's Men's Clothing 4652,Fashion,Men's Clothing,Levi's,25304.53,37455.24,Supplier_130,0.3244
PRD00854,Adidas Women's Clothing 1927,Fashion,Women's Clothing,Adidas,13797.09,16567.12,Supplier_310,0.1672
PRD00855,Levi's Women's Clothing 2973,Fashion,Women's Clothing,Levi's,32974.82,41343.51,Supplier_134,0.2024
PRD00856,Van Heusen Women's Clothing 642,Fashion,Women's Clothing,Van Heusen,9081.42,12058.97,Supplier_176,0.2469
PRD00857,Levi's Men's Clothing 8225,Fashion,Men's Clothing,Levi's,29797.43,43689.29,Supplier_386,0.318
PRD00858,Arrow Bags & Luggage 2840,Fashion,Bags & Luggage,Arrow,11935.47,15359.6,Supplier_108,0.2229
PRD00859,Puma Jewelry & Accessories 2000,Fashion,Jewelry & Accessories,Puma,2763.57,3328.07,Supplier_027,0.1696
PRD00860,Van Heusen Women's Clothing 8824,Fashion,Women's Clothing,Van Heusen,19967.3,24392.9,Supplier_120,0.1814
PRD00861,Arrow Bags & Luggage 7222,Fashion,Bags & Luggage,Arrow,23755.75,27276.84,Supplier_007,0.1291
PRD00862,Van Heusen Footwear 8787,Fashion,Footwear,Van Heusen,19131.1,23500.14,Supplier_350,0.1859
PRD00863,H&M Men's Clothing 7174,Fashion,Men's Clothing,H&M,45889.72,63308.97,Supplier_313,0.2751
PRD00864,Puma Footwear 4283,Fashion,Footwear,Puma,13552.79,19747.62,Supplier_336,0.3137
PRD00865,Arrow Jewelry & Accessories 4061,Fashion,Jewelry & Accessories,Arrow,23082.37,32255.0,Supplier_376,0.2844
PRD00866,Nike Jewelry & Accessories 3047,Fashion,Jewelry & Accessories,Nike,26021.62,36391.95,Supplier_161,0.285
PRD00867,Zara Jewelry & Accessories 295,Fashion,Jewelry & Accessories,Zara,33656.45,49505.07,Supplier_211,0.3201
PRD00868,H&M Men's Clothing 4741,Fashion,Men's Clothing,H&M,34290.7,42699.22,Supplier_129,0.1969
PRD00869,Zara Women's Clothing 9834,Fashion,Women's Clothing,Zara,1233.84,1385.86,Supplier_337,0.1097
PRD00870,H&M Women's Clothing 2228,Fashion,Women's Clothing,H&M,35418.35,40249.03,Supplier_193,0.12
PRD00871,Levi's Jewelry & Accessories 4250,Fashion,Jewelry & Accessories,Levi's,44805.28,63039.11,Supplier_151,0.2892
PRD00872,H&M Bags & Luggage 4628,Fashion,Bags & Luggage,H&M,31957.09,48372.39,Supplier_394,0.3394
PRD00873,Puma Bags & Luggage 4643,Fashion,Bags & Luggage,Puma,12903.96,18671.3,Supplier_398,0.3089
PRD00874,Arrow Men's Clothing 4330,Fashion,Men's Clothing,Arrow,19460.09,30126.18,Supplier_490,0.354
PRD00875,Levi's Footwear 3387,Fashion,Footwear,Levi's,22056.71,28918.76,Supplier_313,0.2373
PRD00876,Levi's Bags & Luggage 8957,Fashion,Bags & Luggage,Levi's,32291.88,36520.9,Supplier_394,0.1158
PRD00877,Nike Bags & Luggage 7334,Fashion,Bags & Luggage,Nike,30717.62,34708.99,Supplier_367,0.115
PRD00878,H&M Footwear 4205,Fashion,Footwear,H&M,1791.3,1993.88,Supplier_398,0.1016
PRD00879,Zara Bags & Luggage 114,Fashion,Bags & Luggage,Zara,44830.79,51553.68,Supplier_478,0.1304
PRD00880,Arrow Men's Clothing 6511,Fashion,Men's Clothing,Arrow,13358.5,18822.47,Supplier_295,0.2903
PRD00881,Van Heusen Men's Clothing 1248,Fashion,Men's Clothing,Van Heusen,23933.06,30391.13,Supplier_277,0.2125
PRD00882,Zara Women's Clothing 7998,Fashion,Women's Clothing,Zara,19251.97,27028.86,Supplier_063,0.2877
PRD00883,Puma Jewelry & Accessories 1004,Fashion,Jewelry & Accessories,Puma,16705.31,20419.39,Supplier_324,0.1819
PRD00884,Puma Men's Clothing 1418,Fashion,Men's Clothing,Puma,26754.58,40978.25,Supplier_431,0.3471
PRD00885,Adidas Bags & Luggage 744,Fashion,Bags & Luggage,Adidas,32407.24,37689.96,Supplier_496,0.1402
PRD00886,Nike Bags & Luggage 1849,Fashion,Bags & Luggage,Nike,14978.57,18923.16,Supplier_323,0.2085
PRD00887,Van Heusen Footwear 3204,Fashion,Footwear,Van Heusen,4288.88,5907.55,Supplier_072,0.274
PRD00888,Nike Men's Clothing 4007,Fashion,Men's Clothing,Nike,1316.96,2039.05,Supplier_251,0.3541
PRD00889,H&M Bags & Luggage 8286,Fashion,Bags & Luggage,H&M,39647.32,54808.52,Supplier_274,0.2766
PRD00890,Zara Bags & Luggage 801,Fashion,Bags & Luggage,Zara,1900.28,2102.37,Supplier_208,0.0961
PRD00891,Nike Men's Clothing 7609,Fashion,Men's Clothing,Nike,40364.83,56253.99,Supplier_482,0.2825
PRD00892,Levi's Jewelry & Accessories 1280,Fashion,Jewelry & Accessories,Levi's,37065.52,44089.56,Supplier_019,0.1593
PRD00893,Van Heusen Women's Clothing 850,Fashion,Women's Clothing,Van Heusen,32708.88,42569.73,Supplier_125,0.2316
PRD00894,Zara Women's Clothing 5135,Fashion,Women's Clothing,Zara,8653.84,9549.34,Supplier_421,0.0938
PRD00895,Van Heusen Men's Clothing 1147,Fashion,Men's Clothing,Van Heusen,30580.73,45033.66,Supplier_419,0.3209
PRD00896,H&M Men's Clothing 3713,Fashion,Men's Clothing,H&M,24882.32,36219.01,Supplier_033,0.313
PRD00897,Arrow Women's Clothing 6686,Fashion,Women's Clothing,Arrow,16900.29,24891.95,Supplier_167,0.3211
PRD00898,Levi's Men's Clothing 3593,Fashion,Men's Clothing,Levi's,16113.41,24708.39,Supplier_392,0.3479
PRD00899,Levi's Men's Clothing 2414,Fashion,Men's Clothing,Levi's,16808.41,19106.97,Supplier_388,0.1203
PRD00900,Levi's Bags & Luggage 7287,Fashion,Bags & Luggage,Levi's,34829.97,46675.7,Supplier_125,0.2538
PRD00901,Zara Jewelry & Accessories 6262,Fashion,Jewelry & Accessories,Zara,6711.88,9744.27,Supplier_399,0.3112
PRD00902,Zara Women's Clothing 218,Fashion,Women's Clothing,Zara,43987.37,49175.22,Supplier_092,0.1055
PRD00903,Adidas Men's Clothing 7898,Fashion,Men's Clothing,Adidas,20840.3,30416.07,Supplier_355,0.3148
PRD00904,Nike Women's Clothing 7479,Fashion,Women's Clothing,Nike,7197.24,8689.56,Supplier_211,0.1717
PRD00905,Levi's Women's Clothing 3049,Fashion,Women's Clothing,Levi's,30546.37,33530.2,Supplier_368,0.089
PRD00906,H&M Bags & Luggage 5799,Fashion,Bags & Luggage,H&M,31378.22,45429.83,Supplier_215,0.3093
PRD00907,Nike Men's Clothing 1667,Fashion,Men's Clothing,Nike,9635.55,14874.43,Supplier_317,0.3522
PRD00908,Nike Footwear 3509,Fashion,Footwear,Nike,23237.59,31938.63,Supplier_142,0.2724
PRD00909,Nike Men's Clothing 7872,Fashion,Men's Clothing,Nike,5678.32,6530.82,Supplier_255,0.1305
PRD00910,Levi's Women's Clothing 6066,Fashion,Women's Clothing,Levi's,33523.62,36884.84,Supplier_146,0.0911
PRD00911,Arrow Women's Clothing 7524,Fashion,Women's Clothing,Arrow,12606.52,17269.74,Supplier_023,0.27
PRD00912,Zara Men's Clothing 576,Fashion,Men's Clothing,Zara,46246.82,53769.66,Supplier_249,0.1399
PRD00913,H&M Jewelry & Accessories 7387,Fashion,Jewelry & Accessories,H&M,3589.43,4273.54,Supplier_304,0.1601
PRD00914,Puma Jewelry & Accessories 5436,Fashion,Jewelry & Accessories,Puma,20982.36,30028.5,Supplier_118,0.3013
PRD00915,Puma Men's Clothing 6859,Fashion,Men's Clothing,Puma,11427.71,13615.5,Supplier_446,0.1607
PRD00916,Arrow Women's Clothing 9686,Fashion,Women's Clothing,Arrow,44573.69,49680.01,Supplier_249,0.1028
PRD00917,Arrow Men's Clothing 7554,Fashion,Men's Clothing,Arrow,7289.82,11052.15,Supplier_092,0.3404
PRD00918,Puma Bags & Luggage 5975,Fashion,Bags & Luggage,Puma,6863.41,9734.48,Supplier_500,0.2949
PRD00919,Nike Footwear 9417,Fashion,Footwear,Nike,16827.77,18427.83,Supplier_031,0.0868
PRD00920,Levi's Footwear 6952,Fashion,Footwear,Levi's,5599.91,7273.17,Supplier_088,0.2301
PRD00921,Nike Footwear 2884,Fashion,Footwear,Nike,44326.13,60447.94,Supplier_296,0.2667
PRD00922,Nike Jewelry & Accessories 8115,Fashion,Jewelry & Accessories,Nike,4369.39,6478.83,Supplier_442,0.3256
PRD00923,Van Heusen Women's Clothing 7114,Fashion,Women's Clothing,Van Heusen,41857.6,50698.36,Supplier_377,0.1744
PRD00924,Nike Women's Clothing 9795,Fashion,Women's Clothing,Nike,16398.43,22176.41,Supplier_485,0.2605
PRD00925,Zara Women's Clothing 7811,Fashion,Women's Clothing,Zara,20917.7,23025.9,Supplier_376,0.0916
PRD00926,Zara Jewelry & Accessories 1705,Fashion,Jewelry & Accessories,Zara,21313.6,26968.75,Supplier_232,0.2097
PRD00927,Nike Bags & Luggage 6762,Fashion,Bags & Luggage,Nike,4200.42,6023.18,Supplier_487,0.3026
PRD00928,Levi's Women's Clothing 1586,Fashion,Women's Clothing,Levi's,17952.36,21405.66,Supplier_009,0.1613
PRD00929,Adidas Bags & Luggage 9445,Fashion,Bags & Luggage,Adidas,8132.05,10538.02,Supplier_383,0.2283
PRD00930,Zara Jewelry & Accessories 2371,Fashion,Jewelry & Accessories,Zara,48822.22,63369.65,Supplier_448,0.2296
PRD00931,Levi's Bags & Luggage 7707,Fashion,Bags & Luggage,Levi's,39503.44,49541.17,Supplier_361,0.2026
PRD00932,H&M Men's Clothing 8798,Fashion,Men's Clothing,H&M,19274.72,27074.29,Supplier_017,0.2881
PRD00933,Arrow Footwear 8987,Fashion,Footwear,Arrow,37656.76,53023.95,Supplier_295,0.2898
PRD00934,H&M Women's Clothing 998,Fashion,Women's Clothing,H&M,31041.74,38422.74,Supplier_264,0.1921
PRD00935,Zara Footwear 769,Fashion,Footwear,Zara,5592.78,7001.2,Supplier_188,0.2012
PRD00936,Levi's Footwear 9287,Fashion,Footwear,Levi's,32426.22,45762.82,Supplier_364,0.2914
PRD00937,Levi's Women's Clothing 1960,Fashion,Women's Clothing,Levi's,49063.52,58491.44,Supplier_333,0.1612
PRD00938,Nike Bags & Luggage 5350,Fashion,Bags & Luggage,Nike,37671.02,54156.48,Supplier_181,0.3044
PRD00939,Arrow Footwear 5756,Fashion,Footwear,Arrow,13893.41,15418.68,Supplier_232,0.0989
PRD00940,H&M Bags & Luggage 8830,Fashion,Bags & Luggage,H&M,23534.68,31301.01,Supplier_461,0.2481
PRD00941,Van Heusen Footwear 1175,Fashion,Footwear,Van Heusen,31066.52,45231.45,Supplier_097,0.3132
PRD00942,H&M Bags & Luggage 4824,Fashion,Bags & Luggage,H&M,4054.51,6090.01,Supplier_491,0.3342
PRD00943,H&M Men's Clothing 2524,Fashion,Men's Clothing,H&M,8280.07,9378.43,Supplier_255,0.1171
PRD00944,Nike Women's Clothing 4903,Fashion,Women's Clothing,Nike,26058.35,35825.54,Supplier_214,0.2726
PRD00945,Levi's Jewelry & Accessories 451,Fashion,Jewelry & Accessories,Levi's,23721.55,30303.36,Supplier_150,0.2172
PRD00946,H&M Women's Clothing 8613,Fashion,Women's Clothing,H&M,1150.73,1676.54,Supplier_331,0.3136
PRD00947,Arrow Footwear 5446,Fashion,Footwear,Arrow,28956.3,40197.35,Supplier_249,0.2796
PRD00948,Van Heusen Jewelry & Accessories 5121,Fashion,Jewelry & Accessories,Van Heusen,22927.45,30874.29,Supplier_088,0.2574
PRD00949,Nike Footwear 875,Fashion,Footwear,Nike,24237.94,37235.3,Supplier_076,0.3491
PRD00950,Adidas Footwear 2734,Fashion,Footwear,Adidas,22823.53,26434.0,Supplier_365,0.1366
PRD00951,Adidas Jewelry & Accessories 2614,Fashion,Jewelry & Accessories,Adidas,9154.91,10641.84,Supplier_083,0.1397
PRD00952,H&M Women's Clothing 2172,Fashion,Women's Clothing,H&M,2105.52,2587.29,Supplier_226,0.1862
PRD00953,Puma Footwear 668,Fashion,Footwear,Puma,9265.6,12456.39,Supplier_341,0.2562
PRD00954,Puma Footwear 2763,Fashion,Footwear,Puma,7439.81,9603.02,Supplier_274,0.2253
PRD00955,H&M Footwear 8282,Fashion,Footwear,H&M,46025.68,58459.25,Supplier_394,0.2127
PRD00956,Van Heusen Women's Clothing 9048,Fashion,Women's Clothing,Van Heusen,46394.17,53508.49,Supplier_500,0.133
PRD00957,Puma Jewelry & Accessories 4848,Fashion,Jewelry & Accessories,Puma,32379.84,39468.17,Supplier_497,0.1796
PRD00958,Levi's Jewelry & Accessories 7343,Fashion,Jewelry & Accessories,Levi's,39988.83,56880.73,Supplier_174,0.297
PRD00959,Van Heusen Men's Clothing 9126,Fashion,Men's Clothing,Van Heusen,45013.71,51564.51,Supplier_060,0.127
PRD00960,Zara Footwear 7406,Fashion,Footwear,Zara,20111.41,29668.6,Supplier_183,0.3221
PRD00961,Puma Men's Clothing 9658,Fashion,Men's Clothing,Puma,2798.93,3866.49,Supplier_270,0.2761
PRD00962,Adidas Women's Clothing 7398,Fashion,Women's Clothing,Adidas,9826.0,10998.11,Supplier_347,0.1066
PRD00963,Arrow Men's Clothing 8481,Fashion,Men's Clothing,Arrow,9762.78,12001.84,Supplier_484,0.1866
PRD00964,Puma Men's Clothing 7106,Fashion,Men's Clothing,Puma,19908.02,28199.77,Supplier_190,0.294
PRD00965,Puma Bags & Luggage 5147,Fashion,Bags & Luggage,Puma,658.93,818.47,Supplier_229,0.1949
PRD00966,H&M Jewelry & Accessories 6909,Fashion,Jewelry & Accessories,H&M,10823.97,16206.39,Supplier_412,0.3321
PRD00967,Adidas Bags & Luggage 7044,Fashion,Bags & Luggage,Adidas,8231.33,11706.27,Supplier_374,0.2968
PRD00968,Levi's Bags & Luggage 2453,Fashion,Bags & Luggage,Levi's,41783.8,56869.0,Supplier_107,0.2653
PRD00969,Van Heusen Footwear 5595,Fashion,Footwear,Van Heusen,49419.7,65574.58,Supplier_034,0.2464
PRD00970,Arrow Jewelry & Accessories 4578,Fashion,Jewelry & Accessories,Arrow,4467.99,5685.28,Supplier_213,0.2141
PRD00971,Van Heusen Women's Clothing 2343,Fashion,Women's Clothing,Van Heusen,35526.84,50979.76,Supplier_103,0.3031
PRD00972,Arrow Women's Clothing 5047,Fashion,Women's Clothing,Arrow,14508.69,19014.73,Supplier_428,0.237
PRD00973,Adidas Jewelry & Accessories 3778,Fashion,Jewelry & Accessories,Adidas,24730.32,35308.28,Supplier_014,0.2996
PRD00974,Levi's Men's Clothing 7842,Fashion,Men's Clothing,Levi's,13170.72,20142.41,Supplier_064,0.3461
PRD00975,Arrow Footwear 4109,Fashion,Footwear,Arrow,9009.65,13570.27,Supplier_015,0.3361
PRD00976,Adidas Men's Clothing 9912,Fashion,Men's Clothing,Adidas,24677.86,37909.98,Supplier_382,0.349
PRD00977,Van Heusen Footwear 7899,Fashion,Footwear,Van Heusen,28300.45,42114.54,Supplier_499,0.328
PRD00978,Puma Men's Clothing 4352,Fashion,Men's Clothing,Puma,25650.67,34638.0,Supplier_084,0.2595
PRD00979,Zara Jewelry & Accessories 2319,Fashion,Jewelry & Accessories,Zara,7349.55,9530.09,Supplier_183,0.2288
PRD00980,Zara Women's Clothing 5932,Fashion,Women's Clothing,Zara,13669.88,17458.78,Supplier_025,0.217
PRD00981,Adidas Footwear 8519,Fashion,Footwear,Adidas,26504.14,40288.12,Supplier_100,0.3421
PRD00982,H&M Women's Clothing 5385,Fashion,Women's Clothing,H&M,29958.19,34708.18,Supplier_447,0.1369
PRD00983,Adidas Footwear 6039,Fashion,Footwear,Adidas,13609.38,19162.62,Supplier_050,0.2898
PRD00984,Puma Jewelry & Accessories 8589,Fashion,Jewelry & Accessories,Puma,41174.58,44718.14,Supplier_145,0.0792
PRD00985,Van Heusen Footwear 2771,Fashion,Footwear,Van Heusen,20629.13,31208.29,Supplier_053,0.339
PRD00986,Levi's Women's Clothing 9253,Fashion,Women's Clothing,Levi's,25193.98,37056.3,Supplier_315,0.3201
PRD00987,H&M Jewelry & Accessories 2009,Fashion,Jewelry & Accessories,H&M,20896.45,31564.81,Supplier_420,0.338
PRD00988,Zara Women's Clothing 6040,Fashion,Women's Clothing,Zara,24001.94,29436.93,Supplier_072,0.1846
PRD00989,Puma Bags & Luggage 2043,Fashion,Bags & Luggage,Puma,8651.75,10582.83,Supplier_114,0.1825
PRD00990,Levi's Women's Clothing 3538,Fashion,Women's Clothing,Levi's,34417.96,42144.49,Supplier_067,0.1833
PRD00991,Arrow Men's Clothing 1373,Fashion,Men's Clothing,Arrow,34556.37,50054.69,Supplier_010,0.3096
PRD00992,Arrow Bags & Luggage 8512,Fashion,Bags & Luggage,Arrow,2173.72,2457.77,Supplier_304,0.1156
PRD00993,Van Heusen Men's Clothing 1185,Fashion,Men's Clothing,Van Heusen,5990.16,7181.7,Supplier_155,0.1659
PRD00994,H&M Men's Clothing 3465,Fashion,Men's Clothing,H&M,39129.42,59181.14,Supplier_301,0.3388
PRD00995,Levi's Women's Clothing 2484,Fashion,Women's Clothing,Levi's,33546.5,36691.54,Supplier_434,0.0857
PRD00996,Puma Footwear 4062,Fashion,Footwear,Puma,17642.55,26144.76,Supplier_259,0.3252
PRD00997,H&M Jewelry & Accessories 329,Fashion,Jewelry & Accessories,H&M,5000.33,6759.06,Supplier_271,0.2602
PRD00998,Nike Women's Clothing 8900,Fashion,Women's Clothing,Nike,48214.98,55964.74,Supplier_003,0.1385
PRD00999,Nike Men's Clothing 7877,Fashion,Men's Clothing,Nike,46027.84,68126.24,Supplier_188,0.3244
PRD01000,Levi's Jewelry & Accessories 3063,Fashion,Jewelry & Accessories,Levi's,22011.31,33680.42,Supplier_428,0.3465
PRD01001,Arrow Footwear 6777,Fashion,Footwear,Arrow,21233.39,28064.13,Supplier_058,0.2434
PRD01002,H&M Footwear 8223,Fashion,Footwear,H&M,23321.79,30884.39,Supplier_391,0.2449
PRD01003,Adidas Footwear 5475,Fashion,Footwear,Adidas,27878.75,30641.14,Supplier_253,0.0902
PRD01004,Arrow Men's Clothing 5211,Fashion,Men's Clothing,Arrow,14216.39,19365.33,Supplier_352,0.2659
PRD01005,Nike Bags & Luggage 7111,Fashion,Bags & Luggage,Nike,27718.1,33721.2,Supplier_097,0.178
PRD01006,Van Heusen Men's Clothing 309,Fashion,Men's Clothing,Van Heusen,46957.15,58823.1,Supplier_346,0.2017
PRD01007,H&M Bags & Luggage 1492,Fashion,Bags & Luggage,H&M,19848.67,26312.42,Supplier_062,0.2457
PRD01008,Arrow Women's Clothing 1766,Fashion,Women's Clothing,Arrow,20061.18,27234.29,Supplier_380,0.2634
PRD01009,H&M Women's Clothing 3381,Fashion,Women's Clothing,H&M,18217.31,21379.3,Supplier_305,0.1479
PRD01010,H&M Bags & Luggage 8277,Fashion,Bags & Luggage,H&M,11681.84,14948.21,Supplier_143,0.2185
PRD01011,Adidas Jewelry & Accessories 6657,Fashion,Jewelry & Accessories,Adidas,37827.33,55094.09,Supplier_183,0.3134
PRD01012,Arrow Bags & Luggage 2514,Fashion,Bags & Luggage,Arrow,49376.78,65195.36,Supplier_394,0.2426
PRD01013,H&M Bags & Luggage 3881,Fashion,Bags & Luggage,H&M,6153.39,8060.88,Supplier_322,0.2366
PRD01014,Zara Women's Clothing 1217,Fashion,Women's Clothing,Zara,5025.19,5552.03,Supplier_256,0.0949
PRD01015,Levi's Men's Clothing 2602,Fashion,Men's Clothing,Levi's,19162.52,26812.7,Supplier_156,0.2853
PRD01016,H&M Jewelry & Accessories 8618,Fashion,Jewelry & Accessories,H&M,38020.56,52875.49,Supplier_393,0.2809
PRD01017,Van Heusen Bags & Luggage 8132,Fashion,Bags & Luggage,Van Heusen,10136.49,14101.72,Supplier_259,0.2812
PRD01018,Puma Footwear 389,Fashion,Footwear,Puma,40483.61,54007.1,Supplier_488,0.2504
PRD01019,Arrow Men's Clothing 7474,Fashion,Men's Clothing,Arrow,44012.28,49997.64,Supplier_162,0.1197
PRD01020,Van Heusen Bags & Luggage 9220,Fashion,Bags & Luggage,Van Heusen,23009.83,25205.98,Supplier_338,0.0871
PRD01021,Levi's Footwear 6474,Fashion,Footwear,Levi's,24599.41,28122.28,Supplier_250,0.1253
PRD01022,Van Heusen Men's Clothing 9475,Fashion,Men's Clothing,Van Heusen,33020.93,46299.5,Supplier_241,0.2868
PRD01023,Levi's Bags & Luggage 8205,Fashion,Bags & Luggage,Levi's,25358.92,32052.43,Supplier_303,0.2088
PRD01024,Puma Bags & Luggage 1106,Fashion,Bags & Luggage,Puma,38335.21,46526.89,Supplier_015,0.1761
PRD01025,Zara Jewelry & Accessories 9667,Fashion,Jewelry & Accessories,Zara,6453.49,8081.14,Supplier_014,0.2014
PRD01026,Arrow Footwear 5955,Fashion,Footwear,Arrow,4912.63,6102.55,Supplier_211,0.195
PRD01027,Zara Footwear 5213,Fashion,Footwear,Zara,33078.94,39574.93,Supplier_304,0.1641
PRD01028,H&M Men's Clothing 2881,Fashion,Men's Clothing,H&M,43453.55,49267.7,Supplier_011,0.118
PRD01029,Puma Jewelry & Accessories 7021,Fashion,Jewelry & Accessories,Puma,1917.01,2663.02,Supplier_291,0.2801
PRD01030,Arrow Jewelry & Accessories 9733,Fashion,Jewelry & Accessories,Arrow,13367.61,18809.57,Supplier_012,0.2893
PRD01031,Arrow Footwear 1701,Fashion,Footwear,Arrow,28539.16,35147.06,Supplier_414,0.188
PRD01032,H&M Bags & Luggage 8238,Fashion,Bags & Luggage,H&M,34558.66,40667.83,Supplier_258,0.1502
PRD01033,Levi's Footwear 7243,Fashion,Footwear,Levi's,30760.65,38474.41,Supplier_104,0.2005
PRD01034,H&M Bags & Luggage 4808,Fashion,Bags & Luggage,H&M,42027.01,55973.34,Supplier_136,0.2492
PRD01035,Adidas Men's Clothing 3800,Fashion,Men's Clothing,Adidas,49811.57,63208.53,Supplier_320,0.2119
PRD01036,H&M Men's Clothing 9380,Fashion,Men's Clothing,H&M,29613.64,35787.54,Supplier_411,0.1725
PRD01037,Van Heusen Jewelry & Accessories 1356,Fashion,Jewelry & Accessories,Van Heusen,21383.94,26585.34,Supplier_334,0.1956
PRD01038,Adidas Footwear 3378,Fashion,Footwear,Adidas,21673.88,28908.09,Supplier_213,0.2502
PRD01039,Adidas Bags & Luggage 9071,Fashion,Bags & Luggage,Adidas,31266.95,40428.71,Supplier_093,0.2266
PRD01040,Levi's Men's Clothing 7756,Fashion,Men's Clothing,Levi's,28863.32,34061.25,Supplier_138,0.1526
PRD01041,Arrow Jewelry & Accessories 1081,Fashion,Jewelry & Accessories,Arrow,46735.06,66434.31,Supplier_268,0.2965
PRD01042,Puma Women's Clothing 5019,Fashion,Women's Clothing,Puma,23151.21,27618.83,Supplier_433,0.1618
PRD01043,Arrow Bags & Luggage 1155,Fashion,Bags & Luggage,Arrow,15966.73,23474.3,Supplier_325,0.3198
PRD01044,Arrow Women's Clothing 2731,Fashion,Women's Clothing,Arrow,13383.39,16259.63,Supplier_132,0.1769
PRD01045,Nike Jewelry & Accessories 3244,Fashion,Jewelry & Accessories,Nike,20323.0,23033.53,Supplier_015,0.1177
PRD01046,Adidas Women's Clothing 7245,Fashion,Women's Clothing,Adidas,23234.78,31207.05,Supplier_217,0.2555
PRD01047,Nike Men's Clothing 4333,Fashion,Men's Clothing,Nike,8009.96,9164.37,Supplier_405,0.126
PRD01048,Levi's Footwear 8060,Fashion,Footwear,Levi's,32232.48,35450.87,Supplier_401,0.0908
PRD01049,Zara Men's Clothing 9956,Fashion,Men's Clothing,Zara,42986.22,48120.79,Supplier_153,0.1067
PRD01050,Arrow Men's Clothing 1579,Fashion,Men's Clothing,Arrow,44843.82,62587.89,Supplier_204,0.2835
PRD01051,Nike Women's Clothing 2076,Fashion,Women's Clothing,Nike,5641.02,8039.61,Supplier_268,0.2983
PRD01052,Adidas Jewelry & Accessories 9927,Fashion,Jewelry & Accessories,Adidas,24847.73,27889.51,Supplier_063,0.1091
PRD01053,Puma Footwear 3965,Fashion,Footwear,Puma,41625.09,59378.24,Supplier_479,0.299
PRD01054,Nike Bags & Luggage 4598,Fashion,Bags & Luggage,Nike,7256.68,8434.6,Supplier_226,0.1397
PRD01055,Adidas Bags & Luggage 8840,Fashion,Bags & Luggage,Adidas,43151.85,47738.24,Supplier_192,0.0961
PRD01056,Puma Men's Clothing 4136,Fashion,Men's Clothing,Puma,27309.96,35589.83,Supplier_494,0.2326
PRD01057,Levi's Footwear 5149,Fashion,Footwear,Levi's,18181.75,25752.0,Supplier_011,0.294
PRD01058,Zara Jewelry & Accessories 995,Fashion,Jewelry & Accessories,Zara,42081.57,58545.77,Supplier_354,0.2812
PRD01059,Adidas Women's Clothing 6045,Fashion,Women's Clothing,Adidas,27658.76,33891.83,Supplier_463,0.1839
PRD01060,Nike Men's Clothing 6538,Fashion,Men's Clothing,Nike,42889.47,54151.45,Supplier_475,0.208
PRD01061,Adidas Footwear 3957,Fashion,Footwear,Adidas,4558.0,6685.09,Supplier_153,0.3182
PRD01062,Levi's Women's Clothing 6756,Fashion,Women's Clothing,Levi's,45798.75,63052.78,Supplier_405,0.2736
PRD01063,Adidas Men's Clothing 8155,Fashion,Men's Clothing,Adidas,43328.91,63559.31,Supplier_242,0.3183
PRD01064,Puma Bags & Luggage 1744,Fashion,Bags & Luggage,Puma,35883.43,53540.87,Supplier_423,0.3298
PRD01065,Adidas Women's Clothing 9965,Fashion,Women's Clothing,Adidas,25341.41,31559.49,Supplier_374,0.197
PRD01066,Puma Jewelry & Accessories 953,Fashion,Jewelry & Accessories,Puma,22690.42,24797.34,Supplier_329,0.085
PRD01067,Van Heusen Women's Clothing 6664,Fashion,Women's Clothing,Van Heusen,39561.41,45256.8,Supplier_103,0.1258
PRD01068,Puma Footwear 4189,Fashion,Footwear,Puma,28811.68,32617.39,Supplier_265,0.1167
PRD01069,Arrow Women's Clothing 7937,Fashion,Women's Clothing,Arrow,39642.48,48764.91,Supplier_448,0.1871
PRD01070,Adidas Women's Clothing 5467,Fashion,Women's Clothing,Adidas,8715.28,11841.62,Supplier_410,0.264
PRD01071,Nike Footwear 6547,Fashion,Footwear,Nike,4265.73,5343.99,Supplier_449,0.2018
PRD01072,Nike Bags & Luggage 9250,Fashion,Bags & Luggage,Nike,1085.7,1184.28,Supplier_332,0.0832
PRD01073,Nike Jewelry & Accessories 3348,Fashion,Jewelry & Accessories,Nike,45346.9,69736.27,Supplier_135,0.3497
PRD01074,Zara Women's Clothing 4362,Fashion,Women's Clothing,Zara,20081.69,25736.38,Supplier_077,0.2197
PRD01075,Puma Men's Clothing 331,Fashion,Men's Clothing,Puma,8547.64,11510.29,Supplier_368,0.2574
PRD01076,Arrow Jewelry & Accessories 8196,Fashion,Jewelry & Accessories,Arrow,38679.3,58649.19,Supplier_061,0.3405
PRD01077,Nike Women's Clothing 4461,Fashion,Women's Clothing,Nike,9567.68,14209.06,Supplier_148,0.3266
PRD01078,Arrow Bags & Luggage 9931,Fashion,Bags & Luggage,Arrow,6553.46,9715.37,Supplier_111,0.3255
PRD01079,Nike Footwear 2491,Fashion,Footwear,Nike,20945.63,26642.97,Supplier_015,0.2138
PRD01080,Adidas Footwear 4168,Fashion,Footwear,Adidas,11812.51,15261.28,Supplier_190,0.226
PRD01081,Van Heusen Jewelry & Accessories 5396,Fashion,Jewelry & Accessories,Van Heusen,4332.65,5634.07,Supplier_499,0.231
PRD01082,Nike Bags & Luggage 9884,Fashion,Bags & Luggage,Nike,35681.13,50416.47,Supplier_132,0.2923
PRD01083,H&M Men's Clothing 3947,Fashion,Men's Clothing,H&M,27872.15,30784.59,Supplier_242,0.0946
PRD01084,Zara Footwear 6341,Fashion,Footwear,Zara,317.78,418.56,Supplier_155,0.2408
PRD01085,Puma Bags & Luggage 773,Fashion,Bags & Luggage,Puma,6655.3,9978.6,Supplier_298,0.333
PRD01086,Adidas Women's Clothing 5657,Fashion,Women's Clothing,Adidas,8534.83,11194.58,Supplier_450,0.2376
PRD01087,Levi's Bags & Luggage 7193,Fashion,Bags & Luggage,Levi's,4527.92,6401.66,Supplier_073,0.2927
PRD01088,H&M Footwear 8279,Fashion,Footwear,H&M,15697.82,24173.12,Supplier_447,0.3506
PRD01089,Puma Footwear 4412,Fashion,Footwear,Puma,46315.54,56179.59,Supplier_314,0.1756
PRD01090,Puma Footwear 8149,Fashion,Footwear,Puma,21816.98,25254.08,Supplier_392,0.1361
PRD01091,Van Heusen Women's Clothing 3866,Fashion,Women's Clothing,Van Heusen,2708.45,3114.32,Supplier_094,0.1303
PRD01092,Van Heusen Men's Clothing 7250,Fashion,Men's Clothing,Van Heusen,13048.19,18421.47,Supplier_060,0.2917
PRD01093,Zara Bags & Luggage 9289,Fashion,Bags & Luggage,Zara,22103.91,34144.9,Supplier_249,0.3526
PRD01094,Van Heusen Bags & Luggage 2525,Fashion,Bags & Luggage,Van Heusen,5668.92,8040.17,Supplier_064,0.2949
PRD01095,H&M Footwear 2857,Fashion,Footwear,H&M,10226.5,12410.21,Supplier_384,0.176
PRD01096,Adidas Jewelry & Accessories 3579,Fashion,Jewelry & Accessories,Adidas,28184.21,39223.25,Supplier_299,0.2814
PRD01097,Levi's Men's Clothing 8261,Fashion,Men's Clothing,Levi's,20850.13,23271.09,Supplier_347,0.104
PRD01098,Puma Men's Clothing 2098,Fashion,Men's Clothing,Puma,1346.81,1885.83,Supplier_202,0.2858
PRD01099,H&M Footwear 1428,Fashion,Footwear,H&M,41857.01,48230.76,Supplier_236,0.1322
PRD01100,Van Heusen Bags & Luggage 195,Fashion,Bags & Luggage,Van Heusen,31436.42,37930.55,Supplier_169,0.1712
PRD01101,Van Heusen Men's Clothing 9425,Fashion,Men's Clothing,Van Heusen,16279.53,23179.22,Supplier_067,0.2977
PRD01102,Zara Women's Clothing 1009,Fashion,Women's Clothing,Zara,40087.82,48626.06,Supplier_381,0.1756
PRD01103,Arrow Men's Clothing 4033,Fashion,Men's Clothing,Arrow,4672.92,5607.16,Supplier_495,0.1666
PRD01104,H&M Bags & Luggage 6465,Fashion,Bags & Luggage,H&M,1074.58,1265.71,Supplier_400,0.151
PRD01105,Adidas Bags & Luggage 2625,Fashion,Bags & Luggage,Adidas,32376.04,49489.47,Supplier_062,0.3458
PRD01106,Van Heusen Footwear 5180,Fashion,Footwear,Van Heusen,40064.97,57127.36,Supplier_463,0.2987
PRD01107,Levi's Jewelry & Accessories 6120,Fashion,Jewelry & Accessories,Levi's,17984.26,20235.39,Supplier_263,0.1112
PRD01108,Van Heusen Women's Clothing 4498,Fashion,Women's Clothing,Van Heusen,22299.85,28151.38,Supplier_289,0.2079
PRD01109,Arrow Jewelry & Accessories 6133,Fashion,Jewelry & Accessories,Arrow,4556.61,5826.05,Supplier_315,0.2179
PRD01110,Arrow Women's Clothing 8510,Fashion,Women's Clothing,Arrow,31552.78,35455.4,Supplier_175,0.1101
PRD01111,Nike Bags & Luggage 8215,Fashion,Bags & Luggage,Nike,32398.15,45856.62,Supplier_270,0.2935
PRD01112,H&M Jewelry & Accessories 7925,Fashion,Jewelry & Accessories,H&M,14570.62,18731.36,Supplier_154,0.2221
PRD01113,Levi's Women's Clothing 4173,Fashion,Women's Clothing,Levi's,34231.48,41803.21,Supplier_268,0.1811
PRD01114,Adidas Bags & Luggage 838,Fashion,Bags & Luggage,Adidas,28448.36,38091.42,Supplier_263,0.2532
PRD01115,Arrow Men's Clothing 9413,Fashion,Men's Clothing,Arrow,20680.32,26851.09,Supplier_417,0.2298
PRD01116,Puma Footwear 8348,Fashion,Footwear,Puma,12780.27,14293.86,Supplier_009,0.1059
PRD01117,Van Heusen Men's Clothing 6538,Fashion,Men's Clothing,Van Heusen,9018.63,10512.46,Supplier_024,0.1421
PRD01118,Arrow Men's Clothing 9720,Fashion,Men's Clothing,Arrow,43843.93,53484.96,Supplier_371,0.1803
PRD01119,Van Heusen Bags & Luggage 3166,Fashion,Bags & Luggage,Van Heusen,31209.33,37594.29,Supplier_109,0.1698
PRD01120,H&M Women's Clothing 1842,Fashion,Women's Clothing,H&M,37364.11,50961.09,Supplier_223,0.2668
PRD01121,Zara Jewelry & Accessories 2913,Fashion,Jewelry & Accessories,Zara,342.06,388.18,Supplier_336,0.1188
PRD01122,Van Heusen Bags & Luggage 9961,Fashion,Bags & Luggage,Van Heusen,34605.72,51504.62,Supplier_372,0.3281
PRD01123,Adidas Bags & Luggage 6010,Fashion,Bags & Luggage,Adidas,30944.04,47583.99,Supplier_354,0.3497
PRD01124,Adidas Bags & Luggage 3226,Fashion,Bags & Luggage,Adidas,4427.37,5062.71,Supplier_058,0.1255
PRD01125,Nike Men's Clothing 2478,Fashion,Men's Clothing,Nike,42957.65,50618.63,Supplier_333,0.1513
PRD01126,Arrow Women's Clothing 8924,Fashion,Women's Clothing,Arrow,42112.38,62467.36,Supplier_098,0.3258
PRD01127,Adidas Men's Clothing 7012,Fashion,Men's Clothing,Adidas,38497.57,44258.26,Supplier_012,0.1302
PRD01128,Levi's Men's Clothing 7395,Fashion,Men's Clothing,Levi's,45125.65,64404.55,Supplier_494,0.2993
PRD01129,Van Heusen Bags & Luggage 4075,Fashion,Bags & Luggage,Van Heusen,1030.41,1330.54,Supplier_104,0.2256
PRD01130,Arrow Footwear 7174,Fashion,Footwear,Arrow,2593.56,2810.64,Supplier_213,0.0772
PRD01131,Adidas Bags & Luggage 8510,Fashion,Bags & Luggage,Adidas,1899.01,2407.66,Supplier_303,0.2113
PRD01132,Van Heusen Jewelry & Accessories 411,Fashion,Jewelry & Accessories,Van Heusen,11633.69,12896.31,Supplier_217,0.0979
PRD01133,Puma Jewelry & Accessories 6934,Fashion,Jewelry & Accessories,Puma,27685.12,33385.18,Supplier_456,0.1707
PRD01134,H&M Bags & Luggage 5781,Fashion,Bags & Luggage,H&M,24764.7,37674.87,Supplier_230,0.3427
PRD01135,Zara Bags & Luggage 7788,Fashion,Bags & Luggage,Zara,8108.61,11524.92,Supplier_177,0.2964
PRD01136,Nike Bags & Luggage 5656,Fashion,Bags & Luggage,Nike,25406.42,34456.18,Supplier_472,0.2626
PRD01137,Van Heusen Jewelry & Accessories 6495,Fashion,Jewelry & Accessories,Van Heusen,6601.37,8039.78,Supplier_492,0.1789
PRD01138,Puma Bags & Luggage 2754,Fashion,Bags & Luggage,Puma,39808.83,57957.07,Supplier_319,0.3131
PRD01139,Adidas Women's Clothing 8011,Fashion,Women's Clothing,Adidas,34550.34,38714.01,Supplier_067,0.1075
PRD01140,Nike Women's Clothing 6915,Fashion,Women's Clothing,Nike,7857.89,10304.27,Supplier_483,0.2374
PRD01141,Adidas Bags & Luggage 397,Fashion,Bags & Luggage,Adidas,11774.21,15797.58,Supplier_184,0.2547
PRD01142,Puma Footwear 8348,Fashion,Footwear,Puma,33862.55,39352.21,Supplier_017,0.1395
PRD01143,Puma Men's Clothing 2077,Fashion,Men's Clothing,Puma,21559.49,29541.99,Supplier_288,0.2702
PRD01144,Van Heusen Women's Clothing 5920,Fashion,Women's Clothing,Van Heusen,12928.22,16030.38,Supplier_394,0.1935
PRD01145,Adidas Men's Clothing 8544,Fashion,Men's Clothing,Adidas,44821.07,66384.57,Supplier_310,0.3248
PRD01146,Zara Men's Clothing 7589,Fashion,Men's Clothing,Zara,46335.27,59576.9,Supplier_493,0.2223
PRD01147,H&M Men's Clothing 1769,Fashion,Men's Clothing,H&M,39093.54,53422.82,Supplier_422,0.2682
PRD01148,Zara Jewelry & Accessories 2034,Fashion,Jewelry & Accessories,Zara,25389.92,29414.52,Supplier_446,0.1368
PRD01149,Puma Women's Clothing 7333,Fashion,Women's Clothing,Puma,7893.78,9609.08,Supplier_391,0.1785
PRD01150,Van Heusen Jewelry & Accessories 6059,Fashion,Jewelry & Accessories,Van Heusen,36640.97,41282.22,Supplier_172,0.1124
PRD01151,H&M Women's Clothing 6911,Fashion,Women's Clothing,H&M,42437.32,54590.56,Supplier_394,0.2226
PRD01152,Nike Men's Clothing 4798,Fashion,Men's Clothing,Nike,41748.93,54383.06,Supplier_259,0.2323
PRD01153,H&M Women's Clothing 6899,Fashion,Women's Clothing,H&M,13337.48,18887.79,Supplier_185,0.2939
PRD01154,Levi's Women's Clothing 3838,Fashion,Women's Clothing,Levi's,37672.65,50064.53,Supplier_071,0.2475
PRD01155,Arrow Bags & Luggage 8556,Fashion,Bags & Luggage,Arrow,45905.1,68953.62,Supplier_407,0.3343
PRD01156,Zara Footwear 8576,Fashion,Footwear,Zara,22156.81,31949.49,Supplier_484,0.3065
PRD01157,H&M Men's Clothing 2792,Fashion,Men's Clothing,H&M,16948.27,21503.56,Supplier_223,0.2118
PRD01158,Arrow Men's Clothing 2573,Fashion,Men's Clothing,Arrow,37971.66,52791.35,Supplier_463,0.2807
PRD01159,Zara Jewelry & Accessories 8616,Fashion,Jewelry & Accessories,Zara,48887.76,75317.56,Supplier_499,0.3509
PRD01160,Arrow Footwear 9170,Fashion,Footwear,Arrow,20130.04,28182.24,Supplier_448,0.2857
PRD01161,Puma Footwear 4683,Fashion,Footwear,Puma,45466.08,49272.23,Supplier_461,0.0772
PRD01162,Levi's Jewelry & Accessories 3460,Fashion,Jewelry & Accessories,Levi's,35029.74,45178.17,Supplier_455,0.2246
PRD01163,Van Heusen Jewelry & Accessories 6727,Fashion,Jewelry & Accessories,Van Heusen,34888.67,52235.57,Supplier_398,0.3321
PRD01164,Adidas Women's Clothing 6489,Fashion,Women's Clothing,Adidas,4259.83,5676.62,Supplier_372,0.2496
PRD01165,Adidas Women's Clothing 5215,Fashion,Women's Clothing,Adidas,10726.04,14163.58,Supplier_267,0.2427
PRD01166,Levi's Footwear 8946,Fashion,Footwear,Levi's,1219.92,1827.99,Supplier_304,0.3326
PRD01167,Nike Footwear 7026,Fashion,Footwear,Nike,41619.84,50894.94,Supplier_259,0.1822
PRD01168,Zara Men's Clothing 8414,Fashion,Men's Clothing,Zara,42087.09,50592.28,Supplier_182,0.1681
PRD01169,Zara Men's Clothing 7452,Fashion,Men's Clothing,Zara,37840.17,57609.06,Supplier_153,0.3432
PRD01170,Zara Jewelry & Accessories 9628,Fashion,Jewelry & Accessories,Zara,22684.7,34979.51,Supplier_290,0.3515
PRD01171,Nike Jewelry & Accessories 9484,Fashion,Jewelry & Accessories,Nike,17549.34,21300.19,Supplier_345,0.1761
PRD01172,Arrow Women's Clothing 5471,Fashion,Women's Clothing,Arrow,26007.35,31114.87,Supplier_265,0.1642
PRD01173,Nike Jewelry & Accessories 1705,Fashion,Jewelry & Accessories,Nike,41150.99,51430.33,Supplier_076,0.1999
PRD01174,Arrow Bags & Luggage 2230,Fashion,Bags & Luggage,Arrow,4143.26,4595.83,Supplier_244,0.0985
PRD01175,Van Heusen Women's Clothing 6698,Fashion,Women's Clothing,Van Heusen,3949.73,5522.14,Supplier_302,0.2847
PRD01176,Arrow Jewelry & Accessories 7037,Fashion,Jewelry & Accessories,Arrow,43607.14,59071.23,Supplier_226,0.2618
PRD01177,Arrow Bags & Luggage 2182,Fashion,Bags & Luggage,Arrow,41199.4,47290.43,Supplier_249,0.1288
PRD01178,Levi's Bags & Luggage 8769,Fashion,Bags & Luggage,Levi's,48403.19,63950.16,Supplier_061,0.2431
PRD01179,Van Heusen Women's Clothing 9259,Fashion,Women's Clothing,Van Heusen,23694.11,33902.79,Supplier_190,0.3011
PRD01180,Arrow Men's Clothing 4844,Fashion,Men's Clothing,Arrow,5561.29,6972.22,Supplier_021,0.2024
PRD01181,Levi's Jewelry & Accessories 6235,Fashion,Jewelry & Accessories,Levi's,5931.22,7255.75,Supplier_156,0.1825
PRD01182,Van Heusen Footwear 9760,Fashion,Footwear,Van Heusen,1447.49,1660.49,Supplier_216,0.1283
PRD01183,Adidas Men's Clothing 8108,Fashion,Men's Clothing,Adidas,44458.41,52519.75,Supplier_002,0.1535
PRD01184,Puma Men's Clothing 7983,Fashion,Men's Clothing,Puma,3424.85,3770.76,Supplier_294,0.0917
PRD01185,Van Heusen Footwear 7886,Fashion,Footwear,Van Heusen,45019.35,65153.54,Supplier_428,0.309
PRD01186,Levi's Jewelry & Accessories 7651,Fashion,Jewelry & Accessories,Levi's,38109.46,50199.27,Supplier_390,0.2408
PRD01187,Van Heusen Bags & Luggage 1563,Fashion,Bags & Luggage,Van Heusen,7491.68,10653.89,Supplier_410,0.2968
PRD01188,Arrow Jewelry & Accessories 5654,Fashion,Jewelry & Accessories,Arrow,19392.39,29148.99,Supplier_277,0.3347
PRD01189,Van Heusen Men's Clothing 2813,Fashion,Men's Clothing,Van Heusen,36808.84,50928.0,Supplier_363,0.2772
PRD01190,Adidas Men's Clothing 9264,Fashion,Men's Clothing,Adidas,28074.17,31953.38,Supplier_044,0.1214
PRD01191,Zara Women's Clothing 7896,Fashion,Women's Clothing,Zara,47866.78,63434.22,Supplier_258,0.2454
PRD01192,H&M Men's Clothing 410,Fashion,Men's Clothing,H&M,32929.81,43795.79,Supplier_141,0.2481
PRD01193,Nike Women's Clothing 9595,Fashion,Women's Clothing,Nike,41493.04,61172.82,Supplier_228,0.3217
PRD01194,Puma Men's Clothing 481,Fashion,Men's Clothing,Puma,20119.8,22154.76,Supplier_175,0.0919
PRD01195,Levi's Bags & Luggage 5299,Fashion,Bags & Luggage,Levi's,20776.07,30832.41,Supplier_196,0.3262
PRD01196,H&M Footwear 2855,Fashion,Footwear,H&M,5776.5,6508.31,Supplier_147,0.1124
PRD01197,Levi's Women's Clothing 5126,Fashion,Women's Clothing,Levi's,12814.95,14379.98,Supplier_488,0.1088
PRD01198,Levi's Bags & Luggage 3073,Fashion,Bags & Luggage,Levi's,2992.74,4584.06,Supplier_014,0.3471
PRD01199,Adidas Men's Clothing 6863,Fashion,Men's Clothing,Adidas,19527.49,24027.0,Supplier_458,0.1873
PRD01200,Adidas Footwear 2081,Fashion,Footwear,Adidas,18806.88,27628.03,Supplier_027,0.3193
PRD01201,Nike Women's Clothing 8176,Fashion,Women's Clothing,Nike,37619.08,50990.17,Supplier_261,0.2622
PRD01202,Arrow Jewelry & Accessories 5315,Fashion,Jewelry & Accessories,Arrow,47470.38,57276.11,Supplier_238,0.1712
PRD01203,Arrow Jewelry & Accessories 3929,Fashion,Jewelry & Accessories,Arrow,3319.64,3630.31,Supplier_468,0.0856
PRD01204,Adidas Men's Clothing 1763,Fashion,Men's Clothing,Adidas,27726.06,37582.71,Supplier_127,0.2623
PRD01205,Levi's Jewelry & Accessories 1474,Fashion,Jewelry & Accessories,Levi's,15265.41,19404.94,Supplier_434,0.2133
PRD01206,Nike Jewelry & Accessories 8954,Fashion,Jewelry & Accessories,Nike,39154.94,44907.29,Supplier_087,0.1281
PRD01207,Arrow Women's Clothing 784,Fashion,Women's Clothing,Arrow,48069.54,64457.48,Supplier_001,0.2542
PRD01208,Adidas Bags & Luggage 1085,Fashion,Bags & Luggage,Adidas,32670.29,37854.06,Supplier_478,0.1369
PRD01209,Adidas Bags & Luggage 6328,Fashion,Bags & Luggage,Adidas,29913.49,44109.21,Supplier_180,0.3218
PRD01210,Adidas Women's Clothing 9325,Fashion,Women's Clothing,Adidas,2321.96,3314.4,Supplier_036,0.2994
PRD01211,H&M Footwear 2388,Fashion,Footwear,H&M,19795.48,22523.28,Supplier_372,0.1211
PRD01212,Adidas Jewelry & Accessories 8370,Fashion,Jewelry & Accessories,Adidas,43920.05,51786.11,Supplier_491,0.1519
PRD01213,Puma Footwear 7517,Fashion,Footwear,Puma,31776.74,48949.87,Supplier_140,0.3508
PRD01214,Puma Women's Clothing 9922,Fashion,Women's Clothing,Puma,17114.41,22182.08,Supplier_169,0.2285
PRD01215,Levi's Men's Clothing 7907,Fashion,Men's Clothing,Levi's,32339.84,34958.15,Supplier_003,0.0749
PRD01216,Levi's Men's Clothing 8111,Fashion,Men's Clothing,Levi's,20687.49,31047.29,Supplier_391,0.3337
PRD01217,H&M Bags & Luggage 1370,Fashion,Bags & Luggage,H&M,39375.9,54538.6,Supplier_276,0.278
PRD01218,Van Heusen Men's Clothing 6266,Fashion,Men's Clothing,Van Heusen,33628.68,41898.23,Supplier_424,0.1974
PRD01219,Puma Jewelry & Accessories 238,Fashion,Jewelry & Accessories,Puma,19368.21,28556.46,Supplier_064,0.3218
PRD01220,Puma Bags & Luggage 3729,Fashion,Bags & Luggage,Puma,46815.58,60343.01,Supplier_381,0.2242
PRD01221,Adidas Men's Clothing 3237,Fashion,Men's Clothing,Adidas,34043.69,48114.73,Supplier_047,0.2924
PRD01222,Adidas Jewelry & Accessories 8190,Fashion,Jewelry & Accessories,Adidas,40430.3,47867.03,Supplier_496,0.1554
PRD01223,Zara Footwear 3525,Fashion,Footwear,Zara,14073.78,21182.71,Supplier_004,0.3356
PRD01224,Arrow Women's Clothing 8297,Fashion,Women's Clothing,Arrow,5591.78,6768.03,Supplier_253,0.1738
PRD01225,Nike Women's Clothing 9979,Fashion,Women's Clothing,Nike,33008.93,44426.14,Supplier_290,0.257
PRD01226,H&M Women's Clothing 2187,Fashion,Women's Clothing,H&M,29428.82,42101.09,Supplier_133,0.301
PRD01227,Nike Jewelry & Accessories 4594,Fashion,Jewelry & Accessories,Nike,44056.1,62673.44,Supplier_099,0.2971
PRD01228,Adidas Men's Clothing 132,Fashion,Men's Clothing,Adidas,34049.98,50906.69,Supplier_481,0.3311
PRD01229,Zara Bags & Luggage 6766,Fashion,Bags & Luggage,Zara,42700.3,52598.64,Supplier_141,0.1882
PRD01230,Van Heusen Men's Clothing 812,Fashion,Men's Clothing,Van Heusen,24803.96,32818.39,Supplier_453,0.2442
PRD01231,Zara Women's Clothing 7454,Fashion,Women's Clothing,Zara,13932.75,17798.1,Supplier_162,0.2172
PRD01232,Arrow Men's Clothing 9468,Fashion,Men's Clothing,Arrow,9770.68,10928.02,Supplier_414,0.1059
PRD01233,Nike Men's Clothing 1319,Fashion,Men's Clothing,Nike,48905.88,62560.18,Supplier_470,0.2183
PRD01234,Nike Women's Clothing 1684,Fashion,Women's Clothing,Nike,8265.85,10134.58,Supplier_015,0.1844
PRD01235,Arrow Bags & Luggage 5577,Fashion,Bags & Luggage,Arrow,40412.55,54900.02,Supplier_431,0.2639
PRD01236,Nike Footwear 5683,Fashion,Footwear,Nike,5436.64,6480.63,Supplier_427,0.1611
PRD01237,Puma Men's Clothing 1294,Fashion,Men's Clothing,Puma,26007.77,30982.26,Supplier_398,0.1606
PRD01238,Van Heusen Jewelry & Accessories 9585,Fashion,Jewelry & Accessories,Van Heusen,38216.72,52506.48,Supplier_064,0.2722
PRD01239,Zara Men's Clothing 1165,Fashion,Men's Clothing,Zara,45839.88,57637.95,Supplier_401,0.2047
PRD01240,Zara Women's Clothing 5039,Fashion,Women's Clothing,Zara,45959.83,59182.55,Supplier_313,0.2234
PRD01241,H&M Bags & Luggage 955,Fashion,Bags & Luggage,H&M,5136.29,5681.87,Supplier_151,0.096
PRD01242,Arrow Bags & Luggage 3919,Fashion,Bags & Luggage,Arrow,4836.72,6933.06,Supplier_443,0.3024
PRD01243,Zara Jewelry & Accessories 7114,Fashion,Jewelry & Accessories,Zara,22697.89,29465.91,Supplier_451,0.2297
PRD01244,H&M Jewelry & Accessories 525,Fashion,Jewelry & Accessories,H&M,17013.84,25872.35,Supplier_233,0.3424
PRD01245,Puma Jewelry & Accessories 301,Fashion,Jewelry & Accessories,Puma,29411.28,33257.19,Supplier_305,0.1156
PRD01246,Nike Men's Clothing 8437,Fashion,Men's Clothing,Nike,45223.28,51518.87,Supplier_132,0.1222
PRD01247,Arrow Footwear 3146,Fashion,Footwear,Arrow,24095.9,33054.75,Supplier_125,0.271
PRD01248,Zara Women's Clothing 7240,Fashion,Women's Clothing,Zara,3071.53,3767.18,Supplier_263,0.1847
PRD01249,Adidas Footwear 2485,Fashion,Footwear,Adidas,29204.11,38968.14,Supplier_076,0.2506
PRD01250,Adidas Bags & Luggage 232,Fashion,Bags & Luggage,Adidas,30186.31,36730.7,Supplier_266,0.1782
PRD01251,Godrej Bedding 8408,Home & Kitchen,Bedding,Godrej,33931.1,37559.67,Supplier_420,0.0966
PRD01252,Philips Bedding 3382,Home & Kitchen,Bedding,Philips,21131.95,24763.29,Supplier_328,0.1466
PRD01253,Philips Kitchen Appliances 7757,Home & Kitchen,Kitchen Appliances,Philips,17110.52,23850.26,Supplier_308,0.2826
PRD01254,IKEA Cookware 5009,Home & Kitchen,Cookware,IKEA,28326.54,35061.47,Supplier_215,0.1921
PRD01255,Bosch Cookware 791,Home & Kitchen,Cookware,Bosch,5287.15,7887.21,Supplier_254,0.3297
PRD01256,Philips Kitchen Appliances 7743,Home & Kitchen,Kitchen Appliances,Philips,31956.41,44924.76,Supplier_320,0.2887
PRD01257,Bosch Kitchen Appliances 5531,Home & Kitchen,Kitchen Appliances,Bosch,24063.27,34678.15,Supplier_414,0.3061
PRD01258,Bosch Home Decor 210,Home & Kitchen,Home Decor,Bosch,20045.61,29432.16,Supplier_186,0.3189
PRD01259,Philips Furniture 2433,Home & Kitchen,Furniture,Philips,17926.44,24034.07,Supplier_149,0.2541
PRD01260,Bosch Home Decor 5996,Home & Kitchen,Home Decor,Bosch,31585.16,47661.16,Supplier_023,0.3373
PRD01261,Bosch Furniture 4392,Home & Kitchen,Furniture,Bosch,9931.36,11538.74,Supplier_369,0.1393
PRD01262,Prestige Kitchen Appliances 3311,Home & Kitchen,Kitchen Appliances,Prestige,42384.33,50674.84,Supplier_012,0.1636
PRD01263,Prestige Kitchen Appliances 2348,Home & Kitchen,Kitchen Appliances,Prestige,45536.92,49629.19,Supplier_195,0.0825
PRD01264,Prestige Furniture 4034,Home & Kitchen,Furniture,Prestige,46808.9,57265.26,Supplier_190,0.1826
PRD01265,Godrej Cookware 7206,Home & Kitchen,Cookware,Godrej,8609.42,11430.34,Supplier_450,0.2468
PRD01266,Philips Furniture 3207,Home & Kitchen,Furniture,Philips,7264.39,11000.85,Supplier_099,0.3397
PRD01267,Bajaj Bedding 7137,Home & Kitchen,Bedding,Bajaj,34732.98,42702.02,Supplier_326,0.1866
PRD01268,Philips Kitchen Appliances 8873,Home & Kitchen,Kitchen Appliances,Philips,38165.96,51754.69,Supplier_151,0.2626
PRD01269,Prestige Kitchen Appliances 4688,Home & Kitchen,Kitchen Appliances,Prestige,12396.22,17055.29,Supplier_447,0.2732
PRD01270,IKEA Kitchen Appliances 3528,Home & Kitchen,Kitchen Appliances,IKEA,48420.8,72454.08,Supplier_373,0.3317
PRD01271,Bajaj Furniture 2843,Home & Kitchen,Furniture,Bajaj,39560.31,54157.93,Supplier_261,0.2695
PRD01272,Godrej Home Decor 8601,Home & Kitchen,Home Decor,Godrej,37569.26,47183.42,Supplier_238,0.2038
PRD01273,Prestige Kitchen Appliances 8018,Home & Kitchen,Kitchen Appliances,Prestige,35638.72,47291.64,Supplier_367,0.2464
PRD01274,Bajaj Home Decor 9667,Home & Kitchen,Home Decor,Bajaj,13453.36,17064.84,Supplier_333,0.2116
PRD01275,Bosch Furniture 3940,Home & Kitchen,Furniture,Bosch,11015.34,12947.54,Supplier_203,0.1492
PRD01276,Prestige Kitchen Appliances 2675,Home & Kitchen,Kitchen Appliances,Prestige,21279.89,26753.69,Supplier_479,0.2046
PRD01277,Prestige Cookware 1476,Home & Kitchen,Cookware,Prestige,27550.07,31493.46,Supplier_152,0.1252
PRD01278,IKEA Home Decor 7722,Home & Kitchen,Home Decor,IKEA,17611.17,23853.66,Supplier_263,0.2617
PRD01279,Prestige Bedding 6800,Home & Kitchen,Bedding,Prestige,21333.81,27728.6,Supplier_189,0.2306
PRD01280,Prestige Home Decor 7336,Home & Kitchen,Home Decor,Prestige,13687.32,14941.32,Supplier_120,0.0839
PRD01281,Godrej Cookware 4925,Home & Kitchen,Cookware,Godrej,3840.63,5775.13,Supplier_432,0.335
PRD01282,IKEA Bedding 4628,Home & Kitchen,Bedding,IKEA,27355.26,30548.57,Supplier_475,0.1045
PRD01283,Philips Kitchen Appliances 9046,Home & Kitchen,Kitchen Appliances,Philips,5973.46,7462.71,Supplier_103,0.1996
PRD01284,Bosch Cookware 4596,Home & Kitchen,Cookware,Bosch,33771.61,40441.88,Supplier_098,0.1649
PRD01285,Bosch Bedding 8998,Home & Kitchen,Bedding,Bosch,49920.33,71566.79,Supplier_468,0.3025
PRD01286,Philips Cookware 5779,Home & Kitchen,Cookware,Philips,38515.3,46698.54,Supplier_401,0.1752
PRD01287,Bajaj Home Decor 294,Home & Kitchen,Home Decor,Bajaj,41101.97,59029.37,Supplier_242,0.3037
PRD01288,Bosch Bedding 3538,Home & Kitchen,Bedding,Bosch,43280.03,51371.75,Supplier_243,0.1575
PRD01289,IKEA Kitchen Appliances 7779,Home & Kitchen,Kitchen Appliances,IKEA,29370.83,39348.96,Supplier_370,0.2536
PRD01290,Prestige Home Decor 3177,Home & Kitchen,Home Decor,Prestige,39606.15,48602.5,Supplier_220,0.1851
PRD01291,Bosch Home Decor 593,Home & Kitchen,Home Decor,Bosch,21962.11,32523.33,Supplier_192,0.3247
PRD01292,IKEA Kitchen Appliances 258,Home & Kitchen,Kitchen Appliances,IKEA,43693.82,53464.58,Supplier_256,0.1828
PRD01293,Prestige Cookware 6708,Home & Kitchen,Cookware,Prestige,11313.26,14481.97,Supplier_391,0.2188
PRD01294,Prestige Bedding 627,Home & Kitchen,Bedding,Prestige,16337.67,17823.14,Supplier_473,0.0833
PRD01295,Bosch Kitchen Appliances 9409,Home & Kitchen,Kitchen Appliances,Bosch,48863.3,75606.23,Supplier_323,0.3537
PRD01296,IKEA Bedding 6347,Home & Kitchen,Bedding,IKEA,28715.24,36287.92,Supplier_105,0.2087
PRD01297,Philips Home Decor 1879,Home & Kitchen,Home Decor,Philips,26747.8,31255.32,Supplier_169,0.1442
PRD01298,Bajaj Bedding 2908,Home & Kitchen,Bedding,Bajaj,31968.22,39103.0,Supplier_054,0.1825
PRD01299,Bosch Bedding 8105,Home & Kitchen,Bedding,Bosch,1651.35,2318.23,Supplier_014,0.2877
PRD01300,Bosch Kitchen Appliances 4750,Home & Kitchen,Kitchen Appliances,Bosch,3521.08,5396.43,Supplier_106,0.3475
PRD01301,Prestige Kitchen Appliances 1041,Home & Kitchen,Kitchen Appliances,Prestige,32995.52,36720.4,Supplier_189,0.1014
PRD01302,Philips Bedding 6831,Home & Kitchen,Bedding,Philips,8632.69,12811.45,Supplier_201,0.3262
PRD01303,Philips Kitchen Appliances 1226,Home & Kitchen,Kitchen Appliances,Philips,6500.43,8298.8,Supplier_200,0.2167
PRD01304,Bosch Kitchen Appliances 7878,Home & Kitchen,Kitchen Appliances,Bosch,43528.93,53348.44,Supplier_082,0.1841
PRD01305,IKEA Bedding 8332,Home & Kitchen,Bedding,IKEA,46960.76,63684.48,Supplier_367,0.2626
PRD01306,Prestige Home Decor 7402,Home & Kitchen,Home Decor,Prestige,10125.05,15651.4,Supplier_033,0.3531
PRD01307,IKEA Home Decor 9426,Home & Kitchen,Home Decor,IKEA,40387.91,53600.92,Supplier_451,0.2465
PRD01308,Bajaj Home Decor 1592,Home & Kitchen,Home Decor,Bajaj,23161.64,25440.05,Supplier_148,0.0896
PRD01309,Prestige Home Decor 4973,Home & Kitchen,Home Decor,Prestige,35030.81,49550.19,Supplier_201,0.293
PRD01310,Bosch Bedding 7179,Home & Kitchen,Bedding,Bosch,20781.89,24198.47,Supplier_235,0.1412
PRD01311,Godrej Home Decor 6547,Home & Kitchen,Home Decor,Godrej,9213.04,12412.26,Supplier_358,0.2577
PRD01312,Bosch Furniture 8910,Home & Kitchen,Furniture,Bosch,44282.81,51112.47,Supplier_150,0.1336
PRD01313,Godrej Furniture 8185,Home & Kitchen,Furniture,Godrej,36340.56,54658.03,Supplier_211,0.3351
PRD01314,Philips Bedding 1823,Home & Kitchen,Bedding,Philips,49766.05,55537.46,Supplier_259,0.1039
PRD01315,Bajaj Cookware 8391,Home & Kitchen,Cookware,Bajaj,22574.25,27062.02,Supplier_023,0.1658
PRD01316,Philips Home Decor 7667,Home & Kitchen,Home Decor,Philips,3706.11,5212.3,Supplier_196,0.289
PRD01317,Godrej Cookware 718,Home & Kitchen,Cookware,Godrej,19997.12,23424.02,Supplier_006,0.1463
PRD01318,Philips Cookware 7706,Home & Kitchen,Cookware,Philips,35469.53,40582.32,Supplier_249,0.126
PRD01319,Philips Home Decor 7271,Home & Kitchen,Home Decor,Philips,4173.3,5795.88,Supplier_072,0.28
PRD01320,Prestige Home Decor 395,Home & Kitchen,Home Decor,Prestige,42086.05,48827.26,Supplier_311,0.1381
PRD01321,Bosch Furniture 6503,Home & Kitchen,Furniture,Bosch,14742.53,19626.54,Supplier_087,0.2488
PRD01322,Godrej Furniture 2614,Home & Kitchen,Furniture,Godrej,38191.27,53405.53,Supplier_226,0.2849
PRD01323,Bosch Cookware 8821,Home & Kitchen,Cookware,Bosch,10872.79,11918.63,Supplier_111,0.0877
PRD01324,Godrej Home Decor 8666,Home & Kitchen,Home Decor,Godrej,2435.41,3356.85,Supplier_329,0.2745
PRD01325,Bajaj Furniture 9900,Home & Kitchen,Furniture,Bajaj,34532.82,44501.54,Supplier_003,0.224
PRD01326,Bajaj Furniture 6238,Home & Kitchen,Furniture,Bajaj,38367.36,58185.85,Supplier_466,0.3406
PRD01327,Bosch Kitchen Appliances 338,Home & Kitchen,Kitchen Appliances,Bosch,4614.75,5898.53,Supplier_173,0.2176
PRD01328,Godrej Kitchen Appliances 1682,Home & Kitchen,Kitchen Appliances,Godrej,33464.03,39610.26,Supplier_409,0.1552
PRD01329,Godrej Kitchen Appliances 1864,Home & Kitchen,Kitchen Appliances,Godrej,8394.01,10705.47,Supplier_418,0.2159
PRD01330,Prestige Cookware 3493,Home & Kitchen,Cookware,Prestige,28124.6,32880.11,Supplier_479,0.1446
PRD01331,Bajaj Bedding 3602,Home & Kitchen,Bedding,Bajaj,46949.22,53370.83,Supplier_055,0.1203
PRD01332,Prestige Cookware 5281,Home & Kitchen,Cookware,Prestige,8722.4,11068.77,Supplier_007,0.212
PRD01333,Bosch Home Decor 4662,Home & Kitchen,Home Decor,Bosch,22965.86,25515.71,Supplier_333,0.0999
PRD01334,Prestige Bedding 6835,Home & Kitchen,Bedding,Prestige,2244.75,3358.52,Supplier_155,0.3316
PRD01335,Bajaj Bedding 8884,Home & Kitchen,Bedding,Bajaj,49155.97,55440.68,Supplier_406,0.1134
PRD01336,Bosch Bedding 5414,Home & Kitchen,Bedding,Bosch,12634.41,14207.77,Supplier_324,0.1107
PRD01337,Godrej Home Decor 2277,Home & Kitchen,Home Decor,Godrej,46231.44,66691.67,Supplier_171,0.3068
PRD01338,Godrej Kitchen Appliances 7999,Home & Kitchen,Kitchen Appliances,Godrej,38097.73,53458.12,Supplier_035,0.2873
PRD01339,Philips Cookware 6364,Home & Kitchen,Cookware,Philips,30446.24,41253.66,Supplier_262,0.262
PRD01340,IKEA Kitchen Appliances 3911,Home & Kitchen,Kitchen Appliances,IKEA,29394.05,45400.26,Supplier_011,0.3526
PRD01341,Philips Bedding 4090,Home & Kitchen,Bedding,Philips,15476.99,22082.87,Supplier_318,0.2991
PRD01342,Philips Furniture 3409,Home & Kitchen,Furniture,Philips,6920.9,9096.84,Supplier_078,0.2392
PRD01343,Bosch Home Decor 9898,Home & Kitchen,Home Decor,Bosch,32119.84,38283.32,Supplier_485,0.161
PRD01344,Godrej Home Decor 5302,Home & Kitchen,Home Decor,Godrej,43872.73,50151.16,Supplier_330,0.1252
PRD01345,IKEA Furniture 4826,Home & Kitchen,Furniture,IKEA,39599.4,50489.23,Supplier_385,0.2157
PRD01346,Bosch Furniture 4069,Home & Kitchen,Furniture,Bosch,42354.4,52337.21,Supplier_106,0.1907
PRD01347,Philips Bedding 4168,Home & Kitchen,Bedding,Philips,45336.27,63133.15,Supplier_411,0.2819
PRD01348,IKEA Kitchen Appliances 3107,Home & Kitchen,Kitchen Appliances,IKEA,43641.65,57829.19,Supplier_227,0.2453
PRD01349,Philips Furniture 3253,Home & Kitchen,Furniture,Philips,43499.84,48410.66,Supplier_027,0.1014
PRD01350,Bosch Kitchen Appliances 9092,Home & Kitchen,Kitchen Appliances,Bosch,6321.77,7343.54,Supplier_426,0.1391
PRD01351,Bosch Kitchen Appliances 7752,Home & Kitchen,Kitchen Appliances,Bosch,25395.86,32515.15,Supplier_160,0.219
PRD01352,Godrej Kitchen Appliances 4179,Home & Kitchen,Kitchen Appliances,Godrej,9916.94,12686.62,Supplier_156,0.2183
PRD01353,IKEA Cookware 4554,Home & Kitchen,Cookware,IKEA,22441.15,30940.37,Supplier_442,0.2747
PRD01354,Philips Home Decor 6288,Home & Kitchen,Home Decor,Philips,47553.11,59394.0,Supplier_086,0.1994
PRD01355,Bajaj Home Decor 7201,Home & Kitchen,Home Decor,Bajaj,21163.73,28918.44,Supplier_390,0.2682
PRD01356,Bajaj Kitchen Appliances 1463,Home & Kitchen,Kitchen Appliances,Bajaj,1039.56,1309.08,Supplier_389,0.2059
PRD01357,IKEA Cookware 2978,Home & Kitchen,Cookware,IKEA,26883.02,36018.96,Supplier_132,0.2536
PRD01358,Bajaj Home Decor 9310,Home & Kitchen,Home Decor,Bajaj,15327.07,18593.52,Supplier_311,0.1757
PRD01359,Philips Home Decor 3306,Home & Kitchen,Home Decor,Philips,16695.05,23639.95,Supplier_080,0.2938
PRD01360,Philips Kitchen Appliances 6231,Home & Kitchen,Kitchen Appliances,Philips,691.07,908.98,Supplier_252,0.2397
PRD01361,Bajaj Home Decor 6213,Home & Kitchen,Home Decor,Bajaj,47017.24,72224.67,Supplier_197,0.349
PRD01362,Prestige Home Decor 6797,Home & Kitchen,Home Decor,Prestige,32070.38,43503.64,Supplier_454,0.2628
PRD01363,Philips Furniture 3282,Home & Kitchen,Furniture,Philips,19272.06,25937.03,Supplier_391,0.257
PRD01364,Prestige Home Decor 5811,Home & Kitchen,Home Decor,Prestige,38574.96,55287.23,Supplier_261,0.3023
PRD01365,Godrej Home Decor 6413,Home & Kitchen,Home Decor,Godrej,34440.05,48468.65,Supplier_475,0.2894
PRD01366,Godrej Home Decor 6021,Home & Kitchen,Home Decor,Godrej,12377.25,16146.51,Supplier_324,0.2334
PRD01367,Godrej Furniture 7562,Home & Kitchen,Furniture,Godrej,33300.5,38279.11,Supplier_484,0.1301
PRD01368,Prestige Kitchen Appliances 2744,Home & Kitchen,Kitchen Appliances,Prestige,12408.37,16773.89,Supplier_007,0.2603
PRD01369,Philips Furniture 6615,Home & Kitchen,Furniture,Philips,32237.65,48708.99,Supplier_362,0.3382
PRD01370,Philips Bedding 7029,Home & Kitchen,Bedding,Philips,25950.93,30330.07,Supplier_085,0.1444
PRD01371,Prestige Home Decor 8835,Home & Kitchen,Home Decor,Prestige,34607.25,45519.05,Supplier_338,0.2397
PRD01372,IKEA Home Decor 1556,Home & Kitchen,Home Decor,IKEA,15433.54,19653.94,Supplier_056,0.2147
PRD01373,Prestige Bedding 3532,Home & Kitchen,Bedding,Prestige,40720.69,49127.07,Supplier_477,0.1711
PRD01374,Godrej Home Decor 8156,Home & Kitchen,Home Decor,Godrej,15439.61,23837.24,Supplier_001,0.3523
PRD01375,Philips Furniture 6929,Home & Kitchen,Furniture,Philips,38698.49,49394.16,Supplier_336,0.2165
PRD01376,Godrej Cookware 3153,Home & Kitchen,Cookware,Godrej,21575.93,25090.83,Supplier_361,0.1401
PRD01377,Bosch Kitchen Appliances 1906,Home & Kitchen,Kitchen Appliances,Bosch,24349.24,32049.16,Supplier_231,0.2403
PRD01378,Bosch Bedding 3093,Home & Kitchen,Bedding,Bosch,9322.62,10326.87,Supplier_415,0.0972
PRD01379,Prestige Kitchen Appliances 7320,Home & Kitchen,Kitchen Appliances,Prestige,49148.21,73214.09,Supplier_321,0.3287
PRD01380,Philips Bedding 4902,Home & Kitchen,Bedding,Philips,43424.68,50289.22,Supplier_044,0.1365
PRD01381,Philips Home Decor 9695,Home & Kitchen,Home Decor,Philips,13874.27,17215.35,Supplier_121,0.1941
PRD01382,Bajaj Home Decor 1100,Home & Kitchen,Home Decor,Bajaj,33656.59,37943.78,Supplier_137,0.113
PRD01383,Godrej Furniture 1686,Home & Kitchen,Furniture,Godrej,29143.15,45002.29,Supplier_109,0.3524
PRD01384,Philips Bedding 4455,Home & Kitchen,Bedding,Philips,18814.51,24918.59,Supplier_478,0.245
PRD01385,Bajaj Home Decor 5614,Home & Kitchen,Home Decor,Bajaj,37857.74,51640.03,Supplier_190,0.2669
PRD01386,Prestige Cookware 6628,Home & Kitchen,Cookware,Prestige,40851.52,62186.87,Supplier_194,0.3431
PRD01387,Philips Bedding 1741,Home & Kitchen,Bedding,Philips,48766.49,72678.96,Supplier_002,0.329
PRD01388,Godrej Home Decor 2375,Home & Kitchen,Home Decor,Godrej,20120.33,29630.16,Supplier_014,0.321
PRD01389,Philips Bedding 4172,Home & Kitchen,Bedding,Philips,43456.81,52641.4,Supplier_189,0.1745
PRD01390,IKEA Home Decor 8536,Home & Kitchen,Home Decor,IKEA,34324.94,51104.03,Supplier_212,0.3283
PRD01391,Philips Kitchen Appliances 5378,Home & Kitchen,Kitchen Appliances,Philips,49309.76,75446.26,Supplier_009,0.3464
PRD01392,Philips Cookware 7379,Home & Kitchen,Cookware,Philips,48481.4,69126.34,Supplier_120,0.2987
PRD01393,Bajaj Bedding 1433,Home & Kitchen,Bedding,Bajaj,20038.25,27410.69,Supplier_179,0.269
PRD01394,Bajaj Home Decor 1745,Home & Kitchen,Home Decor,Bajaj,49344.23,73169.45,Supplier_376,0.3256
PRD01395,Prestige Home Decor 8620,Home & Kitchen,Home Decor,Prestige,30378.33,42973.57,Supplier_449,0.2931
PRD01396,Godrej Bedding 1526,Home & Kitchen,Bedding,Godrej,25256.6,28794.92,Supplier_155,0.1229
PRD01397,Bajaj Bedding 1995,Home & Kitchen,Bedding,Bajaj,8444.24,10891.0,Supplier_247,0.2247
PRD01398,Bosch Bedding 1565,Home & Kitchen,Bedding,Bosch,12205.63,14159.79,Supplier_055,0.138
PRD01399,Godrej Home Decor 5449,Home & Kitchen,Home Decor,Godrej,1509.63,2289.55,Supplier_463,0.3406
PRD01400,Prestige Home Decor 7903,Home & Kitchen,Home Decor,Prestige,11057.78,13281.34,Supplier_488,0.1674
PRD01401,Godrej Furniture 8160,Home & Kitchen,Furniture,Godrej,6831.03,9093.71,Supplier_047,0.2488
PRD01402,Bosch Cookware 9941,Home & Kitchen,Cookware,Bosch,46592.41,67101.39,Supplier_034,0.3056
PRD01403,Bajaj Cookware 6352,Home & Kitchen,Cookware,Bajaj,45512.85,65046.73,Supplier_335,0.3003
PRD01404,Bajaj Bedding 1995,Home & Kitchen,Bedding,Bajaj,40431.95,47914.65,Supplier_149,0.1562
PRD01405,Philips Furniture 3182,Home & Kitchen,Furniture,Philips,4502.51,6429.91,Supplier_382,0.2998
PRD01406,IKEA Furniture 6329,Home & Kitchen,Furniture,IKEA,18418.46,27278.94,Supplier_296,0.3248
PRD01407,Prestige Furniture 6459,Home & Kitchen,Furniture,Prestige,3141.15,4183.17,Supplier_217,0.2491
PRD01408,Prestige Cookware 2169,Home & Kitchen,Cookware,Prestige,39886.03,60584.68,Supplier_267,0.3416
PRD01409,IKEA Bedding 8919,Home & Kitchen,Bedding,IKEA,11145.97,14108.53,Supplier_437,0.21
PRD01410,Prestige Home Decor 3686,Home & Kitchen,Home Decor,Prestige,7277.8,11085.24,Supplier_256,0.3435
PRD01411,Bosch Home Decor 662,Home & Kitchen,Home Decor,Bosch,30093.2,34563.82,Supplier_307,0.1293
PRD01412,Prestige Cookware 4580,Home & Kitchen,Cookware,Prestige,25143.78,35292.87,Supplier_435,0.2876
PRD01413,Bajaj Bedding 4875,Home & Kitchen,Bedding,Bajaj,31572.3,37298.93,Supplier_361,0.1535
PRD01414,Philips Home Decor 3550,Home & Kitchen,Home Decor,Philips,49058.08,60664.14,Supplier_435,0.1913
PRD01415,Godrej Kitchen Appliances 3033,Home & Kitchen,Kitchen Appliances,Godrej,36799.49,55710.17,Supplier_439,0.3394
PRD01416,Godrej Home Decor 2708,Home & Kitchen,Home Decor,Godrej,19620.8,30268.28,Supplier_012,0.3518
PRD01417,Bajaj Bedding 5806,Home & Kitchen,Bedding,Bajaj,16903.64,23641.64,Supplier_388,0.285
PRD01418,Bajaj Home Decor 4726,Home & Kitchen,Home Decor,Bajaj,3637.57,5171.08,Supplier_357,0.2966
PRD01419,Godrej Kitchen Appliances 2244,Home & Kitchen,Kitchen Appliances,Godrej,42819.8,54170.18,Supplier_166,0.2095
PRD01420,Philips Bedding 7596,Home & Kitchen,Bedding,Philips,42498.0,60071.18,Supplier_336,0.2925
PRD01421,IKEA Kitchen Appliances 4869,Home & Kitchen,Kitchen Appliances,IKEA,6921.17,9738.77,Supplier_460,0.2893
PRD01422,Bosch Kitchen Appliances 249,Home & Kitchen,Kitchen Appliances,Bosch,10945.92,15671.71,Supplier_186,0.3015
PRD01423,Philips Bedding 2518,Home & Kitchen,Bedding,Philips,33931.97,52410.9,Supplier_193,0.3526
PRD01424,Godrej Home Decor 1673,Home & Kitchen,Home Decor,Godrej,42090.92,63776.71,Supplier_183,0.34
PRD01425,Bosch Home Decor 8544,Home & Kitchen,Home Decor,Bosch,47255.91,53642.69,Supplier_333,0.1191
PRD01426,IKEA Cookware 6719,Home & Kitchen,Cookware,IKEA,21719.38,24973.53,Supplier_126,0.1303
PRD01427,Philips Furniture 9867,Home & Kitchen,Furniture,Philips,12080.73,15821.58,Supplier_489,0.2364
PRD01428,Godrej Kitchen Appliances 1568,Home & Kitchen,Kitchen Appliances,Godrej,37272.75,53846.06,Supplier_399,0.3078
PRD01429,Godrej Home Decor 7392,Home & Kitchen,Home Decor,Godrej,19135.94,26353.95,Supplier_189,0.2739
PRD01430,Philips Furniture 8451,Home & Kitchen,Furniture,Philips,5875.55,6682.64,Supplier_116,0.1208
PRD01431,IKEA Furniture 4584,Home & Kitchen,Furniture,IKEA,28670.45,38680.35,Supplier_356,0.2588
PRD01432,IKEA Furniture 7205,Home & Kitchen,Furniture,IKEA,9095.77,11893.36,Supplier_153,0.2352
PRD01433,Bosch Bedding 8906,Home & Kitchen,Bedding,Bosch,5017.09,5568.19,Supplier_095,0.099
PRD01434,Godrej Home Decor 8888,Home & Kitchen,Home Decor,Godrej,1036.33,1390.08,Supplier_402,0.2545
PRD01435,Bajaj Bedding 8930,Home & Kitchen,Bedding,Bajaj,3243.39,4779.0,Supplier_366,0.3213
PRD01436,Bosch Furniture 3060,Home & Kitchen,Furniture,Bosch,48285.77,72519.1,Supplier_442,0.3342
PRD01437,Godrej Bedding 5249,Home & Kitchen,Bedding,Godrej,9037.88,12117.26,Supplier_063,0.2541
PRD01438,Bosch Furniture 1538,Home & Kitchen,Furniture,Bosch,28775.3,39903.89,Supplier_288,0.2789
PRD01439,Philips Cookware 4991,Home & Kitchen,Cookware,Philips,4276.29,4869.06,Supplier_187,0.1217
PRD01440,Bosch Bedding 101,Home & Kitchen,Bedding,Bosch,21181.41,32285.92,Supplier_128,0.3439
PRD01441,Philips Cookware 4907,Home & Kitchen,Cookware,Philips,47313.42,62649.51,Supplier_338,0.2448
PRD01442,Bajaj Bedding 5227,Home & Kitchen,Bedding,Bajaj,7035.76,9220.42,Supplier_268,0.2369
PRD01443,IKEA Cookware 1722,Home & Kitchen,Cookware,IKEA,26933.56,31744.56,Supplier_340,0.1516
PRD01444,Bosch Furniture 3626,Home & Kitchen,Furniture,Bosch,1884.86,2161.15,Supplier_491,0.1278
PRD01445,IKEA Kitchen Appliances 4644,Home & Kitchen,Kitchen Appliances,IKEA,27625.93,37519.83,Supplier_066,0.2637
PRD01446,Bajaj Bedding 6355,Home & Kitchen,Bedding,Bajaj,3764.26,4516.49,Supplier_333,0.1666
PRD01447,Bajaj Kitchen Appliances 7068,Home & Kitchen,Kitchen Appliances,Bajaj,22830.58,34794.44,Supplier_482,0.3438
PRD01448,IKEA Kitchen Appliances 4513,Home & Kitchen,Kitchen Appliances,IKEA,10227.96,14072.62,Supplier_325,0.2732
PRD01449,Godrej Kitchen Appliances 8479,Home & Kitchen,Kitchen Appliances,Godrej,18638.51,25887.76,Supplier_310,0.28
PRD01450,Bajaj Kitchen Appliances 7204,Home & Kitchen,Kitchen Appliances,Bajaj,41087.31,50483.54,Supplier_195,0.1861
PRD01451,IKEA Furniture 8807,Home & Kitchen,Furniture,IKEA,12412.51,14981.39,Supplier_057,0.1715
PRD01452,Bajaj Bedding 6044,Home & Kitchen,Bedding,Bajaj,3344.67,4618.6,Supplier_466,0.2758
PRD01453,Prestige Cookware 4583,Home & Kitchen,Cookware,Prestige,7359.17,10708.37,Supplier_006,0.3128
PRD01454,Bajaj Furniture 1820,Home & Kitchen,Furniture,Bajaj,48975.29,58008.59,Supplier_401,0.1557
PRD01455,Bosch Furniture 9747,Home & Kitchen,Furniture,Bosch,26347.46,39296.99,Supplier_421,0.3295
PRD01456,Philips Home Decor 4720,Home & Kitchen,Home Decor,Philips,26471.56,37304.1,Supplier_283,0.2904
PRD01457,IKEA Cookware 5310,Home & Kitchen,Cookware,IKEA,4998.35,5510.89,Supplier_485,0.093
PRD01458,Bosch Home Decor 8811,Home & Kitchen,Home Decor,Bosch,17291.39,24699.19,Supplier_283,0.2999
PRD01459,Bajaj Bedding 255,Home & Kitchen,Bedding,Bajaj,23869.25,27209.96,Supplier_352,0.1228
PRD01460,Godrej Bedding 6306,Home & Kitchen,Bedding,Godrej,7816.79,8906.4,Supplier_291,0.1223
PRD01461,Philips Cookware 6164,Home & Kitchen,Cookware,Philips,45926.16,63397.43,Supplier_363,0.2756
PRD01462,Godrej Kitchen Appliances 3099,Home & Kitchen,Kitchen Appliances,Godrej,30454.71,43007.83,Supplier_225,0.2919
PRD01463,Bajaj Cookware 7108,Home & Kitchen,Cookware,Bajaj,25136.35,30405.85,Supplier_267,0.1733
PRD01464,Prestige Kitchen Appliances 5107,Home & Kitchen,Kitchen Appliances,Prestige,31799.98,35643.42,Supplier_209,0.1078
PRD01465,Philips Cookware 4032,Home & Kitchen,Cookware,Philips,31752.1,35436.8,Supplier_484,0.104
PRD01466,Bosch Furniture 4783,Home & Kitchen,Furniture,Bosch,28787.07,32234.47,Supplier_284,0.1069
PRD01467,Philips Home Decor 8434,Home & Kitchen,Home Decor,Philips,48110.21,61546.06,Supplier_478,0.2183
PRD01468,Bajaj Kitchen Appliances 8822,Home & Kitchen,Kitchen Appliances,Bajaj,24915.37,34931.53,Supplier_358,0.2867
PRD01469,Bajaj Furniture 219,Home & Kitchen,Furniture,Bajaj,744.32,870.4,Supplier_366,0.1449
PRD01470,Godrej Home Decor 8752,Home & Kitchen,Home Decor,Godrej,26739.52,33215.26,Supplier_351,0.195
PRD01471,Philips Bedding 8677,Home & Kitchen,Bedding,Philips,30388.31,46596.96,Supplier_463,0.3478
PRD01472,Bosch Kitchen Appliances 8516,Home & Kitchen,Kitchen Appliances,Bosch,3802.36,5606.66,Supplier_181,0.3218
PRD01473,Bajaj Furniture 1955,Home & Kitchen,Furniture,Bajaj,24800.62,28771.88,Supplier_174,0.138
PRD01474,IKEA Kitchen Appliances 4852,Home & Kitchen,Kitchen Appliances,IKEA,42546.31,63103.36,Supplier_154,0.3258
PRD01475,Prestige Home Decor 9419,Home & Kitchen,Home Decor,Prestige,13274.3,14350.18,Supplier_202,0.075
PRD01476,Prestige Kitchen Appliances 8546,Home & Kitchen,Kitchen Appliances,Prestige,46458.99,71119.12,Supplier_423,0.3467
PRD01477,Bajaj Furniture 1042,Home & Kitchen,Furniture,Bajaj,44630.07,65995.62,Supplier_183,0.3237
PRD01478,IKEA Furniture 1855,Home & Kitchen,Furniture,IKEA,23044.68,28119.69,Supplier_003,0.1805
PRD01479,Godrej Cookware 1760,Home & Kitchen,Cookware,Godrej,9348.58,11654.22,Supplier_221,0.1978
PRD01480,Bosch Home Decor 2618,Home & Kitchen,Home Decor,Bosch,4282.95,5660.9,Supplier_211,0.2434
PRD01481,Bajaj Furniture 4198,Home & Kitchen,Furniture,Bajaj,395.18,569.71,Supplier_116,0.3063
PRD01482,Bajaj Home Decor 3084,Home & Kitchen,Home Decor,Bajaj,18746.76,23458.06,Supplier_275,0.2008
PRD01483,Philips Cookware 7298,Home & Kitchen,Cookware,Philips,49468.99,68685.29,Supplier_083,0.2798
PRD01484,Prestige Kitchen Appliances 3351,Home & Kitchen,Kitchen Appliances,Prestige,37367.2,40458.62,Supplier_057,0.0764
PRD01485,Prestige Kitchen Appliances 5526,Home & Kitchen,Kitchen Appliances,Prestige,2060.8,2607.81,Supplier_462,0.2098
PRD01486,Bosch Furniture 4454,Home & Kitchen,Furniture,Bosch,33326.93,50848.12,Supplier_061,0.3446
PRD01487,Bajaj Home Decor 2187,Home & Kitchen,Home Decor,Bajaj,27528.68,40079.43,Supplier_167,0.3131
PRD01488,IKEA Home Decor 6470,Home & Kitchen,Home Decor,IKEA,36313.43,51880.63,Supplier_068,0.3001
PRD01489,Philips Furniture 5738,Home & Kitchen,Furniture,Philips,39646.01,45167.83,Supplier_257,0.1223
PRD01490,Godrej Furniture 5705,Home & Kitchen,Furniture,Godrej,11863.42,16594.62,Supplier_220,0.2851
PRD01491,Godrej Bedding 4723,Home & Kitchen,Bedding,Godrej,451.04,588.92,Supplier_249,0.2341
PRD01492,Bajaj Furniture 8476,Home & Kitchen,Furniture,Bajaj,12424.98,14309.51,Supplier_096,0.1317
PRD01493,Prestige Kitchen Appliances 4152,Home & Kitchen,Kitchen Appliances,Prestige,38348.04,56991.26,Supplier_342,0.3271
PRD01494,Bosch Home Decor 1788,Home & Kitchen,Home Decor,Bosch,23720.95,34345.02,Supplier_359,0.3093
PRD01495,IKEA Bedding 9786,Home & Kitchen,Bedding,IKEA,9100.35,14073.68,Supplier_323,0.3534
PRD01496,Bosch Kitchen Appliances 4586,Home & Kitchen,Kitchen Appliances,Bosch,6067.04,7696.67,Supplier_099,0.2117
PRD01497,Bajaj Kitchen Appliances 934,Home & Kitchen,Kitchen Appliances,Bajaj,932.18,1094.22,Supplier_195,0.1481
PRD01498,IKEA Home Decor 3891,Home & Kitchen,Home Decor,IKEA,15356.98,21156.63,Supplier_114,0.2741
PRD01499,Bajaj Cookware 946,Home & Kitchen,Cookware,Bajaj,23985.8,31652.52,Supplier_156,0.2422
PRD01500,Prestige Furniture 6949,Home & Kitchen,Furniture,Prestige,18210.63,27738.6,Supplier_127,0.3435
PRD01501,Philips Cookware 5369,Home & Kitchen,Cookware,Philips,9128.49,9861.07,Supplier_109,0.0743
PRD01502,Bajaj Cookware 7159,Home & Kitchen,Cookware,Bajaj,14043.96,19170.92,Supplier_095,0.2674
PRD01503,Bajaj Cookware 1687,Home & Kitchen,Cookware,Bajaj,18210.88,22272.77,Supplier_343,0.1824
PRD01504,Godrej Furniture 5526,Home & Kitchen,Furniture,Godrej,27610.82,41005.6,Supplier_185,0.3267
PRD01505,Godrej Cookware 6188,Home & Kitchen,Cookware,Godrej,38951.47,51749.57,Supplier_122,0.2473
PRD01506,Bosch Cookware 1842,Home & Kitchen,Cookware,Bosch,29237.14,32774.79,Supplier_067,0.1079
PRD01507,Philips Bedding 3220,Home & Kitchen,Bedding,Philips,2099.89,3223.57,Supplier_099,0.3486
PRD01508,Philips Home Decor 5718,Home & Kitchen,Home Decor,Philips,3790.24,5067.14,Supplier_155,0.252
PRD01509,Bosch Home Decor 2194,Home & Kitchen,Home Decor,Bosch,26701.2,30765.82,Supplier_099,0.1321
PRD01510,IKEA Home Decor 9280,Home & Kitchen,Home Decor,IKEA,35594.58,53357.9,Supplier_500,0.3329
PRD01511,Prestige Cookware 7245,Home & Kitchen,Cookware,Prestige,22451.69,31817.26,Supplier_035,0.2944
PRD01512,Bajaj Home Decor 458,Home & Kitchen,Home Decor,Bajaj,26211.95,40042.65,Supplier_086,0.3454
PRD01513,Prestige Bedding 844,Home & Kitchen,Bedding,Prestige,34850.48,39750.43,Supplier_490,0.1233
PRD01514,Philips Bedding 6612,Home & Kitchen,Bedding,Philips,39729.8,55863.58,Supplier_254,0.2888
PRD01515,IKEA Bedding 8444,Home & Kitchen,Bedding,IKEA,48578.34,56243.69,Supplier_197,0.1363
PRD01516,Bajaj Bedding 3115,Home & Kitchen,Bedding,Bajaj,20072.41,24239.49,Supplier_002,0.1719
PRD01517,IKEA Kitchen Appliances 8501,Home & Kitchen,Kitchen Appliances,IKEA,10929.5,15382.83,Supplier_234,0.2895
PRD01518,Godrej Bedding 3709,Home & Kitchen,Bedding,Godrej,36042.93,43311.07,Supplier_152,0.1678
PRD01519,IKEA Cookware 8841,Home & Kitchen,Cookware,IKEA,5999.21,7110.54,Supplier_122,0.1563
PRD01520,Philips Cookware 4650,Home & Kitchen,Cookware,Philips,31998.79,48726.53,Supplier_475,0.3433
PRD01521,Prestige Kitchen Appliances 4179,Home & Kitchen,Kitchen Appliances,Prestige,43675.47,48227.08,Supplier_422,0.0944
PRD01522,IKEA Kitchen Appliances 6147,Home & Kitchen,Kitchen Appliances,IKEA,5853.43,8106.2,Supplier_167,0.2779
PRD01523,Godrej Furniture 2289,Home & Kitchen,Furniture,Godrej,44205.12,53227.29,Supplier_210,0.1695
PRD01524,Prestige Bedding 270,Home & Kitchen,Bedding,Prestige,16265.53,18004.54,Supplier_422,0.0966
PRD01525,Bosch Cookware 4294,Home & Kitchen,Cookware,Bosch,36537.31,44263.28,Supplier_498,0.1745
PRD01526,IKEA Furniture 9656,Home & Kitchen,Furniture,IKEA,32883.01,48928.32,Supplier_055,0.3279
PRD01527,Godrej Home Decor 9125,Home & Kitchen,Home Decor,Godrej,12904.39,17734.86,Supplier_106,0.2724
PRD01528,Bosch Home Decor 6579,Home & Kitchen,Home Decor,Bosch,16246.94,19103.83,Supplier_080,0.1495
PRD01529,Bosch Home Decor 2530,Home & Kitchen,Home Decor,Bosch,36504.1,46868.88,Supplier_462,0.2211
PRD01530,Philips Home Decor 2985,Home & Kitchen,Home Decor,Philips,24823.26,32168.79,Supplier_097,0.2283
PRD01531,Bajaj Bedding 4721,Home & Kitchen,Bedding,Bajaj,47170.59,54943.88,Supplier_011,0.1415
PRD01532,Bosch Cookware 3177,Home & Kitchen,Cookware,Bosch,44268.39,64818.87,Supplier_036,0.317
PRD01533,Philips Kitchen Appliances 6694,Home & Kitchen,Kitchen Appliances,Philips,21348.43,27621.91,Supplier_052,0.2271
PRD01534,Bosch Bedding 9984,Home & Kitchen,Bedding,Bosch,36351.89,53064.91,Supplier_052,0.315
PRD01535,Bajaj Home Decor 816,Home & Kitchen,Home Decor,Bajaj,1084.76,1592.95,Supplier_068,0.319
PRD01536,Philips Kitchen Appliances 9924,Home & Kitchen,Kitchen Appliances,Philips,13419.44,20412.86,Supplier_007,0.3426
PRD01537,Philips Furniture 1492,Home & Kitchen,Furniture,Philips,27141.39,39750.74,Supplier_104,0.3172
PRD01538,Bajaj Kitchen Appliances 2772,Home & Kitchen,Kitchen Appliances,Bajaj,37995.6,56971.49,Supplier_158,0.3331
PRD01539,Bajaj Cookware 4482,Home & Kitchen,Cookware,Bajaj,7767.94,8593.37,Supplier_322,0.0961
PRD01540,Philips Bedding 9023,Home & Kitchen,Bedding,Philips,1109.33,1221.29,Supplier_152,0.0917
PRD01541,IKEA Furniture 119,Home & Kitchen,Furniture,IKEA,44328.52,56527.01,Supplier_468,0.2158
PRD01542,Philips Kitchen Appliances 5888,Home & Kitchen,Kitchen Appliances,Philips,11372.42,14342.1,Supplier_336,0.2071
PRD01543,Bosch Cookware 1941,Home & Kitchen,Cookware,Bosch,46088.46,64601.1,Supplier_252,0.2866
PRD01544,Philips Kitchen Appliances 4717,Home & Kitchen,Kitchen Appliances,Philips,11264.9,17230.11,Supplier_183,0.3462
PRD01545,IKEA Furniture 1489,Home & Kitchen,Furniture,IKEA,16719.55,20889.94,Supplier_459,0.1996
PRD01546,IKEA Furniture 5586,Home & Kitchen,Furniture,IKEA,7597.59,9735.97,Supplier_308,0.2196
PRD01547,Godrej Kitchen Appliances 5040,Home & Kitchen,Kitchen Appliances,Godrej,21290.97,31931.46,Supplier_320,0.3332
PRD01548,Prestige Cookware 8279,Home & Kitchen,Cookware,Prestige,43776.34,52856.16,Supplier_339,0.1718
PRD01549,Prestige Cookware 1351,Home & Kitchen,Cookware,Prestige,40545.43,57343.97,Supplier_404,0.2929
PRD01550,Bosch Furniture 2521,Home & Kitchen,Furniture,Bosch,38900.31,44692.44,Supplier_200,0.1296
PRD01551,Godrej Home Decor 1202,Home & Kitchen,Home Decor,Godrej,39852.69,61328.49,Supplier_058,0.3502
PRD01552,Bajaj Bedding 1581,Home & Kitchen,Bedding,Bajaj,47981.29,58099.77,Supplier_166,0.1742
PRD01553,Bosch Kitchen Appliances 8197,Home & Kitchen,Kitchen Appliances,Bosch,38388.39,47821.42,Supplier_218,0.1973
PRD01554,Godrej Home Decor 5563,Home & Kitchen,Home Decor,Godrej,48643.8,66292.71,Supplier_071,0.2662
PRD01555,Bajaj Kitchen Appliances 8845,Home & Kitchen,Kitchen Appliances,Bajaj,20962.05,27536.55,Supplier_253,0.2388
PRD01556,IKEA Bedding 9618,Home & Kitchen,Bedding,IKEA,41079.14,51791.54,Supplier_367,0.2068
PRD01557,IKEA Home Decor 3693,Home & Kitchen,Home Decor,IKEA,28914.93,40652.79,Supplier_360,0.2887
PRD01558,Bosch Furniture 381,Home & Kitchen,Furniture,Bosch,18117.39,21297.74,Supplier_186,0.1493
PRD01559,Bajaj Bedding 1076,Home & Kitchen,Bedding,Bajaj,47882.91,72438.46,Supplier_467,0.339
PRD01560,Prestige Cookware 2383,Home & Kitchen,Cookware,Prestige,42445.14,63132.18,Supplier_151,0.3277
PRD01561,Bosch Home Decor 6998,Home & Kitchen,Home Decor,Bosch,41770.85,55939.74,Supplier_125,0.2533
PRD01562,Bosch Kitchen Appliances 2444,Home & Kitchen,Kitchen Appliances,Bosch,2840.49,3251.7,Supplier_194,0.1265
PRD01563,Godrej Furniture 1836,Home & Kitchen,Furniture,Godrej,48247.41,60535.62,Supplier_340,0.203
PRD01564,Philips Bedding 2691,Home & Kitchen,Bedding,Philips,23867.49,32439.38,Supplier_016,0.2642
PRD01565,Prestige Kitchen Appliances 304,Home & Kitchen,Kitchen Appliances,Prestige,7106.81,8493.86,Supplier_292,0.1633
PRD01566,Bosch Home Decor 2395,Home & Kitchen,Home Decor,Bosch,38282.61,49797.61,Supplier_384,0.2312
PRD01567,Godrej Bedding 5626,Home & Kitchen,Bedding,Godrej,47440.85,61719.92,Supplier_228,0.2314
PRD01568,Prestige Furniture 626,Home & Kitchen,Furniture,Prestige,5607.77,6214.53,Supplier_310,0.0976
PRD01569,IKEA Kitchen Appliances 7040,Home & Kitchen,Kitchen Appliances,IKEA,8059.42,10205.67,Supplier_349,0.2103
PRD01570,IKEA Home Decor 9472,Home & Kitchen,Home Decor,IKEA,35584.77,42747.47,Supplier_257,0.1676
PRD01571,Godrej Cookware 4553,Home & Kitchen,Cookware,Godrej,11404.38,17309.36,Supplier_499,0.3411
PRD01572,IKEA Furniture 3571,Home & Kitchen,Furniture,IKEA,18909.14,28874.34,Supplier_206,0.3451
PRD01573,Philips Bedding 9263,Home & Kitchen,Bedding,Philips,10984.38,12811.48,Supplier_310,0.1426
PRD01574,Godrej Furniture 6737,Home & Kitchen,Furniture,Godrej,23448.38,28775.83,Supplier_424,0.1851
PRD01575,Bosch Home Decor 7050,Home & Kitchen,Home Decor,Bosch,2780.85,3488.84,Supplier_100,0.2029
PRD01576,Philips Cookware 5596,Home & Kitchen,Cookware,Philips,5264.78,6583.45,Supplier_015,0.2003
PRD01577,Prestige Kitchen Appliances 3571,Home & Kitchen,Kitchen Appliances,Prestige,8179.88,9243.58,Supplier_306,0.1151
PRD01578,Prestige Furniture 630,Home & Kitchen,Furniture,Prestige,9427.8,11075.88,Supplier_124,0.1488
PRD01579,Philips Cookware 9336,Home & Kitchen,Cookware,Philips,48834.32,65704.36,Supplier_405,0.2568
PRD01580,Philips Home Decor 5156,Home & Kitchen,Home Decor,Philips,2450.04,2753.38,Supplier_005,0.1102
PRD01581,Prestige Cookware 5252,Home & Kitchen,Cookware,Prestige,47939.01,63044.67,Supplier_385,0.2396
PRD01582,Godrej Home Decor 1695,Home & Kitchen,Home Decor,Godrej,17824.07,20335.0,Supplier_170,0.1235
PRD01583,Godrej Home Decor 2560,Home & Kitchen,Home Decor,Godrej,25203.74,33168.71,Supplier_013,0.2401
PRD01584,Bajaj Bedding 712,Home & Kitchen,Bedding,Bajaj,23873.8,35532.37,Supplier_149,0.3281
PRD01585,Bosch Kitchen Appliances 1628,Home & Kitchen,Kitchen Appliances,Bosch,34134.58,38128.8,Supplier_488,0.1048
PRD01586,Bosch Kitchen Appliances 2738,Home & Kitchen,Kitchen Appliances,Bosch,40383.43,56031.34,Supplier_494,0.2793
PRD01587,IKEA Bedding 8673,Home & Kitchen,Bedding,IKEA,49614.33,67778.5,Supplier_477,0.268
PRD01588,Bajaj Cookware 6003,Home & Kitchen,Cookware,Bajaj,39278.33,48679.2,Supplier_320,0.1931
PRD01589,Philips Home Decor 6450,Home & Kitchen,Home Decor,Philips,44539.46,64308.84,Supplier_123,0.3074
PRD01590,IKEA Kitchen Appliances 9388,Home & Kitchen,Kitchen Appliances,IKEA,30363.51,46464.29,Supplier_322,0.3465
PRD01591,Philips Home Decor 5171,Home & Kitchen,Home Decor,Philips,40246.09,46163.58,Supplier_281,0.1282
PRD01592,Bajaj Furniture 4943,Home & Kitchen,Furniture,Bajaj,4750.99,5831.59,Supplier_083,0.1853
PRD01593,Prestige Furniture 1265,Home & Kitchen,Furniture,Prestige,28846.76,35945.46,Supplier_092,0.1975
PRD01594,Prestige Home Decor 7342,Home & Kitchen,Home Decor,Prestige,49307.86,75928.55,Supplier_333,0.3506
PRD01595,Philips Kitchen Appliances 6055,Home & Kitchen,Kitchen Appliances,Philips,48585.45,63621.76,Supplier_440,0.2363
PRD01596,Bajaj Cookware 2213,Home & Kitchen,Cookware,Bajaj,20481.21,28084.88,Supplier_226,0.2707
PRD01597,IKEA Cookware 6222,Home & Kitchen,Cookware,IKEA,42249.54,64534.53,Supplier_043,0.3453
PRD01598,IKEA Home Decor 799,Home & Kitchen,Home Decor,IKEA,22532.11,33626.52,Supplier_318,0.3299
PRD01599,Godrej Furniture 9288,Home & Kitchen,Furniture,Godrej,39540.0,55707.13,Supplier_005,0.2902
PRD01600,Philips Kitchen Appliances 6641,Home & Kitchen,Kitchen Appliances,Philips,14568.5,16817.25,Supplier_438,0.1337
PRD01601,Bosch Furniture 1631,Home & Kitchen,Furniture,Bosch,19441.74,25221.2,Supplier_179,0.2292
PRD01602,Bajaj Home Decor 7716,Home & Kitchen,Home Decor,Bajaj,32142.1,48311.49,Supplier_056,0.3347
PRD01603,Bosch Furniture 6603,Home & Kitchen,Furniture,Bosch,36602.32,55313.66,Supplier_394,0.3383
PRD01604,Bosch Home Decor 5710,Home & Kitchen,Home Decor,Bosch,20105.95,22323.67,Supplier_310,0.0993
PRD01605,Bosch Home Decor 4660,Home & Kitchen,Home Decor,Bosch,35129.43,45802.56,Supplier_233,0.233
PRD01606,IKEA Furniture 3597,Home & Kitchen,Furniture,IKEA,7829.27,10184.98,Supplier_164,0.2313
PRD01607,Philips Bedding 1122,Home & Kitchen,Bedding,Philips,49391.15,71314.73,Supplier_480,0.3074
PRD01608,Bajaj Cookware 3565,Home & Kitchen,Cookware,Bajaj,48929.11,57751.41,Supplier_445,0.1528
PRD01609,Godrej Furniture 2985,Home & Kitchen,Furniture,Godrej,21174.87,25377.52,Supplier_043,0.1656
PRD01610,Philips Kitchen Appliances 7496,Home & Kitchen,Kitchen Appliances,Philips,13731.57,15357.43,Supplier_447,0.1059
PRD01611,IKEA Home Decor 3115,Home & Kitchen,Home Decor,IKEA,10744.54,16114.06,Supplier_426,0.3332
PRD01612,Philips Furniture 4964,Home & Kitchen,Furniture,Philips,44753.08,57347.09,Supplier_085,0.2196
PRD01613,Prestige Kitchen Appliances 8873,Home & Kitchen,Kitchen Appliances,Prestige,47099.99,61529.73,Supplier_353,0.2345
PRD01614,Godrej Kitchen Appliances 9444,Home & Kitchen,Kitchen Appliances,Godrej,21867.36,32996.12,Supplier_200,0.3373
PRD01615,IKEA Furniture 1374,Home & Kitchen,Furniture,IKEA,39164.47,53289.15,Supplier_371,0.2651
PRD01616,IKEA Bedding 5285,Home & Kitchen,Bedding,IKEA,7273.63,10125.69,Supplier_008,0.2817
PRD01617,Bajaj Kitchen Appliances 5284,Home & Kitchen,Kitchen Appliances,Bajaj,46694.28,61390.81,Supplier_059,0.2394
PRD01618,Prestige Home Decor 7481,Home & Kitchen,Home Decor,Prestige,26058.55,28188.27,Supplier_483,0.0756
PRD01619,Godrej Kitchen Appliances 1696,Home & Kitchen,Kitchen Appliances,Godrej,22493.97,34542.75,Supplier_019,0.3488
PRD01620,Godrej Kitchen Appliances 9047,Home & Kitchen,Kitchen Appliances,Godrej,48952.65,62536.17,Supplier_397,0.2172
PRD01621,IKEA Kitchen Appliances 3231,Home & Kitchen,Kitchen Appliances,IKEA,18908.95,23515.17,Supplier_498,0.1959
PRD01622,Philips Bedding 5047,Home & Kitchen,Bedding,Philips,18544.31,23198.62,Supplier_460,0.2006
PRD01623,IKEA Cookware 8277,Home & Kitchen,Cookware,IKEA,40961.62,46640.14,Supplier_333,0.1218
PRD01624,Bajaj Home Decor 8987,Home & Kitchen,Home Decor,Bajaj,20548.82,25594.36,Supplier_219,0.1971
PRD01625,Prestige Bedding 7118,Home & Kitchen,Bedding,Prestige,5713.33,6642.5,Supplier_192,0.1399
PRD01626,IKEA Kitchen Appliances 6351,Home & Kitchen,Kitchen Appliances,IKEA,29764.85,39739.01,Supplier_146,0.251
PRD01627,Godrej Home Decor 1725,Home & Kitchen,Home Decor,Godrej,14198.26,19474.01,Supplier_045,0.2709
PRD01628,Philips Furniture 6838,Home & Kitchen,Furniture,Philips,32498.75,44511.67,Supplier_054,0.2699
PRD01629,Godrej Home Decor 1733,Home & Kitchen,Home Decor,Godrej,37598.75,56992.09,Supplier_325,0.3403
PRD01630,IKEA Home Decor 4849,Home & Kitchen,Home Decor,IKEA,29082.62,31855.32,Supplier_437,0.087
PRD01631,Bosch Home Decor 6343,Home & Kitchen,Home Decor,Bosch,11182.82,14466.95,Supplier_059,0.227
PRD01632,Bajaj Kitchen Appliances 7701,Home & Kitchen,Kitchen Appliances,Bajaj,47530.05,59164.86,Supplier_212,0.1967
PRD01633,Philips Home Decor 8415,Home & Kitchen,Home Decor,Philips,46983.86,68015.35,Supplier_146,0.3092
PRD01634,Godrej Cookware 6894,Home & Kitchen,Cookware,Godrej,13261.73,19548.95,Supplier_345,0.3216
PRD01635,Philips Kitchen Appliances 354,Home & Kitchen,Kitchen Appliances,Philips,45014.35,57386.17,Supplier_014,0.2156
PRD01636,Prestige Kitchen Appliances 9929,Home & Kitchen,Kitchen Appliances,Prestige,42046.44,55665.82,Supplier_163,0.2447
PRD01637,Bosch Cookware 4062,Home & Kitchen,Cookware,Bosch,47960.07,74176.47,Supplier_285,0.3534
PRD01638,Bosch Home Decor 945,Home & Kitchen,Home Decor,Bosch,30832.58,38998.88,Supplier_411,0.2094
PRD01639,Bajaj Bedding 2946,Home & Kitchen,Bedding,Bajaj,6487.08,8946.0,Supplier_207,0.2749
PRD01640,IKEA Cookware 2169,Home & Kitchen,Cookware,IKEA,7964.26,9465.97,Supplier_259,0.1586
PRD01641,Godrej Furniture 4363,Home & Kitchen,Furniture,Godrej,28867.84,36496.04,Supplier_429,0.209
PRD01642,Bosch Bedding 1628,Home & Kitchen,Bedding,Bosch,47437.58,55775.61,Supplier_014,0.1495
PRD01643,Philips Home Decor 555,Home & Kitchen,Home Decor,Philips,31463.26,42753.71,Supplier_317,0.2641
PRD01644,Philips Bedding 2238,Home & Kitchen,Bedding,Philips,28611.1,31240.07,Supplier_233,0.0842
PRD01645,Bosch Cookware 4964,Home & Kitchen,Cookware,Bosch,12024.11,18060.42,Supplier_100,0.3342
PRD01646,Bosch Bedding 6294,Home & Kitchen,Bedding,Bosch,36329.32,53016.68,Supplier_395,0.3148
PRD01647,Godrej Cookware 2455,Home & Kitchen,Cookware,Godrej,2634.86,2948.39,Supplier_322,0.1063
PRD01648,Godrej Furniture 1917,Home & Kitchen,Furniture,Godrej,49240.65,73243.56,Supplier_236,0.3277
PRD01649,Philips Bedding 3059,Home & Kitchen,Bedding,Philips,5398.48,6547.05,Supplier_048,0.1754
PRD01650,Bajaj Furniture 3507,Home & Kitchen,Furniture,Bajaj,42238.95,63737.65,Supplier_201,0.3373
PRD01651,Bajaj Furniture 8071,Home & Kitchen,Furniture,Bajaj,39782.3,50700.96,Supplier_492,0.2154
PRD01652,Bosch Furniture 5237,Home & Kitchen,Furniture,Bosch,34382.45,43197.06,Supplier_325,0.2041
PRD01653,Bosch Home Decor 3027,Home & Kitchen,Home Decor,Bosch,9031.33,9796.88,Supplier_338,0.0781
PRD01654,Godrej Bedding 5716,Home & Kitchen,Bedding,Godrej,30352.41,33229.26,Supplier_178,0.0866
PRD01655,IKEA Home Decor 8648,Home & Kitchen,Home Decor,IKEA,30019.64,32491.96,Supplier_380,0.0761
PRD01656,Philips Cookware 477,Home & Kitchen,Cookware,Philips,9682.62,10591.73,Supplier_266,0.0858
PRD01657,Bosch Bedding 3654,Home & Kitchen,Bedding,Bosch,10854.51,13584.4,Supplier_016,0.201
PRD01658,Bosch Cookware 2173,Home & Kitchen,Cookware,Bosch,11027.07,15680.93,Supplier_138,0.2968
PRD01659,Bajaj Cookware 9135,Home & Kitchen,Cookware,Bajaj,10001.91,11234.4,Supplier_334,0.1097
PRD01660,Bajaj Cookware 8499,Home & Kitchen,Cookware,Bajaj,37272.46,48939.74,Supplier_485,0.2384
PRD01661,Bosch Home Decor 4705,Home & Kitchen,Home Decor,Bosch,12542.15,14711.97,Supplier_493,0.1475
PRD01662,Philips Home Decor 5205,Home & Kitchen,Home Decor,Philips,29203.23,42059.4,Supplier_085,0.3057
PRD01663,Godrej Kitchen Appliances 7042,Home & Kitchen,Kitchen Appliances,Godrej,24417.2,36502.32,Supplier_306,0.3311
PRD01664,Prestige Cookware 7133,Home & Kitchen,Cookware,Prestige,31164.4,42552.77,Supplier_103,0.2676
PRD01665,Prestige Bedding 1152,Home & Kitchen,Bedding,Prestige,18729.33,25797.19,Supplier_231,0.274
PRD01666,Philips Kitchen Appliances 6814,Home & Kitchen,Kitchen Appliances,Philips,47906.97,57437.58,Supplier_151,0.1659
PRD01667,Godrej Bedding 6625,Home & Kitchen,Bedding,Godrej,47521.39,63171.81,Supplier_016,0.2477
PRD01668,Bosch Furniture 3146,Home & Kitchen,Furniture,Bosch,40461.57,51864.12,Supplier_184,0.2199
PRD01669,Philips Kitchen Appliances 2476,Home & Kitchen,Kitchen Appliances,Philips,10798.45,13548.6,Supplier_400,0.203
PRD01670,Philips Cookware 5488,Home & Kitchen,Cookware,Philips,531.17,745.5,Supplier_110,0.2875
PRD01671,IKEA Home Decor 9301,Home & Kitchen,Home Decor,IKEA,39772.21,59754.15,Supplier_034,0.3344
PRD01672,Prestige Home Decor 1786,Home & Kitchen,Home Decor,Prestige,30110.01,39980.47,Supplier_288,0.2469
PRD01673,Godrej Cookware 1325,Home & Kitchen,Cookware,Godrej,30414.82,45475.61,Supplier_294,0.3312
PRD01674,Godrej Home Decor 5344,Home & Kitchen,Home Decor,Godrej,37822.25,46497.09,Supplier_102,0.1866
PRD01675,Philips Kitchen Appliances 4596,Home & Kitchen,Kitchen Appliances,Philips,40146.12,52766.69,Supplier_216,0.2392
PRD01676,Philips Furniture 9785,Home & Kitchen,Furniture,Philips,22666.62,30887.18,Supplier_197,0.2661
PRD01677,IKEA Kitchen Appliances 9533,Home & Kitchen,Kitchen Appliances,IKEA,1112.37,1210.68,Supplier_003,0.0812
PRD01678,Prestige Home Decor 706,Home & Kitchen,Home Decor,Prestige,6596.35,10121.58,Supplier_459,0.3483
PRD01679,IKEA Bedding 1237,Home & Kitchen,Bedding,IKEA,2004.06,2771.7,Supplier_241,0.277
PRD01680,Bajaj Furniture 5765,Home & Kitchen,Furniture,Bajaj,36176.52,43740.91,Supplier_205,0.1729
PRD01681,IKEA Furniture 871,Home & Kitchen,Furniture,IKEA,38741.94,50833.1,Supplier_202,0.2379
PRD01682,Godrej Cookware 2089,Home & Kitchen,Cookware,Godrej,49199.14,64542.79,Supplier_432,0.2377
PRD01683,IKEA Cookware 270,Home & Kitchen,Cookware,IKEA,5182.04,6142.2,Supplier_072,0.1563
PRD01684,Prestige Furniture 3808,Home & Kitchen,Furniture,Prestige,43076.37,61185.64,Supplier_088,0.296
PRD01685,Bosch Furniture 8907,Home & Kitchen,Furniture,Bosch,36219.19,52944.22,Supplier_003,0.3159
PRD01686,Prestige Furniture 886,Home & Kitchen,Furniture,Prestige,44171.8,48599.84,Supplier_485,0.0911
PRD01687,Philips Cookware 6318,Home & Kitchen,Cookware,Philips,13223.17,18556.38,Supplier_139,0.2874
PRD01688,Bosch Kitchen Appliances 5331,Home & Kitchen,Kitchen Appliances,Bosch,29193.49,33174.13,Supplier_442,0.12
PRD01689,IKEA Kitchen Appliances 6871,Home & Kitchen,Kitchen Appliances,IKEA,44395.53,68100.21,Supplier_327,0.3481
PRD01690,Godrej Home Decor 9568,Home & Kitchen,Home Decor,Godrej,6162.55,8183.66,Supplier_245,0.247
PRD01691,Prestige Home Decor 3800,Home & Kitchen,Home Decor,Prestige,16129.47,22960.4,Supplier_048,0.2975
PRD01692,Prestige Cookware 4071,Home & Kitchen,Cookware,Prestige,35583.5,44334.0,Supplier_338,0.1974
PRD01693,Godrej Kitchen Appliances 1087,Home & Kitchen,Kitchen Appliances,Godrej,3946.94,6065.38,Supplier_109,0.3493
PRD01694,Godrej Furniture 3178,Home & Kitchen,Furniture,Godrej,10845.97,15886.1,Supplier_250,0.3173
PRD01695,Prestige Furniture 8744,Home & Kitchen,Furniture,Prestige,10472.64,14217.09,Supplier_264,0.2634
PRD01696,Prestige Cookware 8365,Home & Kitchen,Cookware,Prestige,35440.19,49190.49,Supplier_055,0.2795
PRD01697,Bosch Kitchen Appliances 7512,Home & Kitchen,Kitchen Appliances,Bosch,45839.03,57813.13,Supplier_445,0.2071
PRD01698,IKEA Bedding 1224,Home & Kitchen,Bedding,IKEA,10190.89,12923.03,Supplier_143,0.2114
PRD01699,Bosch Home Decor 9557,Home & Kitchen,Home Decor,Bosch,34328.99,52427.32,Supplier_332,0.3452
PRD01700,Bosch Furniture 1905,Home & Kitchen,Furniture,Bosch,23074.66,26082.94,Supplier_124,0.1153
PRD01701,Bajaj Furniture 8798,Home & Kitchen,Furniture,Bajaj,9392.14,10269.7,Supplier_232,0.0855
PRD01702,Prestige Cookware 5906,Home & Kitchen,Cookware,Prestige,5960.39,7978.83,Supplier_221,0.253
PRD01703,Bosch Kitchen Appliances 5567,Home & Kitchen,Kitchen Appliances,Bosch,19876.55,25491.65,Supplier_028,0.2203
PRD01704,Prestige Home Decor 6367,Home & Kitchen,Home Decor,Prestige,18520.54,20429.88,Supplier_375,0.0935
PRD01705,Bosch Home Decor 9832,Home & Kitchen,Home Decor,Bosch,14735.59,18703.37,Supplier_142,0.2121
PRD01706,IKEA Bedding 917,Home & Kitchen,Bedding,IKEA,24706.13,31717.13,Supplier_331,0.221
PRD01707,Philips Kitchen Appliances 684,Home & Kitchen,Kitchen Appliances,Philips,11018.01,12174.62,Supplier_295,0.095
PRD01708,Bosch Cookware 3810,Home & Kitchen,Cookware,Bosch,3339.08,3764.76,Supplier_452,0.1131
PRD01709,Godrej Bedding 1759,Home & Kitchen,Bedding,Godrej,35805.37,45265.03,Supplier_113,0.209
PRD01710,Bajaj Cookware 5795,Home & Kitchen,Cookware,Bajaj,10324.98,14963.91,Supplier_327,0.31
PRD01711,Godrej Cookware 1644,Home & Kitchen,Cookware,Godrej,29835.85,42513.84,Supplier_095,0.2982
PRD01712,Godrej Bedding 4009,Home & Kitchen,Bedding,Godrej,31124.81,44426.7,Supplier_088,0.2994
PRD01713,Godrej Cookware 7558,Home & Kitchen,Cookware,Godrej,3519.26,4110.68,Supplier_073,0.1439
PRD01714,Godrej Furniture 3008,Home & Kitchen,Furniture,Godrej,23756.3,29386.67,Supplier_499,0.1916
PRD01715,Philips Cookware 259,Home & Kitchen,Cookware,Philips,8577.72,12328.95,Supplier_305,0.3043
PRD01716,Bajaj Cookware 4155,Home & Kitchen,Cookware,Bajaj,29178.78,38209.74,Supplier_242,0.2364
PRD01717,Philips Furniture 4862,Home & Kitchen,Furniture,Philips,40955.38,55151.14,Supplier_428,0.2574
PRD01718,IKEA Kitchen Appliances 1638,Home & Kitchen,Kitchen Appliances,IKEA,25182.17,36132.55,Supplier_052,0.3031
PRD01719,Godrej Cookware 5847,Home & Kitchen,Cookware,Godrej,16817.08,22040.65,Supplier_280,0.237
PRD01720,Godrej Cookware 322,Home & Kitchen,Cookware,Godrej,24350.34,30467.53,Supplier_424,0.2008
PRD01721,Prestige Cookware 9860,Home & Kitchen,Cookware,Prestige,35522.35,53246.05,Supplier_248,0.3329
PRD01722,Prestige Furniture 439,Home & Kitchen,Furniture,Prestige,34304.92,48790.56,Supplier_076,0.2969
PRD01723,Bosch Home Decor 8256,Home & Kitchen,Home Decor,Bosch,32985.38,37819.97,Supplier_016,0.1278
PRD01724,IKEA Kitchen Appliances 5988,Home & Kitchen,Kitchen Appliances,IKEA,37063.57,56983.26,Supplier_106,0.3496
PRD01725,Bosch Furniture 1868,Home & Kitchen,Furniture,Bosch,46036.33,57893.25,Supplier_495,0.2048
PRD01726,Godrej Cookware 7460,Home & Kitchen,Cookware,Godrej,33956.14,51023.65,Supplier_491,0.3345
PRD01727,Bosch Bedding 5526,Home & Kitchen,Bedding,Bosch,13302.2,18611.92,Supplier_201,0.2853
PRD01728,Bajaj Bedding 3222,Home & Kitchen,Bedding,Bajaj,47266.06,57184.19,Supplier_022,0.1734
PRD01729,IKEA Bedding 2114,Home & Kitchen,Bedding,IKEA,35106.69,51679.18,Supplier_222,0.3207
PRD01730,IKEA Home Decor 4825,Home & Kitchen,Home Decor,IKEA,48409.24,70309.58,Supplier_057,0.3115
PRD01731,Bajaj Furniture 2561,Home & Kitchen,Furniture,Bajaj,46365.29,53280.75,Supplier_268,0.1298
PRD01732,IKEA Cookware 8076,Home & Kitchen,Cookware,IKEA,27929.14,32297.96,Supplier_148,0.1353
PRD01733,Prestige Furniture 4736,Home & Kitchen,Furniture,Prestige,828.84,911.1,Supplier_423,0.0903
PRD01734,Philips Bedding 7150,Home & Kitchen,Bedding,Philips,2707.0,3312.65,Supplier_181,0.1828
PRD01735,Philips Furniture 4741,Home & Kitchen,Furniture,Philips,12609.1,15693.32,Supplier_403,0.1965
PRD01736,Godrej Bedding 1509,Home & Kitchen,Bedding,Godrej,47928.29,64394.15,Supplier_366,0.2557
PRD01737,Bosch Cookware 9688,Home & Kitchen,Cookware,Bosch,49795.92,58383.82,Supplier_471,0.1471
PRD01738,Prestige Furniture 5910,Home & Kitchen,Furniture,Prestige,10981.95,14302.82,Supplier_128,0.2322
PRD01739,Bajaj Home Decor 4380,Home & Kitchen,Home Decor,Bajaj,19985.72,30077.64,Supplier_472,0.3355
PRD01740,IKEA Cookware 5383,Home & Kitchen,Cookware,IKEA,15571.25,20943.9,Supplier_412,0.2565
PRD01741,Bosch Bedding 2323,Home & Kitchen,Bedding,Bosch,34181.89,40121.61,Supplier_214,0.148
PRD01742,Bosch Bedding 9384,Home & Kitchen,Bedding,Bosch,15088.06,16902.11,Supplier_475,0.1073
PRD01743,IKEA Home Decor 7258,Home & Kitchen,Home Decor,IKEA,9209.44,13332.79,Supplier_050,0.3093
PRD01744,IKEA Kitchen Appliances 5958,Home & Kitchen,Kitchen Appliances,IKEA,22122.97,27150.03,Supplier_240,0.1852
PRD01745,Bajaj Cookware 7657,Home & Kitchen,Cookware,Bajaj,23354.3,35775.99,Supplier_015,0.3472
PRD01746,Philips Bedding 2403,Home & Kitchen,Bedding,Philips,47876.71,61178.38,Supplier_315,0.2174
PRD01747,Bosch Cookware 9000,Home & Kitchen,Cookware,Bosch,29037.1,36452.08,Supplier_461,0.2034
PRD01748,Prestige Bedding 2163,Home & Kitchen,Bedding,Prestige,2724.12,4024.07,Supplier_207,0.323
PRD01749,Bajaj Furniture 7640,Home & Kitchen,Furniture,Bajaj,40383.68,60220.47,Supplier_430,0.3294
PRD01750,Philips Furniture 1853,Home & Kitchen,Furniture,Philips,2781.9,4089.53,Supplier_171,0.3198
PRD01751,Philips Bedding 5528,Home & Kitchen,Bedding,Philips,41105.91,55318.62,Supplier_443,0.2569
PRD01752,Philips Furniture 968,Home & Kitchen,Furniture,Philips,37036.62,51739.2,Supplier_360,0.2842
PRD01753,IKEA Kitchen Appliances 8215,Home & Kitchen,Kitchen Appliances,IKEA,7250.39,10353.55,Supplier_070,0.2997
PRD01754,Godrej Kitchen Appliances 5193,Home & Kitchen,Kitchen Appliances,Godrej,32001.42,36889.46,Supplier_369,0.1325
PRD01755,Bajaj Furniture 1200,Home & Kitchen,Furniture,Bajaj,31202.01,36641.42,Supplier_001,0.1484
PRD01756,IKEA Kitchen Appliances 4150,Home & Kitchen,Kitchen Appliances,IKEA,44000.96,58271.2,Supplier_105,0.2449
PRD01757,Bajaj Furniture 6501,Home & Kitchen,Furniture,Bajaj,1281.59,1688.79,Supplier_029,0.2411
PRD01758,Prestige Furniture 3949,Home & Kitchen,Furniture,Prestige,20257.64,31234.59,Supplier_431,0.3514
PRD01759,Prestige Bedding 2118,Home & Kitchen,Bedding,Prestige,41093.24,57539.6,Supplier_222,0.2858
PRD01760,Godrej Kitchen Appliances 4043,Home & Kitchen,Kitchen Appliances,Godrej,1131.81,1297.72,Supplier_088,0.1278
PRD01761,Godrej Bedding 7971,Home & Kitchen,Bedding,Godrej,34996.45,41091.61,Supplier_149,0.1483
PRD01762,Godrej Cookware 6118,Home & Kitchen,Cookware,Godrej,5045.98,6845.98,Supplier_342,0.2629
PRD01763,Bajaj Cookware 7701,Home & Kitchen,Cookware,Bajaj,19321.75,28131.15,Supplier_214,0.3132
PRD01764,Bosch Home Decor 9344,Home & Kitchen,Home Decor,Bosch,1447.13,1873.79,Supplier_200,0.2277
PRD01765,IKEA Furniture 7382,Home & Kitchen,Furniture,IKEA,15172.94,20987.23,Supplier_022,0.277
PRD01766,Bosch Cookware 4636,Home & Kitchen,Cookware,Bosch,23421.96,33255.45,Supplier_005,0.2957
PRD01767,Prestige Kitchen Appliances 3553,Home & Kitchen,Kitchen Appliances,Prestige,25056.89,37201.47,Supplier_179,0.3265
PRD01768,Bajaj Bedding 2580,Home & Kitchen,Bedding,Bajaj,25676.61,29836.57,Supplier_181,0.1394
PRD01769,Prestige Bedding 2394,Home & Kitchen,Bedding,Prestige,23001.11,34123.8,Supplier_143,0.326
PRD01770,Bajaj Cookware 8025,Home & Kitchen,Cookware,Bajaj,3457.09,5097.42,Supplier_193,0.3218
PRD01771,IKEA Home Decor 8406,Home & Kitchen,Home Decor,IKEA,32965.64,44527.95,Supplier_398,0.2597
PRD01772,Prestige Bedding 9614,Home & Kitchen,Bedding,Prestige,6514.63,8028.08,Supplier_179,0.1885
PRD01773,IKEA Bedding 583,Home & Kitchen,Bedding,IKEA,41502.82,46141.09,Supplier_437,0.1005
PRD01774,Bosch Kitchen Appliances 7905,Home & Kitchen,Kitchen Appliances,Bosch,4872.2,5505.21,Supplier_166,0.115
PRD01775,Godrej Kitchen Appliances 2950,Home & Kitchen,Kitchen Appliances,Godrej,39790.47,44945.44,Supplier_373,0.1147
PRD01776,Bajaj Home Decor 4203,Home & Kitchen,Home Decor,Bajaj,46122.67,51154.91,Supplier_059,0.0984
PRD01777,Godrej Furniture 582,Home & Kitchen,Furniture,Godrej,3690.44,5309.71,Supplier_473,0.305
PRD01778,Prestige Kitchen Appliances 2282,Home & Kitchen,Kitchen Appliances,Prestige,5427.67,7008.58,Supplier_327,0.2256
PRD01779,IKEA Bedding 7268,Home & Kitchen,Bedding,IKEA,10026.73,12018.77,Supplier_348,0.1657
PRD01780,Bosch Cookware 8759,Home & Kitchen,Cookware,Bosch,10099.58,11676.95,Supplier_415,0.1351
PRD01781,Philips Kitchen Appliances 1676,Home & Kitchen,Kitchen Appliances,Philips,29126.29,40068.58,Supplier_105,0.2731
PRD01782,Bosch Furniture 6785,Home & Kitchen,Furniture,Bosch,44669.89,55792.41,Supplier_291,0.1994
PRD01783,Philips Bedding 8753,Home & Kitchen,Bedding,Philips,17068.53,23908.06,Supplier_255,0.2861
PRD01784,Bosch Kitchen Appliances 5868,Home & Kitchen,Kitchen Appliances,Bosch,28539.98,37177.73,Supplier_183,0.2323
PRD01785,IKEA Bedding 7290,Home & Kitchen,Bedding,IKEA,42678.41,62171.78,Supplier_219,0.3135
PRD01786,Philips Home Decor 8574,Home & Kitchen,Home Decor,Philips,28479.16,32459.99,Supplier_153,0.1226
PRD01787,Philips Furniture 8956,Home & Kitchen,Furniture,Philips,24960.68,27561.46,Supplier_170,0.0944
PRD01788,Bosch Furniture 4218,Home & Kitchen,Furniture,Bosch,41075.32,49957.91,Supplier_200,0.1778
PRD01789,Philips Cookware 4819,Home & Kitchen,Cookware,Philips,43628.5,50355.82,Supplier_039,0.1336
PRD01790,IKEA Bedding 8292,Home & Kitchen,Bedding,IKEA,12107.85,16022.89,Supplier_160,0.2443
PRD01791,IKEA Home Decor 1916,Home & Kitchen,Home Decor,IKEA,2879.58,4053.97,Supplier_299,0.2897
PRD01792,Prestige Home Decor 7004,Home & Kitchen,Home Decor,Prestige,32678.94,35788.97,Supplier_134,0.0869
PRD01793,Prestige Kitchen Appliances 3446,Home & Kitchen,Kitchen Appliances,Prestige,44407.0,49199.15,Supplier_281,0.0974
PRD01794,Godrej Cookware 8186,Home & Kitchen,Cookware,Godrej,45620.36,50606.41,Supplier_038,0.0985
PRD01795,IKEA Bedding 679,Home & Kitchen,Bedding,IKEA,35169.39,50637.59,Supplier_178,0.3055
PRD01796,Bajaj Furniture 1420,Home & Kitchen,Furniture,Bajaj,29927.47,40936.09,Supplier_455,0.2689
PRD01797,Bajaj Bedding 783,Home & Kitchen,Bedding,Bajaj,47332.7,57137.15,Supplier_054,0.1716
PRD01798,Bajaj Furniture 7169,Home & Kitchen,Furniture,Bajaj,25404.83,35202.42,Supplier_245,0.2783
PRD01799,Bosch Cookware 3314,Home & Kitchen,Cookware,Bosch,1121.09,1239.95,Supplier_274,0.0959
PRD01800,Bajaj Bedding 9152,Home & Kitchen,Bedding,Bajaj,34112.96,48673.19,Supplier_247,0.2991
PRD01801,Bajaj Furniture 7140,Home & Kitchen,Furniture,Bajaj,38295.79,53876.7,Supplier_360,0.2892
PRD01802,IKEA Home Decor 6124,Home & Kitchen,Home Decor,IKEA,6931.63,8912.95,Supplier_181,0.2223
PRD01803,Prestige Kitchen Appliances 3901,Home & Kitchen,Kitchen Appliances,Prestige,21854.42,24197.73,Supplier_048,0.0968
PRD01804,Philips Bedding 8885,Home & Kitchen,Bedding,Philips,11394.94,16309.73,Supplier_291,0.3013
PRD01805,Philips Furniture 1031,Home & Kitchen,Furniture,Philips,43669.13,52292.19,Supplier_040,0.1649
PRD01806,Bosch Furniture 5246,Home & Kitchen,Furniture,Bosch,21955.87,26628.52,Supplier_180,0.1755
PRD01807,Godrej Bedding 2225,Home & Kitchen,Bedding,Godrej,44526.71,68976.4,Supplier_311,0.3545
PRD01808,Bajaj Home Decor 1351,Home & Kitchen,Home Decor,Bajaj,32896.26,45679.66,Supplier_129,0.2798
PRD01809,Bosch Bedding 5948,Home & Kitchen,Bedding,Bosch,24771.72,35313.39,Supplier_460,0.2985
PRD01810,Bajaj Kitchen Appliances 9134,Home & Kitchen,Kitchen Appliances,Bajaj,35671.04,54308.11,Supplier_150,0.3432
PRD01811,IKEA Kitchen Appliances 8970,Home & Kitchen,Kitchen Appliances,IKEA,44654.27,54918.67,Supplier_258,0.1869
PRD01812,Philips Furniture 8066,Home & Kitchen,Furniture,Philips,17364.44,22106.53,Supplier_144,0.2145
PRD01813,Bosch Furniture 8635,Home & Kitchen,Furniture,Bosch,45606.86,67291.55,Supplier_119,0.3222
PRD01814,Godrej Cookware 2425,Home & Kitchen,Cookware,Godrej,27670.63,31480.64,Supplier_019,0.121
PRD01815,Godrej Kitchen Appliances 1971,Home & Kitchen,Kitchen Appliances,Godrej,22041.86,31721.99,Supplier_011,0.3052
PRD01816,Philips Home Decor 5021,Home & Kitchen,Home Decor,Philips,13551.41,18382.12,Supplier_424,0.2628
PRD01817,Philips Furniture 8215,Home & Kitchen,Furniture,Philips,13990.67,19119.39,Supplier_010,0.2682
PRD01818,Bajaj Home Decor 6314,Home & Kitchen,Home Decor,Bajaj,22228.79,26352.03,Supplier_095,0.1565
PRD01819,IKEA Home Decor 8972,Home & Kitchen,Home Decor,IKEA,2660.37,3254.75,Supplier_391,0.1826
PRD01820,Philips Cookware 5608,Home & Kitchen,Cookware,Philips,45507.2,65284.84,Supplier_473,0.3029
PRD01821,IKEA Cookware 7211,Home & Kitchen,Cookware,IKEA,10866.38,11875.35,Supplier_444,0.085
PRD01822,Godrej Home Decor 1889,Home & Kitchen,Home Decor,Godrej,46431.9,66566.09,Supplier_284,0.3025
PRD01823,Godrej Home Decor 8861,Home & Kitchen,Home Decor,Godrej,46627.01,56655.86,Supplier_238,0.177
PRD01824,IKEA Home Decor 4361,Home & Kitchen,Home Decor,IKEA,35975.05,51855.73,Supplier_084,0.3062
PRD01825,Bajaj Home Decor 2260,Home & Kitchen,Home Decor,Bajaj,37294.41,56485.77,Supplier_465,0.3398
PRD01826,Prestige Furniture 1501,Home & Kitchen,Furniture,Prestige,39989.47,61062.11,Supplier_128,0.3451
PRD01827,Prestige Bedding 4593,Home & Kitchen,Bedding,Prestige,16909.74,21398.64,Supplier_186,0.2098
PRD01828,Godrej Cookware 302,Home & Kitchen,Cookware,Godrej,12563.14,17424.13,Supplier_064,0.279
PRD01829,IKEA Cookware 3029,Home & Kitchen,Cookware,IKEA,33055.78,48688.52,Supplier_228,0.3211
PRD01830,Philips Home Decor 5977,Home & Kitchen,Home Decor,Philips,22023.47,28613.48,Supplier_246,0.2303
PRD01831,Bosch Bedding 1403,Home & Kitchen,Bedding,Bosch,20460.11,27670.21,Supplier_142,0.2606
PRD01832,IKEA Bedding 3045,Home & Kitchen,Bedding,IKEA,15735.63,17468.13,Supplier_133,0.0992
PRD01833,Prestige Cookware 2958,Home & Kitchen,Cookware,Prestige,43459.32,49534.7,Supplier_076,0.1226
PRD01834,Godrej Bedding 730,Home & Kitchen,Bedding,Godrej,2526.5,2864.52,Supplier_095,0.118
PRD01835,Bajaj Bedding 3834,Home & Kitchen,Bedding,Bajaj,29015.54,31908.94,Supplier_032,0.0907
PRD01836,Prestige Cookware 5889,Home & Kitchen,Cookware,Prestige,855.1,1263.08,Supplier_277,0.323
PRD01837,IKEA Furniture 8405,Home & Kitchen,Furniture,IKEA,11773.11,13319.0,Supplier_228,0.1161
PRD01838,IKEA Furniture 9444,Home & Kitchen,Furniture,IKEA,3918.64,4607.93,Supplier_191,0.1496
PRD01839,Philips Home Decor 2444,Home & Kitchen,Home Decor,Philips,32112.26,47900.28,Supplier_013,0.3296
PRD01840,IKEA Cookware 6786,Home & Kitchen,Cookware,IKEA,39418.81,48778.54,Supplier_460,0.1919
PRD01841,Bajaj Cookware 610,Home & Kitchen,Cookware,Bajaj,47126.85,57410.38,Supplier_083,0.1791
PRD01842,Philips Cookware 9786,Home & Kitchen,Cookware,Philips,14579.09,16773.68,Supplier_014,0.1308
PRD01843,IKEA Furniture 8426,Home & Kitchen,Furniture,IKEA,10613.41,13024.35,Supplier_402,0.1851
PRD01844,Godrej Bedding 9646,Home & Kitchen,Bedding,Godrej,17235.43,20354.84,Supplier_017,0.1533
PRD01845,Bajaj Kitchen Appliances 1366,Home & Kitchen,Kitchen Appliances,Bajaj,38142.46,52832.25,Supplier_491,0.278
PRD01846,IKEA Kitchen Appliances 9082,Home & Kitchen,Kitchen Appliances,IKEA,25199.62,34019.15,Supplier_376,0.2593
PRD01847,IKEA Home Decor 8746,Home & Kitchen,Home Decor,IKEA,36665.63,54205.36,Supplier_409,0.3236
PRD01848,IKEA Furniture 7325,Home & Kitchen,Furniture,IKEA,23642.84,31362.0,Supplier_163,0.2461
PRD01849,Bosch Cookware 4098,Home & Kitchen,Cookware,Bosch,41808.65,50912.09,Supplier_169,0.1788
PRD01850,Prestige Kitchen Appliances 1990,Home & Kitchen,Kitchen Appliances,Prestige,11582.99,14223.49,Supplier_355,0.1856
PRD01851,Bajaj Kitchen Appliances 6029,Home & Kitchen,Kitchen Appliances,Bajaj,36653.28,54749.25,Supplier_041,0.3305
PRD01852,IKEA Cookware 8032,Home & Kitchen,Cookware,IKEA,25306.89,38210.33,Supplier_310,0.3377
PRD01853,Bajaj Kitchen Appliances 2152,Home & Kitchen,Kitchen Appliances,Bajaj,39325.89,46718.72,Supplier_474,0.1582
PRD01854,Bosch Bedding 9680,Home & Kitchen,Bedding,Bosch,38833.59,49380.02,Supplier_341,0.2136
PRD01855,IKEA Kitchen Appliances 5242,Home & Kitchen,Kitchen Appliances,IKEA,13050.93,15854.74,Supplier_061,0.1768
PRD01856,Bajaj Furniture 9537,Home & Kitchen,Furniture,Bajaj,21080.08,32508.15,Supplier_254,0.3515
PRD01857,Bosch Kitchen Appliances 2079,Home & Kitchen,Kitchen Appliances,Bosch,43826.46,47652.1,Supplier_215,0.0803
PRD01858,IKEA Cookware 1754,Home & Kitchen,Cookware,IKEA,35583.52,46288.26,Supplier_065,0.2313
PRD01859,Bajaj Furniture 1296,Home & Kitchen,Furniture,Bajaj,1245.38,1442.72,Supplier_068,0.1368
PRD01860,IKEA Bedding 5905,Home & Kitchen,Bedding,IKEA,45935.22,69132.62,Supplier_066,0.3355
PRD01861,Godrej Home Decor 2050,Home & Kitchen,Home Decor,Godrej,27869.19,39424.65,Supplier_173,0.2931
PRD01862,IKEA Cookware 841,Home & Kitchen,Cookware,IKEA,30457.43,34436.78,Supplier_038,0.1156
PRD01863,Bajaj Cookware 7238,Home & Kitchen,Cookware,Bajaj,45538.18,62682.9,Supplier_149,0.2735
PRD01864,Godrej Home Decor 9759,Home & Kitchen,Home Decor,Godrej,6773.55,7899.46,Supplier_470,0.1425
PRD01865,Philips Bedding 9816,Home & Kitchen,Bedding,Philips,7655.21,8295.63,Supplier_190,0.0772
PRD01866,Bajaj Home Decor 9735,Home & Kitchen,Home Decor,Bajaj,16055.82,18673.87,Supplier_144,0.1402
PRD01867,Bosch Furniture 9342,Home & Kitchen,Furniture,Bosch,14902.56,18484.02,Supplier_266,0.1938
PRD01868,IKEA Bedding 4773,Home & Kitchen,Bedding,IKEA,25435.98,38565.54,Supplier_166,0.3404
PRD01869,Prestige Home Decor 787,Home & Kitchen,Home Decor,Prestige,37877.15,57882.02,Supplier_417,0.3456
PRD01870,Bajaj Kitchen Appliances 5250,Home & Kitchen,Kitchen Appliances,Bajaj,25980.79,35082.24,Supplier_051,0.2594
PRD01871,Prestige Cookware 8073,Home & Kitchen,Cookware,Prestige,8321.35,10112.82,Supplier_225,0.1771
PRD01872,Bosch Kitchen Appliances 1838,Home & Kitchen,Kitchen Appliances,Bosch,14459.52,21852.9,Supplier_474,0.3383
PRD01873,Godrej Kitchen Appliances 9146,Home & Kitchen,Kitchen Appliances,Godrej,13967.5,15714.96,Supplier_430,0.1112
PRD01874,Bosch Bedding 8944,Home & Kitchen,Bedding,Bosch,1416.14,2130.15,Supplier_276,0.3352
PRD01875,Philips Kitchen Appliances 6154,Home & Kitchen,Kitchen Appliances,Philips,24443.88,35847.61,Supplier_105,0.3181
PRD01876,Vector X Sportswear 2167,Sports,Sportswear,Vector X,21353.8,27526.49,Supplier_426,0.2242
PRD01877,Decathlon Cricket 2065,Sports,Cricket,Decathlon,45903.86,65029.15,Supplier_228,0.2941
PRD01878,Cosco Cricket 4662,Sports,Cricket,Cosco,13189.67,19604.02,Supplier_375,0.3272
PRD01879,Decathlon Fitness Equipment 3744,Sports,Fitness Equipment,Decathlon,40191.87,57466.76,Supplier_373,0.3006
PRD01880,Decathlon Fitness Equipment 7529,Sports,Fitness Equipment,Decathlon,7878.52,9750.52,Supplier_323,0.192
PRD01881,Nike Cycling 728,Sports,Cycling,Nike,35355.15,43414.73,Supplier_222,0.1856
PRD01882,Vector X Fitness Equipment 683,Sports,Fitness Equipment,Vector X,15910.48,23475.48,Supplier_486,0.3223
PRD01883,Adidas Fitness Equipment 3707,Sports,Fitness Equipment,Adidas,6886.89,8655.57,Supplier_345,0.2043
PRD01884,Decathlon Outdoor & Adventure 3165,Sports,Outdoor & Adventure,Decathlon,23532.26,30773.57,Supplier_376,0.2353
PRD01885,Decathlon Cricket 1553,Sports,Cricket,Decathlon,6633.01,9142.56,Supplier_487,0.2745
PRD01886,Adidas Cycling 9237,Sports,Cycling,Adidas,209.73,233.14,Supplier_313,0.1004
PRD01887,Adidas Outdoor & Adventure 6330,Sports,Outdoor & Adventure,Adidas,1988.7,2790.84,Supplier_324,0.2874
PRD01888,Adidas Cycling 3050,Sports,Cycling,Adidas,31903.85,41717.14,Supplier_450,0.2352
PRD01889,Adidas Sportswear 8131,Sports,Sportswear,Adidas,43758.2,60996.68,Supplier_408,0.2826
PRD01890,Vector X Cricket 1681,Sports,Cricket,Vector X,17888.54,23363.34,Supplier_113,0.2343
PRD01891,Decathlon Fitness Equipment 4153,Sports,Fitness Equipment,Decathlon,21008.72,27104.85,Supplier_340,0.2249
PRD01892,Nike Cricket 1960,Sports,Cricket,Nike,8850.91,13537.19,Supplier_178,0.3462
PRD01893,Adidas Cricket 8114,Sports,Cricket,Adidas,38695.4,50588.71,Supplier_308,0.2351
PRD01894,Adidas Cricket 3624,Sports,Cricket,Adidas,1496.68,1804.88,Supplier_456,0.1708
PRD01895,Nike Cricket 5303,Sports,Cricket,Nike,28134.75,34659.21,Supplier_211,0.1882
PRD01896,Cosco Cricket 995,Sports,Cricket,Cosco,21288.7,25600.27,Supplier_138,0.1684
PRD01897,Adidas Cricket 5154,Sports,Cricket,Adidas,17025.09,24936.76,Supplier_230,0.3173
PRD01898,Adidas Cricket 3478,Sports,Cricket,Adidas,28646.66,33180.61,Supplier_400,0.1366
PRD01899,Vector X Fitness Equipment 8943,Sports,Fitness Equipment,Vector X,30557.03,34857.36,Supplier_011,0.1234
PRD01900,Cosco Fitness Equipment 5878,Sports,Fitness Equipment,Cosco,4558.12,6432.53,Supplier_393,0.2914
PRD01901,Nike Cycling 6032,Sports,Cycling,Nike,32763.83,43371.61,Supplier_275,0.2446
PRD01902,Adidas Outdoor & Adventure 3857,Sports,Outdoor & Adventure,Adidas,41915.55,53060.78,Supplier_149,0.21
PRD01903,Decathlon Outdoor & Adventure 4174,Sports,Outdoor & Adventure,Decathlon,16608.53,19620.31,Supplier_482,0.1535
PRD01904,Nike Fitness Equipment 8727,Sports,Fitness Equipment,Nike,42281.82,60670.49,Supplier_053,0.3031
PRD01905,Cosco Cycling 4738,Sports,Cycling,Cosco,39577.61,43530.39,Supplier_155,0.0908
PRD01906,Adidas Fitness Equipment 653,Sports,Fitness Equipment,Adidas,31596.2,44341.88,Supplier_140,0.2874
PRD01907,Cosco Fitness Equipment 4523,Sports,Fitness Equipment,Cosco,32781.03,37424.82,Supplier_442,0.1241
PRD01908,Nike Fitness Equipment 6905,Sports,Fitness Equipment,Nike,3740.82,5309.69,Supplier_011,0.2955
PRD01909,Vector X Fitness Equipment 9736,Sports,Fitness Equipment,Vector X,30263.35,34844.26,Supplier_406,0.1315
PRD01910,Adidas Cricket 5403,Sports,Cricket,Adidas,41582.01,61702.4,Supplier_218,0.3261
PRD01911,Nike Cycling 1733,Sports,Cycling,Nike,15142.59,19620.04,Supplier_136,0.2282
PRD01912,Cosco Cycling 3741,Sports,Cycling,Cosco,18860.21,24176.55,Supplier_496,0.2199
PRD01913,Vector X Cricket 8836,Sports,Cricket,Vector X,13963.97,16947.77,Supplier_260,0.1761
PRD01914,Cosco Outdoor & Adventure 6549,Sports,Outdoor & Adventure,Cosco,909.77,1195.08,Supplier_488,0.2387
PRD01915,Vector X Sportswear 9567,Sports,Sportswear,Vector X,35743.21,46200.5,Supplier_500,0.2263
PRD01916,Cosco Fitness Equipment 7911,Sports,Fitness Equipment,Cosco,38571.73,49762.55,Supplier_289,0.2249
PRD01917,Decathlon Fitness Equipment 1470,Sports,Fitness Equipment,Decathlon,16655.15,24325.68,Supplier_049,0.3153
PRD01918,Adidas Cycling 9822,Sports,Cycling,Adidas,10423.71,15873.06,Supplier_128,0.3433
PRD01919,Adidas Fitness Equipment 8675,Sports,Fitness Equipment,Adidas,20189.59,29757.3,Supplier_371,0.3215
PRD01920,Adidas Cycling 6847,Sports,Cycling,Adidas,2993.7,3927.45,Supplier_160,0.2377
PRD01921,Adidas Sportswear 9909,Sports,Sportswear,Adidas,1873.66,2630.3,Supplier_209,0.2877
PRD01922,Decathlon Fitness Equipment 8107,Sports,Fitness Equipment,Decathlon,34535.35,49553.66,Supplier_280,0.3031
PRD01923,Decathlon Cricket 7659,Sports,Cricket,Decathlon,47975.79,57129.45,Supplier_363,0.1602
PRD01924,Vector X Cricket 1434,Sports,Cricket,Vector X,27762.62,39635.36,Supplier_472,0.2995
PRD01925,Cosco Fitness Equipment 323,Sports,Fitness Equipment,Cosco,34977.82,43952.16,Supplier_083,0.2042
PRD01926,Nike Cycling 1962,Sports,Cycling,Nike,8351.54,10737.35,Supplier_020,0.2222
PRD01927,Cosco Cricket 8082,Sports,Cricket,Cosco,8577.57,12501.66,Supplier_072,0.3139
PRD01928,Cosco Cycling 7234,Sports,Cycling,Cosco,20000.31,24389.84,Supplier_151,0.18
PRD01929,Vector X Sportswear 9337,Sports,Sportswear,Vector X,16153.19,24198.87,Supplier_333,0.3325
PRD01930,Adidas Outdoor & Adventure 6182,Sports,Outdoor & Adventure,Adidas,14545.33,20391.99,Supplier_266,0.2867
PRD01931,Decathlon Cycling 5509,Sports,Cycling,Decathlon,23631.9,27861.78,Supplier_475,0.1518
PRD01932,Adidas Outdoor & Adventure 260,Sports,Outdoor & Adventure,Adidas,26242.7,38572.09,Supplier_163,0.3196
PRD01933,Adidas Cricket 191,Sports,Cricket,Adidas,7559.94,8402.97,Supplier_160,0.1003
PRD01934,Adidas Outdoor & Adventure 5523,Sports,Outdoor & Adventure,Adidas,34717.56,46269.27,Supplier_049,0.2497
PRD01935,Vector X Fitness Equipment 5841,Sports,Fitness Equipment,Vector X,23461.27,27063.35,Supplier_326,0.1331
PRD01936,Adidas Cycling 3256,Sports,Cycling,Adidas,17280.62,18777.83,Supplier_141,0.0797
PRD01937,Cosco Sportswear 6707,Sports,Sportswear,Cosco,29244.2,35786.21,Supplier_479,0.1828
PRD01938,Vector X Sportswear 1369,Sports,Sportswear,Vector X,27073.8,37629.95,Supplier_304,0.2805
PRD01939,Nike Outdoor & Adventure 4407,Sports,Outdoor & Adventure,Nike,36546.37,44279.33,Supplier_289,0.1746
PRD01940,Adidas Fitness Equipment 6374,Sports,Fitness Equipment,Adidas,39854.38,54044.09,Supplier_170,0.2626
PRD01941,Vector X Cycling 7856,Sports,Cycling,Vector X,30258.52,46426.55,Supplier_108,0.3482
PRD01942,Nike Outdoor & Adventure 1596,Sports,Outdoor & Adventure,Nike,39179.08,60526.62,Supplier_476,0.3527
PRD01943,Adidas Cycling 104,Sports,Cycling,Adidas,7209.5,9397.35,Supplier_166,0.2328
PRD01944,Nike Fitness Equipment 7069,Sports,Fitness Equipment,Nike,6891.9,10058.04,Supplier_341,0.3148
PRD01945,Decathlon Cricket 4044,Sports,Cricket,Decathlon,15162.79,21792.01,Supplier_287,0.3042
PRD01946,Cosco Cricket 5916,Sports,Cricket,Cosco,38707.29,54652.18,Supplier_160,0.2918
PRD01947,Decathlon Cycling 3604,Sports,Cycling,Decathlon,26557.74,39707.65,Supplier_490,0.3312
PRD01948,Decathlon Outdoor & Adventure 9283,Sports,Outdoor & Adventure,Decathlon,35581.82,52474.0,Supplier_227,0.3219
PRD01949,Decathlon Cricket 7233,Sports,Cricket,Decathlon,34284.11,46016.66,Supplier_334,0.255
PRD01950,Adidas Sportswear 7736,Sports,Sportswear,Adidas,1313.51,1644.35,Supplier_395,0.2012
PRD01951,Cosco Sportswear 3229,Sports,Sportswear,Cosco,10728.31,14409.23,Supplier_196,0.2555
PRD01952,Adidas Sportswear 3308,Sports,Sportswear,Adidas,46662.96,72227.55,Supplier_227,0.3539
PRD01953,Vector X Sportswear 5481,Sports,Sportswear,Vector X,9784.69,13263.23,Supplier_049,0.2623
PRD01954,Decathlon Sportswear 4573,Sports,Sportswear,Decathlon,25164.53,27331.38,Supplier_018,0.0793
PRD01955,Cosco Sportswear 4245,Sports,Sportswear,Cosco,19944.79,30874.47,Supplier_141,0.354
PRD01956,Vector X Fitness Equipment 7813,Sports,Fitness Equipment,Vector X,41175.12,61173.76,Supplier_312,0.3269
PRD01957,Cosco Cricket 9038,Sports,Cricket,Cosco,8729.86,12505.26,Supplier_414,0.3019
PRD01958,Nike Fitness Equipment 2609,Sports,Fitness Equipment,Nike,18508.22,25320.59,Supplier_362,0.269
PRD01959,Adidas Outdoor & Adventure 2056,Sports,Outdoor & Adventure,Adidas,4187.09,6163.44,Supplier_029,0.3207
PRD01960,Nike Cricket 4646,Sports,Cricket,Nike,15746.12,23354.78,Supplier_437,0.3258
PRD01961,Vector X Outdoor & Adventure 5285,Sports,Outdoor & Adventure,Vector X,36885.81,45603.87,Supplier_460,0.1912
PRD01962,Vector X Outdoor & Adventure 332,Sports,Outdoor & Adventure,Vector X,36120.67,45228.16,Supplier_482,0.2014
PRD01963,Cosco Cricket 1164,Sports,Cricket,Cosco,41893.95,58430.81,Supplier_099,0.283
PRD01964,Adidas Cycling 7364,Sports,Cycling,Adidas,36461.41,40817.28,Supplier_023,0.1067
PRD01965,Vector X Sportswear 2933,Sports,Sportswear,Vector X,9974.24,13141.75,Supplier_326,0.241
PRD01966,Decathlon Fitness Equipment 5694,Sports,Fitness Equipment,Decathlon,13724.47,17084.52,Supplier_239,0.1967
PRD01967,Nike Cycling 2004,Sports,Cycling,Nike,28331.15,36762.86,Supplier_471,0.2294
PRD01968,Adidas Fitness Equipment 9785,Sports,Fitness Equipment,Adidas,36491.04,42594.52,Supplier_321,0.1433
PRD01969,Adidas Fitness Equipment 6236,Sports,Fitness Equipment,Adidas,39447.4,46636.18,Supplier_236,0.1541
PRD01970,Adidas Fitness Equipment 3230,Sports,Fitness Equipment,Adidas,15423.73,21593.51,Supplier_383,0.2857
PRD01971,Decathlon Outdoor & Adventure 3016,Sports,Outdoor & Adventure,Decathlon,2714.1,3831.71,Supplier_143,0.2917
PRD01972,Vector X Outdoor & Adventure 3184,Sports,Outdoor & Adventure,Vector X,15811.27,18755.35,Supplier_140,0.157
PRD01973,Adidas Outdoor & Adventure 7302,Sports,Outdoor & Adventure,Adidas,48964.95,58850.8,Supplier_136,0.168
PRD01974,Cosco Fitness Equipment 8669,Sports,Fitness Equipment,Cosco,17789.9,22253.35,Supplier_231,0.2006
PRD01975,Nike Outdoor & Adventure 2651,Sports,Outdoor & Adventure,Nike,47485.77,64345.82,Supplier_276,0.262
PRD01976,Adidas Cycling 4829,Sports,Cycling,Adidas,49688.09,63795.09,Supplier_107,0.2211
PRD01977,Vector X Sportswear 4506,Sports,Sportswear,Vector X,27602.98,39452.16,Supplier_047,0.3003
PRD01978,Adidas Cycling 615,Sports,Cycling,Adidas,12947.78,16829.7,Supplier_473,0.2307
PRD01979,Vector X Fitness Equipment 2390,Sports,Fitness Equipment,Vector X,32933.69,38454.03,Supplier_240,0.1436
PRD01980,Decathlon Cycling 9740,Sports,Cycling,Decathlon,18645.52,23448.94,Supplier_462,0.2048
PRD01981,Decathlon Fitness Equipment 229,Sports,Fitness Equipment,Decathlon,35079.35,48263.99,Supplier_082,0.2732
PRD01982,Cosco Cricket 1741,Sports,Cricket,Cosco,16768.89,23216.6,Supplier_096,0.2777
PRD01983,Decathlon Sportswear 456,Sports,Sportswear,Decathlon,8179.14,10935.39,Supplier_225,0.252
PRD01984,Cosco Cycling 6642,Sports,Cycling,Cosco,29699.06,41769.18,Supplier_243,0.289
PRD01985,Decathlon Outdoor & Adventure 8006,Sports,Outdoor & Adventure,Decathlon,36182.45,49296.51,Supplier_348,0.266
PRD01986,Decathlon Cricket 3938,Sports,Cricket,Decathlon,2054.44,3115.82,Supplier_391,0.3406
PRD01987,Nike Cycling 9561,Sports,Cycling,Nike,21078.25,30433.07,Supplier_206,0.3074
PRD01988,Nike Cycling 5024,Sports,Cycling,Nike,8243.1,9547.17,Supplier_454,0.1366
PRD01989,Vector X Cycling 2386,Sports,Cycling,Vector X,9963.18,15313.82,Supplier_067,0.3494
PRD01990,Nike Sportswear 2417,Sports,Sportswear,Nike,48517.74,59451.63,Supplier_411,0.1839
PRD01991,Cosco Sportswear 2516,Sports,Sportswear,Cosco,19829.89,25708.98,Supplier_103,0.2287
PRD01992,Decathlon Outdoor & Adventure 3431,Sports,Outdoor & Adventure,Decathlon,15410.96,17980.88,Supplier_224,0.1429
PRD01993,Adidas Fitness Equipment 6231,Sports,Fitness Equipment,Adidas,7749.19,10391.77,Supplier_003,0.2543
PRD01994,Adidas Cricket 6556,Sports,Cricket,Adidas,17268.36,22470.91,Supplier_358,0.2315
PRD01995,Cosco Outdoor & Adventure 4077,Sports,Outdoor & Adventure,Cosco,33438.42,49178.99,Supplier_391,0.3201
PRD01996,Cosco Fitness Equipment 2287,Sports,Fitness Equipment,Cosco,6468.69,9306.06,Supplier_205,0.3049
PRD01997,Decathlon Sportswear 7056,Sports,Sportswear,Decathlon,40998.56,58352.22,Supplier_306,0.2974
PRD01998,Vector X Cricket 9708,Sports,Cricket,Vector X,3629.26,4752.54,Supplier_014,0.2364
PRD01999,Vector X Outdoor & Adventure 6035,Sports,Outdoor & Adventure,Vector X,8949.09,10654.11,Supplier_175,0.16
PRD02000,Nike Cycling 1365,Sports,Cycling,Nike,30547.8,43783.91,Supplier_331,0.3023
PRD02001,Adidas Outdoor & Adventure 5046,Sports,Outdoor & Adventure,Adidas,25022.49,27544.67,Supplier_223,0.0916
PRD02002,Decathlon Fitness Equipment 2569,Sports,Fitness Equipment,Decathlon,19234.12,22398.93,Supplier_146,0.1413
PRD02003,Cosco Sportswear 4376,Sports,Sportswear,Cosco,33779.88,44113.36,Supplier_491,0.2342
PRD02004,Adidas Cricket 1843,Sports,Cricket,Adidas,8218.97,11512.31,Supplier_239,0.2861
PRD02005,Decathlon Fitness Equipment 6726,Sports,Fitness Equipment,Decathlon,34318.98,38700.15,Supplier_412,0.1132
PRD02006,Adidas Fitness Equipment 6391,Sports,Fitness Equipment,Adidas,15985.34,21581.82,Supplier_352,0.2593
PRD02007,Nike Cricket 6681,Sports,Cricket,Nike,24332.66,37257.27,Supplier_217,0.3469
PRD02008,Decathlon Fitness Equipment 1999,Sports,Fitness Equipment,Decathlon,21277.81,30401.11,Supplier_310,0.3001
PRD02009,Vector X Cricket 5589,Sports,Cricket,Vector X,18672.62,24322.34,Supplier_433,0.2323
PRD02010,Decathlon Cycling 7047,Sports,Cycling,Decathlon,5628.02,6551.32,Supplier_273,0.1409
PRD02011,Nike Cricket 9769,Sports,Cricket,Nike,7561.84,9364.92,Supplier_133,0.1925
PRD02012,Vector X Outdoor & Adventure 7554,Sports,Outdoor & Adventure,Vector X,40651.11,57805.29,Supplier_223,0.2968
PRD02013,Cosco Fitness Equipment 8121,Sports,Fitness Equipment,Cosco,14121.61,16058.09,Supplier_236,0.1206
PRD02014,Nike Sportswear 4234,Sports,Sportswear,Nike,44463.84,62365.08,Supplier_218,0.287
PRD02015,Decathlon Sportswear 4478,Sports,Sportswear,Decathlon,38353.35,41845.78,Supplier_092,0.0835
PRD02016,Decathlon Sportswear 4977,Sports,Sportswear,Decathlon,20882.16,26937.61,Supplier_326,0.2248
PRD02017,Vector X Fitness Equipment 8804,Sports,Fitness Equipment,Vector X,5628.58,8015.07,Supplier_379,0.2978
PRD02018,Adidas Cricket 2165,Sports,Cricket,Adidas,8802.92,11720.59,Supplier_373,0.2489
PRD02019,Cosco Outdoor & Adventure 7604,Sports,Outdoor & Adventure,Cosco,21583.47,26096.73,Supplier_353,0.1729
PRD02020,Adidas Cycling 8677,Sports,Cycling,Adidas,45942.82,69129.37,Supplier_292,0.3354
PRD02021,Nike Cricket 2504,Sports,Cricket,Nike,3872.98,4861.42,Supplier_312,0.2033
PRD02022,Cosco Fitness Equipment 5634,Sports,Fitness Equipment,Cosco,25655.98,36455.55,Supplier_475,0.2962
PRD02023,Cosco Sportswear 4308,Sports,Sportswear,Cosco,20066.94,23407.03,Supplier_370,0.1427
PRD02024,Cosco Fitness Equipment 9453,Sports,Fitness Equipment,Cosco,48259.74,70122.03,Supplier_134,0.3118
PRD02025,Vector X Sportswear 4093,Sports,Sportswear,Vector X,25726.28,38113.34,Supplier_356,0.325
PRD02026,Decathlon Fitness Equipment 7258,Sports,Fitness Equipment,Decathlon,28688.13,33884.94,Supplier_141,0.1534
PRD02027,Decathlon Outdoor & Adventure 6631,Sports,Outdoor & Adventure,Decathlon,25103.08,27651.01,Supplier_466,0.0921
PRD02028,Decathlon Outdoor & Adventure 406,Sports,Outdoor & Adventure,Decathlon,13670.34,17380.14,Supplier_401,0.2135
PRD02029,Adidas Cricket 5312,Sports,Cricket,Adidas,13774.69,17870.56,Supplier_050,0.2292
PRD02030,Adidas Outdoor & Adventure 1144,Sports,Outdoor & Adventure,Adidas,952.74,1174.32,Supplier_314,0.1887
PRD02031,Vector X Sportswear 9852,Sports,Sportswear,Vector X,41357.4,56093.85,Supplier_169,0.2627
PRD02032,Cosco Cycling 5718,Sports,Cycling,Cosco,23806.36,31950.49,Supplier_175,0.2549
PRD02033,Decathlon Sportswear 8275,Sports,Sportswear,Decathlon,41140.3,47366.31,Supplier_108,0.1314
PRD02034,Adidas Cycling 628,Sports,Cycling,Adidas,33665.65,40404.69,Supplier_339,0.1668
PRD02035,Nike Cycling 5757,Sports,Cycling,Nike,31587.63,42448.19,Supplier_043,0.2559
PRD02036,Vector X Outdoor & Adventure 5266,Sports,Outdoor & Adventure,Vector X,18491.11,22506.58,Supplier_232,0.1784
PRD02037,Nike Cricket 5861,Sports,Cricket,Nike,7837.23,10618.82,Supplier_290,0.2619
PRD02038,Cosco Cricket 4751,Sports,Cricket,Cosco,49791.5,54322.62,Supplier_285,0.0834
PRD02039,Adidas Cricket 6300,Sports,Cricket,Adidas,18795.45,25048.11,Supplier_311,0.2496
PRD02040,Nike Fitness Equipment 1912,Sports,Fitness Equipment,Nike,19817.7,23371.28,Supplier_293,0.152
PRD02041,Adidas Sportswear 6671,Sports,Sportswear,Adidas,43251.42,62300.69,Supplier_282,0.3058
PRD02042,Decathlon Cricket 9918,Sports,Cricket,Decathlon,37576.48,47968.05,Supplier_143,0.2166
PRD02043,Decathlon Sportswear 5306,Sports,Sportswear,Decathlon,31532.27,43898.92,Supplier_258,0.2817
PRD02044,Vector X Cycling 8207,Sports,Cycling,Vector X,19639.06,29139.58,Supplier_388,0.326
PRD02045,Decathlon Cricket 3010,Sports,Cricket,Decathlon,41315.61,53348.55,Supplier_205,0.2256
PRD02046,Nike Sportswear 7702,Sports,Sportswear,Nike,26656.65,32974.43,Supplier_336,0.1916
PRD02047,Nike Outdoor & Adventure 6952,Sports,Outdoor & Adventure,Nike,19198.5,26627.53,Supplier_211,0.279
PRD02048,Nike Outdoor & Adventure 8347,Sports,Outdoor & Adventure,Nike,30962.85,35456.45,Supplier_042,0.1267
PRD02049,Vector X Cycling 5425,Sports,Cycling,Vector X,36620.79,55823.99,Supplier_313,0.344
PRD02050,Adidas Outdoor & Adventure 1590,Sports,Outdoor & Adventure,Adidas,28486.84,37084.15,Supplier_488,0.2318
PRD02051,Nike Sportswear 6478,Sports,Sportswear,Nike,37161.12,55565.2,Supplier_283,0.3312
PRD02052,Adidas Cycling 6146,Sports,Cycling,Adidas,42522.94,49150.07,Supplier_371,0.1348
PRD02053,Adidas Outdoor & Adventure 3373,Sports,Outdoor & Adventure,Adidas,23634.84,33443.59,Supplier_166,0.2933
PRD02054,Decathlon Outdoor & Adventure 9563,Sports,Outdoor & Adventure,Decathlon,3287.4,3598.12,Supplier_237,0.0864
PRD02055,Adidas Cricket 4063,Sports,Cricket,Adidas,34199.37,44066.47,Supplier_408,0.2239
PRD02056,Cosco Outdoor & Adventure 9996,Sports,Outdoor & Adventure,Cosco,25035.74,28346.56,Supplier_429,0.1168
PRD02057,Adidas Sportswear 1244,Sports,Sportswear,Adidas,12280.93,17431.08,Supplier_004,0.2955
PRD02058,Cosco Fitness Equipment 6413,Sports,Fitness Equipment,Cosco,43359.78,67116.66,Supplier_037,0.354
PRD02059,Decathlon Cricket 8851,Sports,Cricket,Decathlon,44173.68,58863.66,Supplier_366,0.2496
PRD02060,Cosco Fitness Equipment 4899,Sports,Fitness Equipment,Cosco,24066.34,34203.92,Supplier_416,0.2964
PRD02061,Nike Cricket 8481,Sports,Cricket,Nike,18200.49,25786.7,Supplier_323,0.2942
PRD02062,Cosco Cricket 4400,Sports,Cricket,Cosco,39381.81,44450.36,Supplier_389,0.114
PRD02063,Nike Cycling 5667,Sports,Cycling,Nike,36113.61,45222.85,Supplier_073,0.2014
PRD02064,Cosco Outdoor & Adventure 1313,Sports,Outdoor & Adventure,Cosco,10543.74,11868.55,Supplier_235,0.1116
PRD02065,Adidas Cricket 7385,Sports,Cricket,Adidas,37861.18,46983.76,Supplier_170,0.1942
PRD02066,Decathlon Cricket 2394,Sports,Cricket,Decathlon,28433.15,38651.49,Supplier_076,0.2644
PRD02067,Decathlon Cycling 9333,Sports,Cycling,Decathlon,1345.73,2010.09,Supplier_186,0.3305
PRD02068,Decathlon Sportswear 5092,Sports,Sportswear,Decathlon,47242.36,54536.68,Supplier_244,0.1338
PRD02069,Decathlon Cricket 2206,Sports,Cricket,Decathlon,7764.34,11323.85,Supplier_076,0.3143
PRD02070,Decathlon Cycling 3834,Sports,Cycling,Decathlon,42964.42,51597.42,Supplier_015,0.1673
PRD02071,Vector X Outdoor & Adventure 4350,Sports,Outdoor & Adventure,Vector X,15182.68,20566.31,Supplier_187,0.2618
PRD02072,Vector X Cycling 2891,Sports,Cycling,Vector X,20321.94,27854.8,Supplier_498,0.2704
PRD02073,Adidas Sportswear 8674,Sports,Sportswear,Adidas,29377.41,38646.42,Supplier_192,0.2398
PRD02074,Cosco Cricket 7997,Sports,Cricket,Cosco,32436.41,48306.5,Supplier_090,0.3285
PRD02075,Cosco Cricket 5709,Sports,Cricket,Cosco,760.92,1160.45,Supplier_116,0.3443
PRD02076,Adidas Sportswear 2059,Sports,Sportswear,Adidas,11254.28,13626.78,Supplier_333,0.1741
PRD02077,Decathlon Outdoor & Adventure 299,Sports,Outdoor & Adventure,Decathlon,24964.57,33642.8,Supplier_431,0.258
PRD02078,Adidas Cycling 638,Sports,Cycling,Adidas,37081.82,46384.66,Supplier_205,0.2006
PRD02079,Decathlon Fitness Equipment 8861,Sports,Fitness Equipment,Decathlon,25395.45,30667.36,Supplier_434,0.1719
PRD02080,Nike Cycling 9384,Sports,Cycling,Nike,48523.34,53681.77,Supplier_268,0.0961
PRD02081,Adidas Outdoor & Adventure 4115,Sports,Outdoor & Adventure,Adidas,12840.8,18330.69,Supplier_117,0.2995
PRD02082,Adidas Cricket 9143,Sports,Cricket,Adidas,2059.63,2814.06,Supplier_143,0.2681
PRD02083,Adidas Fitness Equipment 2271,Sports,Fitness Equipment,Adidas,36680.2,55431.46,Supplier_268,0.3383
PRD02084,Nike Sportswear 9623,Sports,Sportswear,Nike,10426.22,12455.71,Supplier_245,0.1629
PRD02085,Nike Cricket 5324,Sports,Cricket,Nike,26869.84,38887.75,Supplier_405,0.309
PRD02086,Adidas Fitness Equipment 7899,Sports,Fitness Equipment,Adidas,23941.04,30828.69,Supplier_102,0.2234
PRD02087,Vector X Fitness Equipment 5014,Sports,Fitness Equipment,Vector X,29489.32,40140.81,Supplier_292,0.2654
PRD02088,Vector X Fitness Equipment 7352,Sports,Fitness Equipment,Vector X,21516.29,32389.43,Supplier_399,0.3357
PRD02089,Vector X Outdoor & Adventure 7575,Sports,Outdoor & Adventure,Vector X,40298.0,55158.86,Supplier_001,0.2694
PRD02090,Cosco Sportswear 2992,Sports,Sportswear,Cosco,30087.64,39460.67,Supplier_169,0.2375
PRD02091,Cosco Cycling 5009,Sports,Cycling,Cosco,25734.3,39300.77,Supplier_136,0.3452
PRD02092,Adidas Cycling 8342,Sports,Cycling,Adidas,17090.06,23901.92,Supplier_159,0.285
PRD02093,Nike Cricket 8088,Sports,Cricket,Nike,48862.59,74489.92,Supplier_004,0.344
PRD02094,Vector X Sportswear 1174,Sports,Sportswear,Vector X,23551.79,27241.68,Supplier_390,0.1355
PRD02095,Decathlon Cricket 5710,Sports,Cricket,Decathlon,4773.67,7089.64,Supplier_327,0.3267
PRD02096,Adidas Cycling 3897,Sports,Cycling,Adidas,9720.1,10994.35,Supplier_110,0.1159
PRD02097,Vector X Sportswear 7831,Sports,Sportswear,Vector X,15303.92,22040.98,Supplier_053,0.3057
PRD02098,Vector X Sportswear 5404,Sports,Sportswear,Vector X,10554.08,14731.25,Supplier_081,0.2836
PRD02099,Cosco Outdoor & Adventure 2674,Sports,Outdoor & Adventure,Cosco,39301.27,58189.77,Supplier_167,0.3246
PRD02100,Cosco Cycling 4513,Sports,Cycling,Cosco,32691.86,47426.47,Supplier_118,0.3107
PRD02101,Cosco Sportswear 6175,Sports,Sportswear,Cosco,46719.78,68780.22,Supplier_075,0.3207
PRD02102,Decathlon Sportswear 5266,Sports,Sportswear,Decathlon,36349.15,53423.75,Supplier_231,0.3196
PRD02103,Cosco Sportswear 192,Sports,Sportswear,Cosco,28186.16,40544.85,Supplier_391,0.3048
PRD02104,Nike Cricket 2392,Sports,Cricket,Nike,48435.56,60360.28,Supplier_500,0.1976
PRD02105,Decathlon Cricket 3517,Sports,Cricket,Decathlon,1023.01,1443.51,Supplier_339,0.2913
PRD02106,Decathlon Sportswear 7104,Sports,Sportswear,Decathlon,41635.96,45430.21,Supplier_405,0.0835
PRD02107,Decathlon Cricket 3622,Sports,Cricket,Decathlon,27925.5,39859.13,Supplier_317,0.2994
PRD02108,Cosco Cycling 4083,Sports,Cycling,Cosco,42827.35,48404.0,Supplier_083,0.1152
PRD02109,Cosco Sportswear 853,Sports,Sportswear,Cosco,47077.63,63963.52,Supplier_400,0.264
PRD02110,Cosco Cricket 9702,Sports,Cricket,Cosco,12529.81,19344.23,Supplier_193,0.3523
PRD02111,Nike Fitness Equipment 8912,Sports,Fitness Equipment,Nike,2852.92,3540.66,Supplier_190,0.1942
PRD02112,Decathlon Cricket 1312,Sports,Cricket,Decathlon,5595.99,6396.85,Supplier_167,0.1252
PRD02113,Adidas Cricket 9505,Sports,Cricket,Adidas,43703.83,59315.27,Supplier_103,0.2632
PRD02114,Nike Cycling 9055,Sports,Cycling,Nike,21941.15,27077.26,Supplier_391,0.1897
PRD02115,Vector X Sportswear 458,Sports,Sportswear,Vector X,26574.82,32340.68,Supplier_072,0.1783
PRD02116,Decathlon Fitness Equipment 7404,Sports,Fitness Equipment,Decathlon,47862.15,59817.06,Supplier_383,0.1999
PRD02117,Adidas Outdoor & Adventure 6034,Sports,Outdoor & Adventure,Adidas,16097.29,19107.66,Supplier_171,0.1575
PRD02118,Decathlon Outdoor & Adventure 479,Sports,Outdoor & Adventure,Decathlon,12805.12,18329.19,Supplier_072,0.3014
PRD02119,Cosco Fitness Equipment 886,Sports,Fitness Equipment,Cosco,21395.18,31212.37,Supplier_426,0.3145
PRD02120,Nike Cycling 365,Sports,Cycling,Nike,45653.46,60297.4,Supplier_290,0.2429
PRD02121,Nike Cricket 5458,Sports,Cricket,Nike,47991.42,71523.92,Supplier_405,0.329
PRD02122,Cosco Cycling 1199,Sports,Cycling,Cosco,14168.19,17524.12,Supplier_377,0.1915
PRD02123,Vector X Fitness Equipment 1940,Sports,Fitness Equipment,Vector X,4652.57,6245.59,Supplier_273,0.2551
PRD02124,Vector X Outdoor & Adventure 7775,Sports,Outdoor & Adventure,Vector X,42322.65,47453.56,Supplier_313,0.1081
PRD02125,Nike Outdoor & Adventure 4636,Sports,Outdoor & Adventure,Nike,38367.41,49207.93,Supplier_239,0.2203
PRD02126,Adidas Cricket 9524,Sports,Cricket,Adidas,32539.66,36259.66,Supplier_174,0.1026
PRD02127,Vector X Cricket 7184,Sports,Cricket,Vector X,39066.59,55769.34,Supplier_456,0.2995
PRD02128,Cosco Fitness Equipment 6488,Sports,Fitness Equipment,Cosco,28758.16,31144.7,Supplier_010,0.0766
PRD02129,Adidas Fitness Equipment 3751,Sports,Fitness Equipment,Adidas,16153.1,18587.9,Supplier_300,0.131
PRD02130,Vector X Sportswear 9511,Sports,Sportswear,Vector X,22914.78,31914.31,Supplier_474,0.282
PRD02131,Vector X Sportswear 3477,Sports,Sportswear,Vector X,7672.61,11073.93,Supplier_158,0.3071
PRD02132,Nike Outdoor & Adventure 746,Sports,Outdoor & Adventure,Nike,1359.91,1853.43,Supplier_400,0.2663
PRD02133,Vector X Outdoor & Adventure 5266,Sports,Outdoor & Adventure,Vector X,17458.55,19423.6,Supplier_476,0.1012
PRD02134,Adidas Outdoor & Adventure 4541,Sports,Outdoor & Adventure,Adidas,10124.99,11712.04,Supplier_120,0.1355
PRD02135,Decathlon Outdoor & Adventure 7303,Sports,Outdoor & Adventure,Decathlon,1413.46,2109.57,Supplier_064,0.33
PRD02136,Nike Cricket 3517,Sports,Cricket,Nike,22225.43,31774.65,Supplier_195,0.3005
PRD02137,Cosco Fitness Equipment 6334,Sports,Fitness Equipment,Cosco,21955.42,25761.61,Supplier_303,0.1477
PRD02138,Nike Fitness Equipment 9574,Sports,Fitness Equipment,Nike,48463.73,63882.49,Supplier_371,0.2414
PRD02139,Nike Cycling 8113,Sports,Cycling,Nike,8186.01,9647.46,Supplier_380,0.1515
PRD02140,Decathlon Cycling 3229,Sports,Cycling,Decathlon,37496.65,46080.89,Supplier_108,0.1863
PRD02141,Vector X Fitness Equipment 1934,Sports,Fitness Equipment,Vector X,18024.93,21629.62,Supplier_484,0.1667
PRD02142,Nike Cricket 6658,Sports,Cricket,Nike,412.42,601.14,Supplier_493,0.3139
PRD02143,Decathlon Fitness Equipment 1169,Sports,Fitness Equipment,Decathlon,18051.6,22125.69,Supplier_223,0.1841
PRD02144,Adidas Sportswear 6484,Sports,Sportswear,Adidas,49985.34,55968.19,Supplier_449,0.1069
PRD02145,Nike Cricket 5396,Sports,Cricket,Nike,47567.89,57515.12,Supplier_024,0.1729
PRD02146,Adidas Outdoor & Adventure 8597,Sports,Outdoor & Adventure,Adidas,8909.05,9660.61,Supplier_080,0.0778
PRD02147,Cosco Outdoor & Adventure 3537,Sports,Outdoor & Adventure,Cosco,38126.28,42272.71,Supplier_444,0.0981
PRD02148,Decathlon Sportswear 6968,Sports,Sportswear,Decathlon,30896.87,45323.48,Supplier_089,0.3183
PRD02149,Vector X Outdoor & Adventure 3075,Sports,Outdoor & Adventure,Vector X,48266.74,68959.87,Supplier_187,0.3001
PRD02150,Adidas Fitness Equipment 6713,Sports,Fitness Equipment,Adidas,1547.51,1819.74,Supplier_321,0.1496
PRD02151,Decathlon Sportswear 523,Sports,Sportswear,Decathlon,31114.58,34020.21,Supplier_170,0.0854
PRD02152,Cosco Fitness Equipment 6779,Sports,Fitness Equipment,Cosco,1759.43,2621.29,Supplier_024,0.3288
PRD02153,Cosco Cycling 2881,Sports,Cycling,Cosco,38136.99,54138.72,Supplier_081,0.2956
PRD02154,Nike Fitness Equipment 6979,Sports,Fitness Equipment,Nike,17465.89,20691.3,Supplier_034,0.1559
PRD02155,Cosco Fitness Equipment 8893,Sports,Fitness Equipment,Cosco,23248.44,29643.76,Supplier_226,0.2157
PRD02156,Vector X Outdoor & Adventure 7902,Sports,Outdoor & Adventure,Vector X,40480.78,43732.97,Supplier_241,0.0744
PRD02157,Adidas Sportswear 1679,Sports,Sportswear,Adidas,16177.68,21577.68,Supplier_245,0.2503
PRD02158,Vector X Cricket 2226,Sports,Cricket,Vector X,9854.54,11658.67,Supplier_413,0.1547
PRD02159,Adidas Outdoor & Adventure 6716,Sports,Outdoor & Adventure,Adidas,32977.54,47134.7,Supplier_145,0.3004
PRD02160,Nike Cycling 5033,Sports,Cycling,Nike,12526.45,15004.37,Supplier_169,0.1651
PRD02161,Vector X Cricket 4470,Sports,Cricket,Vector X,26019.85,35159.8,Supplier_390,0.26
PRD02162,Decathlon Outdoor & Adventure 9592,Sports,Outdoor & Adventure,Decathlon,21129.95,29386.79,Supplier_378,0.281
PRD02163,Cosco Fitness Equipment 3084,Sports,Fitness Equipment,Cosco,31612.42,45941.43,Supplier_008,0.3119
PRD02164,Nike Outdoor & Adventure 6600,Sports,Outdoor & Adventure,Nike,41777.19,49789.21,Supplier_166,0.1609
PRD02165,Vector X Fitness Equipment 3176,Sports,Fitness Equipment,Vector X,24064.78,35690.71,Supplier_322,0.3257
PRD02166,Cosco Cycling 4405,Sports,Cycling,Cosco,22632.6,26728.49,Supplier_280,0.1532
PRD02167,Nike Cricket 8529,Sports,Cricket,Nike,37260.77,51720.42,Supplier_474,0.2796
PRD02168,Decathlon Sportswear 5686,Sports,Sportswear,Decathlon,49834.45,58185.21,Supplier_414,0.1435
PRD02169,Vector X Cricket 5709,Sports,Cricket,Vector X,22842.98,25706.5,Supplier_391,0.1114
PRD02170,Decathlon Cycling 516,Sports,Cycling,Decathlon,3202.73,4009.01,Supplier_494,0.2011
PRD02171,Adidas Cycling 1920,Sports,Cycling,Adidas,4774.45,7344.49,Supplier_062,0.3499
PRD02172,Decathlon Cycling 7514,Sports,Cycling,Decathlon,6358.65,7906.24,Supplier_224,0.1957
PRD02173,Nike Cycling 3091,Sports,Cycling,Nike,48316.31,74247.17,Supplier_204,0.3493
PRD02174,Adidas Cycling 373,Sports,Cycling,Adidas,7128.34,9978.75,Supplier_102,0.2856
PRD02175,Vector X Sportswear 8792,Sports,Sportswear,Vector X,30066.77,34616.85,Supplier_269,0.1314
PRD02176,Vector X Fitness Equipment 8797,Sports,Fitness Equipment,Vector X,18164.67,21585.06,Supplier_086,0.1585
PRD02177,Adidas Sportswear 3807,Sports,Sportswear,Adidas,5051.9,5849.34,Supplier_432,0.1363
PRD02178,Vector X Outdoor & Adventure 3412,Sports,Outdoor & Adventure,Vector X,47112.49,64381.23,Supplier_143,0.2682
PRD02179,Cosco Fitness Equipment 7001,Sports,Fitness Equipment,Cosco,14860.0,22341.26,Supplier_458,0.3349
PRD02180,Cosco Cricket 5015,Sports,Cricket,Cosco,16129.97,22890.48,Supplier_001,0.2953
PRD02181,Decathlon Fitness Equipment 3520,Sports,Fitness Equipment,Decathlon,35431.64,49392.29,Supplier_473,0.2826
PRD02182,Vector X Cycling 6823,Sports,Cycling,Vector X,47965.82,53138.19,Supplier_072,0.0973
PRD02183,Cosco Outdoor & Adventure 4072,Sports,Outdoor & Adventure,Cosco,41130.94,59202.18,Supplier_201,0.3052
PRD02184,Cosco Outdoor & Adventure 5841,Sports,Outdoor & Adventure,Cosco,19580.43,22926.42,Supplier_037,0.1459
PRD02185,Decathlon Outdoor & Adventure 9699,Sports,Outdoor & Adventure,Decathlon,7064.99,8963.19,Supplier_484,0.2118
PRD02186,Adidas Outdoor & Adventure 5465,Sports,Outdoor & Adventure,Adidas,22196.9,30985.8,Supplier_006,0.2836
PRD02187,Vector X Fitness Equipment 9904,Sports,Fitness Equipment,Vector X,15592.47,17591.86,Supplier_242,0.1137
PRD02188,Cosco Outdoor & Adventure 7544,Sports,Outdoor & Adventure,Cosco,14976.17,17053.16,Supplier_079,0.1218
PRD02189,Decathlon Fitness Equipment 771,Sports,Fitness Equipment,Decathlon,43768.01,66801.33,Supplier_196,0.3448
PRD02190,Nike Sportswear 2859,Sports,Sportswear,Nike,31363.57,40150.95,Supplier_449,0.2189
PRD02191,Decathlon Cricket 9984,Sports,Cricket,Decathlon,11270.44,12717.94,Supplier_492,0.1138
PRD02192,Decathlon Cycling 8202,Sports,Cycling,Decathlon,12102.57,17905.56,Supplier_429,0.3241
PRD02193,Cosco Cricket 4690,Sports,Cricket,Cosco,2879.79,3252.55,Supplier_432,0.1146
PRD02194,Decathlon Sportswear 4216,Sports,Sportswear,Decathlon,32031.26,39544.19,Supplier_183,0.19
PRD02195,Nike Fitness Equipment 4077,Sports,Fitness Equipment,Nike,5101.49,7442.14,Supplier_300,0.3145
PRD02196,Adidas Cricket 1803,Sports,Cricket,Adidas,29574.67,41192.94,Supplier_400,0.282
PRD02197,Vector X Cricket 8602,Sports,Cricket,Vector X,30351.7,40848.58,Supplier_446,0.257
PRD02198,Nike Cricket 1715,Sports,Cricket,Nike,30103.03,40863.7,Supplier_295,0.2633
PRD02199,Nike Fitness Equipment 9604,Sports,Fitness Equipment,Nike,48338.14,57626.25,Supplier_345,0.1612
PRD02200,Cosco Cycling 753,Sports,Cycling,Cosco,40773.41,57800.22,Supplier_178,0.2946
PRD02201,Cosco Cricket 6632,Sports,Cricket,Cosco,28688.58,38032.44,Supplier_417,0.2457
PRD02202,Nike Cricket 5489,Sports,Cricket,Nike,10841.17,12629.39,Supplier_051,0.1416
PRD02203,Cosco Sportswear 4253,Sports,Sportswear,Cosco,40104.67,57055.19,Supplier_184,0.2971
PRD02204,Decathlon Sportswear 7407,Sports,Sportswear,Decathlon,48680.3,58264.94,Supplier_402,0.1645
PRD02205,Decathlon Fitness Equipment 4411,Sports,Fitness Equipment,Decathlon,22937.32,35455.56,Supplier_394,0.3531
PRD02206,Adidas Outdoor & Adventure 5373,Sports,Outdoor & Adventure,Adidas,27945.96,41523.14,Supplier_380,0.327
PRD02207,Decathlon Cricket 8289,Sports,Cricket,Decathlon,39059.36,45342.73,Supplier_439,0.1386
PRD02208,Decathlon Fitness Equipment 3828,Sports,Fitness Equipment,Decathlon,17622.64,23490.46,Supplier_163,0.2498
PRD02209,Nike Sportswear 6752,Sports,Sportswear,Nike,45712.86,51312.83,Supplier_161,0.1091
PRD02210,Cosco Cycling 3412,Sports,Cycling,Cosco,31991.78,45926.93,Supplier_136,0.3034
PRD02211,Decathlon Cricket 6022,Sports,Cricket,Decathlon,16883.21,21707.61,Supplier_387,0.2222
PRD02212,Adidas Outdoor & Adventure 9632,Sports,Outdoor & Adventure,Adidas,16171.85,18312.94,Supplier_159,0.1169
PRD02213,Vector X Cycling 3014,Sports,Cycling,Vector X,14845.37,19939.75,Supplier_204,0.2555
PRD02214,Nike Cycling 9897,Sports,Cycling,Nike,9971.05,11193.05,Supplier_469,0.1092
PRD02215,Decathlon Cricket 5896,Sports,Cricket,Decathlon,7330.98,9089.51,Supplier_204,0.1935
PRD02216,Cosco Outdoor & Adventure 4915,Sports,Outdoor & Adventure,Cosco,5226.12,7992.59,Supplier_315,0.3461
PRD02217,Nike Cycling 768,Sports,Cycling,Nike,16225.62,19238.19,Supplier_126,0.1566
PRD02218,Adidas Cycling 8201,Sports,Cycling,Adidas,33392.69,40361.09,Supplier_115,0.1727
PRD02219,Adidas Outdoor & Adventure 3638,Sports,Outdoor & Adventure,Adidas,43763.04,56321.6,Supplier_075,0.223
PRD02220,Decathlon Fitness Equipment 8017,Sports,Fitness Equipment,Decathlon,12221.83,13318.91,Supplier_430,0.0824
PRD02221,Cosco Cricket 3249,Sports,Cricket,Cosco,27838.3,43128.07,Supplier_212,0.3545
PRD02222,Vector X Outdoor & Adventure 6442,Sports,Outdoor & Adventure,Vector X,29065.74,39959.87,Supplier_383,0.2726
PRD02223,Decathlon Sportswear 6165,Sports,Sportswear,Decathlon,40181.13,48372.94,Supplier_187,0.1693
PRD02224,Decathlon Outdoor & Adventure 2303,Sports,Outdoor & Adventure,Decathlon,27041.44,30183.9,Supplier_165,0.1041
PRD02225,Vector X Outdoor & Adventure 8414,Sports,Outdoor & Adventure,Vector X,28968.98,32602.04,Supplier_363,0.1114
PRD02226,Vector X Cricket 9997,Sports,Cricket,Vector X,15708.56,22925.22,Supplier_117,0.3148
PRD02227,Vector X Sportswear 4509,Sports,Sportswear,Vector X,41062.82,48670.24,Supplier_295,0.1563
PRD02228,Cosco Fitness Equipment 7246,Sports,Fitness Equipment,Cosco,30959.36,40669.84,Supplier_034,0.2388
PRD02229,Nike Outdoor & Adventure 1042,Sports,Outdoor & Adventure,Nike,28019.94,37623.16,Supplier_459,0.2552
PRD02230,Cosco Sportswear 5906,Sports,Sportswear,Cosco,43385.48,49871.77,Supplier_034,0.1301
PRD02231,Vector X Sportswear 551,Sports,Sportswear,Vector X,12638.0,18974.3,Supplier_366,0.3339
PRD02232,Cosco Cycling 2284,Sports,Cycling,Cosco,21569.96,31044.6,Supplier_203,0.3052
PRD02233,Cosco Outdoor & Adventure 5091,Sports,Outdoor & Adventure,Cosco,15525.77,21855.42,Supplier_170,0.2896
PRD02234,Vector X Outdoor & Adventure 6770,Sports,Outdoor & Adventure,Vector X,39930.9,52658.43,Supplier_074,0.2417
PRD02235,Vector X Cycling 967,Sports,Cycling,Vector X,15757.21,17067.96,Supplier_365,0.0768
PRD02236,Vector X Sportswear 1142,Sports,Sportswear,Vector X,6028.18,9279.52,Supplier_272,0.3504
PRD02237,Adidas Cricket 9955,Sports,Cricket,Adidas,36641.19,43857.15,Supplier_397,0.1645
PRD02238,Adidas Outdoor & Adventure 2057,Sports,Outdoor & Adventure,Adidas,1522.9,2309.55,Supplier_170,0.3406
PRD02239,Nike Fitness Equipment 6447,Sports,Fitness Equipment,Nike,47310.05,63858.22,Supplier_413,0.2591
PRD02240,Cosco Cricket 5724,Sports,Cricket,Cosco,34835.93,39890.6,Supplier_094,0.1267
PRD02241,Decathlon Fitness Equipment 4228,Sports,Fitness Equipment,Decathlon,17790.09,25126.96,Supplier_256,0.292
PRD02242,Adidas Fitness Equipment 5854,Sports,Fitness Equipment,Adidas,13062.25,15338.81,Supplier_332,0.1484
PRD02243,Decathlon Fitness Equipment 4323,Sports,Fitness Equipment,Decathlon,22613.79,25422.27,Supplier_011,0.1105
PRD02244,Nike Cycling 6213,Sports,Cycling,Nike,49101.41,54394.48,Supplier_049,0.0973
PRD02245,Nike Outdoor & Adventure 176,Sports,Outdoor & Adventure,Nike,48181.81,64018.54,Supplier_168,0.2474
PRD02246,Decathlon Cricket 9330,Sports,Cricket,Decathlon,1431.3,2154.71,Supplier_192,0.3357
PRD02247,Adidas Fitness Equipment 3078,Sports,Fitness Equipment,Adidas,9464.68,12983.74,Supplier_275,0.271
PRD02248,Decathlon Outdoor & Adventure 2634,Sports,Outdoor & Adventure,Decathlon,4893.44,6856.17,Supplier_308,0.2863
PRD02249,Vector X Sportswear 3008,Sports,Sportswear,Vector X,8887.57,11439.44,Supplier_260,0.2231
PRD02250,Cosco Outdoor & Adventure 8907,Sports,Outdoor & Adventure,Cosco,1565.57,1719.35,Supplier_455,0.0894
PRD02251,Decathlon Fitness Equipment 3055,Sports,Fitness Equipment,Decathlon,46754.87,52863.59,Supplier_303,0.1156
PRD02252,Adidas Cycling 9987,Sports,Cycling,Adidas,45016.52,59147.03,Supplier_080,0.2389
PRD02253,Decathlon Cycling 9078,Sports,Cycling,Decathlon,46894.02,71112.2,Supplier_426,0.3406
PRD02254,Cosco Cricket 1172,Sports,Cricket,Cosco,47203.35,65815.22,Supplier_174,0.2828
PRD02255,Decathlon Outdoor & Adventure 8140,Sports,Outdoor & Adventure,Decathlon,7112.0,10891.19,Supplier_097,0.347
PRD02256,Nike Cricket 7971,Sports,Cricket,Nike,17948.15,27116.19,Supplier_416,0.3381
PRD02257,Nike Cycling 5351,Sports,Cycling,Nike,42396.32,47600.39,Supplier_467,0.1093
PRD02258,Vector X Cycling 6558,Sports,Cycling,Vector X,28775.59,38271.68,Supplier_388,0.2481
PRD02259,Adidas Cycling 3344,Sports,Cycling,Adidas,14163.95,16198.94,Supplier_150,0.1256
PRD02260,Cosco Cricket 490,Sports,Cricket,Cosco,21785.18,24371.58,Supplier_252,0.1061
PRD02261,Decathlon Fitness Equipment 5111,Sports,Fitness Equipment,Decathlon,28084.59,38378.76,Supplier_255,0.2682
PRD02262,Nike Sportswear 1561,Sports,Sportswear,Nike,26401.13,29029.82,Supplier_158,0.0906
PRD02263,Vector X Cycling 885,Sports,Cycling,Vector X,27162.21,37517.48,Supplier_274,0.276
PRD02264,Nike Fitness Equipment 5863,Sports,Fitness Equipment,Nike,48340.07,60952.17,Supplier_494,0.2069
PRD02265,Nike Cycling 7207,Sports,Cycling,Nike,41196.12,57738.74,Supplier_379,0.2865
PRD02266,Vector X Cycling 832,Sports,Cycling,Vector X,42468.58,56020.75,Supplier_467,0.2419
PRD02267,Nike Outdoor & Adventure 3730,Sports,Outdoor & Adventure,Nike,22888.83,26717.71,Supplier_365,0.1433
PRD02268,Nike Sportswear 9457,Sports,Sportswear,Nike,35716.03,46887.27,Supplier_328,0.2383
PRD02269,Nike Cycling 2005,Sports,Cycling,Nike,2309.43,2908.26,Supplier_474,0.2059
PRD02270,Nike Sportswear 5519,Sports,Sportswear,Nike,45224.57,62862.57,Supplier_091,0.2806
PRD02271,Adidas Cricket 833,Sports,Cricket,Adidas,18620.6,27442.3,Supplier_080,0.3215
PRD02272,Vector X Outdoor & Adventure 7027,Sports,Outdoor & Adventure,Vector X,12346.35,17213.41,Supplier_349,0.2827
PRD02273,Decathlon Cycling 4566,Sports,Cycling,Decathlon,10283.57,15353.17,Supplier_210,0.3302
PRD02274,Cosco Fitness Equipment 3204,Sports,Fitness Equipment,Cosco,41186.57,51781.89,Supplier_419,0.2046
PRD02275,Decathlon Cricket 6579,Sports,Cricket,Decathlon,30026.47,41270.56,Supplier_022,0.2724
PRD02276,Adidas Cricket 1974,Sports,Cricket,Adidas,33165.0,39293.83,Supplier_060,0.156
PRD02277,Cosco Outdoor & Adventure 2842,Sports,Outdoor & Adventure,Cosco,3371.69,4492.31,Supplier_484,0.2495
PRD02278,Cosco Sportswear 9440,Sports,Sportswear,Cosco,14276.1,17340.13,Supplier_134,0.1767
PRD02279,Nike Fitness Equipment 3411,Sports,Fitness Equipment,Nike,19775.57,29588.84,Supplier_487,0.3317
PRD02280,Vector X Fitness Equipment 8590,Sports,Fitness Equipment,Vector X,42330.39,49711.56,Supplier_019,0.1485
PRD02281,Cosco Cricket 6458,Sports,Cricket,Cosco,5511.73,6544.98,Supplier_095,0.1579
PRD02282,Nike Fitness Equipment 7277,Sports,Fitness Equipment,Nike,12125.5,16602.24,Supplier_379,0.2696
PRD02283,Cosco Outdoor & Adventure 8351,Sports,Outdoor & Adventure,Cosco,29870.22,32836.17,Supplier_393,0.0903
PRD02284,Adidas Outdoor & Adventure 332,Sports,Outdoor & Adventure,Adidas,36259.26,39905.72,Supplier_486,0.0914
PRD02285,Decathlon Outdoor & Adventure 2975,Sports,Outdoor & Adventure,Decathlon,42981.4,51486.43,Supplier_180,0.1652
PRD02286,Adidas Cricket 6326,Sports,Cricket,Adidas,45083.06,49885.36,Supplier_079,0.0963
PRD02287,Vector X Sportswear 3284,Sports,Sportswear,Vector X,3229.29,3766.85,Supplier_172,0.1427
PRD02288,Nike Cricket 4126,Sports,Cricket,Nike,43573.3,48480.09,Supplier_309,0.1012
PRD02289,Decathlon Cycling 5302,Sports,Cycling,Decathlon,27864.81,31971.55,Supplier_030,0.1284
PRD02290,Nike Fitness Equipment 2883,Sports,Fitness Equipment,Nike,20525.71,27321.95,Supplier_371,0.2487
PRD02291,Decathlon Sportswear 3928,Sports,Sportswear,Decathlon,1969.58,2961.69,Supplier_004,0.335
PRD02292,Nike Cricket 9388,Sports,Cricket,Nike,28157.45,41178.63,Supplier_062,0.3162
PRD02293,Nike Outdoor & Adventure 7905,Sports,Outdoor & Adventure,Nike,28203.76,31439.98,Supplier_480,0.1029
PRD02294,Cosco Cycling 7467,Sports,Cycling,Cosco,14159.3,19391.77,Supplier_467,0.2698
PRD02295,Cosco Outdoor & Adventure 7554,Sports,Outdoor & Adventure,Cosco,30649.79,38073.74,Supplier_246,0.195
PRD02296,Cosco Outdoor & Adventure 2465,Sports,Outdoor & Adventure,Cosco,26845.91,33537.62,Supplier_147,0.1995
PRD02297,Cosco Outdoor & Adventure 6130,Sports,Outdoor & Adventure,Cosco,49957.07,74661.37,Supplier_379,0.3309
PRD02298,Cosco Fitness Equipment 7635,Sports,Fitness Equipment,Cosco,40282.25,46230.83,Supplier_211,0.1287
PRD02299,Adidas Cycling 5882,Sports,Cycling,Adidas,49375.09,56226.45,Supplier_107,0.1219
PRD02300,Cosco Cricket 7510,Sports,Cricket,Cosco,44186.91,57287.15,Supplier_228,0.2287
PRD02301,Cosco Cricket 6635,Sports,Cricket,Cosco,18209.84,22456.83,Supplier_069,0.1891
PRD02302,Adidas Cycling 9412,Sports,Cycling,Adidas,12338.06,17457.33,Supplier_100,0.2932
PRD02303,Decathlon Cycling 6788,Sports,Cycling,Decathlon,45022.7,60224.91,Supplier_192,0.2524
PRD02304,Adidas Sportswear 8993,Sports,Sportswear,Adidas,19671.84,25593.25,Supplier_334,0.2314
PRD02305,Decathlon Cricket 6852,Sports,Cricket,Decathlon,45238.57,69178.57,Supplier_027,0.3461
PRD02306,Adidas Outdoor & Adventure 6396,Sports,Outdoor & Adventure,Adidas,16917.27,25346.55,Supplier_480,0.3326
PRD02307,Cosco Cycling 3482,Sports,Cycling,Cosco,9056.75,11666.91,Supplier_198,0.2237
PRD02308,Adidas Cycling 9330,Sports,Cycling,Adidas,13702.33,19602.65,Supplier_394,0.301
PRD02309,Cosco Outdoor & Adventure 2568,Sports,Outdoor & Adventure,Cosco,28774.7,41907.28,Supplier_211,0.3134
PRD02310,Cosco Sportswear 8073,Sports,Sportswear,Cosco,12322.64,17585.38,Supplier_162,0.2993
PRD02311,Vector X Cycling 678,Sports,Cycling,Vector X,26552.88,36515.53,Supplier_347,0.2728
PRD02312,Nike Fitness Equipment 964,Sports,Fitness Equipment,Nike,4333.22,4697.53,Supplier_170,0.0776
PRD02313,Decathlon Fitness Equipment 2567,Sports,Fitness Equipment,Decathlon,46581.55,58117.34,Supplier_491,0.1985
PRD02314,Decathlon Outdoor & Adventure 5269,Sports,Outdoor & Adventure,Decathlon,42041.89,52576.82,Supplier_299,0.2004
PRD02315,Cosco Cricket 5068,Sports,Cricket,Cosco,16964.11,19718.27,Supplier_052,0.1397
PRD02316,Adidas Cycling 6902,Sports,Cycling,Adidas,45045.81,51867.91,Supplier_061,0.1315
PRD02317,Vector X Cycling 7793,Sports,Cycling,Vector X,20513.51,27569.79,Supplier_359,0.2559
PRD02318,Adidas Sportswear 2502,Sports,Sportswear,Adidas,48807.43,67940.84,Supplier_466,0.2816
PRD02319,Nike Cricket 6341,Sports,Cricket,Nike,37795.89,43228.35,Supplier_243,0.1257
PRD02320,Cosco Cricket 6037,Sports,Cricket,Cosco,8564.37,9329.84,Supplier_477,0.082
PRD02321,Vector X Cricket 425,Sports,Cricket,Vector X,28616.92,36922.89,Supplier_497,0.225
PRD02322,Vector X Cricket 1492,Sports,Cricket,Vector X,17224.25,21352.82,Supplier_454,0.1934
PRD02323,Nike Sportswear 6549,Sports,Sportswear,Nike,8902.91,12226.32,Supplier_470,0.2718
PRD02324,Nike Outdoor & Adventure 3329,Sports,Outdoor & Adventure,Nike,49645.2,72072.65,Supplier_493,0.3112
PRD02325,Decathlon Sportswear 1461,Sports,Sportswear,Decathlon,35584.84,54299.55,Supplier_182,0.3447
PRD02326,Cosco Cycling 6944,Sports,Cycling,Cosco,846.98,1269.45,Supplier_087,0.3328
PRD02327,Decathlon Sportswear 8626,Sports,Sportswear,Decathlon,9641.56,11682.83,Supplier_463,0.1747
PRD02328,Cosco Fitness Equipment 4012,Sports,Fitness Equipment,Cosco,15962.45,18491.45,Supplier_359,0.1368
PRD02329,Decathlon Sportswear 762,Sports,Sportswear,Decathlon,22474.11,28845.21,Supplier_140,0.2209
PRD02330,Nike Cricket 274,Sports,Cricket,Nike,16679.3,18259.59,Supplier_377,0.0865
PRD02331,Nike Cycling 7802,Sports,Cycling,Nike,15170.39,17807.49,Supplier_195,0.1481
PRD02332,Nike Cricket 6246,Sports,Cricket,Nike,34779.65,41980.2,Supplier_172,0.1715
PRD02333,Vector X Sportswear 6771,Sports,Sportswear,Vector X,42688.65,61836.07,Supplier_363,0.3096
PRD02334,Adidas Sportswear 9150,Sports,Sportswear,Adidas,47148.17,66855.4,Supplier_099,0.2948
PRD02335,Decathlon Cricket 1489,Sports,Cricket,Decathlon,13370.29,20179.48,Supplier_413,0.3374
PRD02336,Vector X Sportswear 2205,Sports,Sportswear,Vector X,44796.17,48864.27,Supplier_413,0.0833
PRD02337,Adidas Fitness Equipment 2623,Sports,Fitness Equipment,Adidas,3767.01,4729.45,Supplier_293,0.2035
PRD02338,Nike Outdoor & Adventure 320,Sports,Outdoor & Adventure,Nike,43191.34,46842.44,Supplier_378,0.0779
PRD02339,Vector X Sportswear 7649,Sports,Sportswear,Vector X,3565.62,4827.47,Supplier_324,0.2614
PRD02340,Nike Sportswear 2372,Sports,Sportswear,Nike,30647.63,33908.48,Supplier_103,0.0962
PRD02341,Adidas Fitness Equipment 162,Sports,Fitness Equipment,Adidas,4630.61,7071.66,Supplier_222,0.3452
PRD02342,Adidas Outdoor & Adventure 5349,Sports,Outdoor & Adventure,Adidas,2547.43,2846.3,Supplier_321,0.105
PRD02343,Adidas Cycling 8215,Sports,Cycling,Adidas,23828.4,27944.3,Supplier_310,0.1473
PRD02344,Cosco Outdoor & Adventure 1103,Sports,Outdoor & Adventure,Cosco,14438.77,20182.44,Supplier_227,0.2846
PRD02345,Vector X Outdoor & Adventure 3339,Sports,Outdoor & Adventure,Vector X,365.35,424.77,Supplier_135,0.1399
PRD02346,Vector X Outdoor & Adventure 2131,Sports,Outdoor & Adventure,Vector X,28792.93,33658.72,Supplier_360,0.1446
PRD02347,Adidas Fitness Equipment 3830,Sports,Fitness Equipment,Adidas,9393.05,11563.41,Supplier_084,0.1877
PRD02348,Vector X Cricket 4776,Sports,Cricket,Vector X,14871.14,18942.45,Supplier_112,0.2149
PRD02349,Decathlon Cricket 8792,Sports,Cricket,Decathlon,41232.21,58783.04,Supplier_004,0.2986
PRD02350,Decathlon Sportswear 1128,Sports,Sportswear,Decathlon,37727.14,41891.73,Supplier_253,0.0994
PRD02351,Nike Sportswear 1409,Sports,Sportswear,Nike,31011.28,45410.46,Supplier_346,0.3171
PRD02352,Nike Cricket 5316,Sports,Cricket,Nike,48859.52,68257.51,Supplier_302,0.2842
PRD02353,Vector X Sportswear 4399,Sports,Sportswear,Vector X,33925.87,37690.39,Supplier_373,0.0999
PRD02354,Cosco Sportswear 6169,Sports,Sportswear,Cosco,17937.72,26209.77,Supplier_256,0.3156
PRD02355,Cosco Sportswear 3217,Sports,Sportswear,Cosco,15708.06,24340.83,Supplier_117,0.3547
PRD02356,Adidas Cycling 7717,Sports,Cycling,Adidas,2182.84,2719.51,Supplier_451,0.1973
PRD02357,Decathlon Cricket 6706,Sports,Cricket,Decathlon,46176.13,68241.23,Supplier_238,0.3233
PRD02358,Cosco Cricket 6417,Sports,Cricket,Cosco,7676.61,10952.94,Supplier_215,0.2991
PRD02359,Adidas Fitness Equipment 2547,Sports,Fitness Equipment,Adidas,39423.85,49645.86,Supplier_205,0.2059
PRD02360,Nike Sportswear 2930,Sports,Sportswear,Nike,21747.34,31842.03,Supplier_078,0.317
PRD02361,Adidas Cycling 7837,Sports,Cycling,Adidas,10888.84,11843.82,Supplier_077,0.0806
PRD02362,Decathlon Sportswear 2693,Sports,Sportswear,Decathlon,9927.94,13042.75,Supplier_156,0.2388
PRD02363,Decathlon Cycling 8277,Sports,Cycling,Decathlon,11425.58,14952.33,Supplier_222,0.2359
PRD02364,Adidas Cricket 5889,Sports,Cricket,Adidas,24392.74,33977.16,Supplier_493,0.2821
PRD02365,Nike Fitness Equipment 4840,Sports,Fitness Equipment,Nike,47649.87,67273.58,Supplier_073,0.2917
PRD02366,Vector X Outdoor & Adventure 6921,Sports,Outdoor & Adventure,Vector X,47169.73,68759.43,Supplier_252,0.314
PRD02367,Decathlon Fitness Equipment 5189,Sports,Fitness Equipment,Decathlon,31593.85,39148.98,Supplier_351,0.193
PRD02368,Cosco Cycling 8777,Sports,Cycling,Cosco,30600.76,41665.52,Supplier_145,0.2656
PRD02369,Decathlon Sportswear 6154,Sports,Sportswear,Decathlon,40365.86,59988.75,Supplier_290,0.3271
PRD02370,Nike Cricket 4132,Sports,Cricket,Nike,934.6,1171.9,Supplier_108,0.2025
PRD02371,Adidas Sportswear 7901,Sports,Sportswear,Adidas,45511.8,68458.87,Supplier_403,0.3352
PRD02372,Vector X Sportswear 3284,Sports,Sportswear,Vector X,17070.83,24805.53,Supplier_462,0.3118
PRD02373,Decathlon Outdoor & Adventure 3850,Sports,Outdoor & Adventure,Decathlon,39090.68,52732.12,Supplier_363,0.2587
PRD02374,Vector X Cycling 8105,Sports,Cycling,Vector X,11889.04,17420.28,Supplier_289,0.3175
PRD02375,Nike Cricket 6393,Sports,Cricket,Nike,15707.33,23465.84,Supplier_385,0.3306
PRD02376,Vector X Outdoor & Adventure 7680,Sports,Outdoor & Adventure,Vector X,16116.66,21414.86,Supplier_309,0.2474
PRD02377,Nike Sportswear 4625,Sports,Sportswear,Nike,22501.77,32523.91,Supplier_365,0.3081
PRD02378,Decathlon Outdoor & Adventure 4140,Sports,Outdoor & Adventure,Decathlon,42396.25,46964.02,Supplier_115,0.0973
PRD02379,Decathlon Fitness Equipment 9305,Sports,Fitness Equipment,Decathlon,17840.63,24472.11,Supplier_075,0.271
PRD02380,Decathlon Sportswear 8886,Sports,Sportswear,Decathlon,24260.65,29783.81,Supplier_103,0.1854
PRD02381,Vector X Outdoor & Adventure 1092,Sports,Outdoor & Adventure,Vector X,30273.82,36902.01,Supplier_377,0.1796
PRD02382,Vector X Outdoor & Adventure 6260,Sports,Outdoor & Adventure,Vector X,39952.48,48452.55,Supplier_217,0.1754
PRD02383,Decathlon Fitness Equipment 514,Sports,Fitness Equipment,Decathlon,13086.34,15019.3,Supplier_015,0.1287
PRD02384,Nike Cricket 2518,Sports,Cricket,Nike,18463.15,26672.32,Supplier_229,0.3078
PRD02385,Vector X Cricket 5246,Sports,Cricket,Vector X,7891.07,10169.58,Supplier_056,0.2241
PRD02386,Cosco Sportswear 7527,Sports,Sportswear,Cosco,13833.68,19532.6,Supplier_146,0.2918
PRD02387,Vector X Outdoor & Adventure 2130,Sports,Outdoor & Adventure,Vector X,6470.36,9895.57,Supplier_027,0.3461
PRD02388,Vector X Sportswear 6244,Sports,Sportswear,Vector X,23881.22,27382.78,Supplier_282,0.1279
PRD02389,Cosco Fitness Equipment 5451,Sports,Fitness Equipment,Cosco,32334.1,40931.83,Supplier_314,0.21
PRD02390,Decathlon Fitness Equipment 745,Sports,Fitness Equipment,Decathlon,16234.51,23305.47,Supplier_453,0.3034
PRD02391,Nike Cycling 8237,Sports,Cycling,Nike,36152.69,51171.32,Supplier_033,0.2935
PRD02392,Adidas Fitness Equipment 3950,Sports,Fitness Equipment,Adidas,7620.92,10103.11,Supplier_048,0.2457
PRD02393,Decathlon Sportswear 1239,Sports,Sportswear,Decathlon,16940.99,21581.83,Supplier_253,0.215
PRD02394,Vector X Cricket 6587,Sports,Cricket,Vector X,3154.42,4024.05,Supplier_356,0.2161
PRD02395,Vector X Outdoor & Adventure 7448,Sports,Outdoor & Adventure,Vector X,41151.16,60193.91,Supplier_082,0.3164
PRD02396,Decathlon Fitness Equipment 9237,Sports,Fitness Equipment,Decathlon,11408.44,12624.14,Supplier_013,0.0963
PRD02397,Adidas Fitness Equipment 3911,Sports,Fitness Equipment,Adidas,23960.73,26352.55,Supplier_487,0.0908
PRD02398,Adidas Outdoor & Adventure 6584,Sports,Outdoor & Adventure,Adidas,25054.16,30861.38,Supplier_010,0.1882
PRD02399,Decathlon Cycling 6898,Sports,Cycling,Decathlon,24636.75,34361.66,Supplier_282,0.283
PRD02400,Nike Fitness Equipment 3860,Sports,Fitness Equipment,Nike,10046.21,11019.92,Supplier_299,0.0884
PRD02401,Nike Cricket 6131,Sports,Cricket,Nike,17501.61,19564.96,Supplier_261,0.1055
PRD02402,Cosco Outdoor & Adventure 4710,Sports,Outdoor & Adventure,Cosco,10678.28,14223.77,Supplier_137,0.2493
PRD02403,Decathlon Cycling 3402,Sports,Cycling,Decathlon,25568.44,29535.02,Supplier_387,0.1343
PRD02404,Decathlon Cycling 4365,Sports,Cycling,Decathlon,16757.56,20674.09,Supplier_202,0.1894
PRD02405,Decathlon Fitness Equipment 8485,Sports,Fitness Equipment,Decathlon,22609.91,29153.34,Supplier_395,0.2244
PRD02406,Adidas Cricket 1848,Sports,Cricket,Adidas,9282.36,10206.7,Supplier_381,0.0906
PRD02407,Adidas Outdoor & Adventure 4992,Sports,Outdoor & Adventure,Adidas,37999.98,54179.62,Supplier_427,0.2986
PRD02408,Vector X Outdoor & Adventure 990,Sports,Outdoor & Adventure,Vector X,40902.12,51112.97,Supplier_332,0.1998
PRD02409,Vector X Outdoor & Adventure 3652,Sports,Outdoor & Adventure,Vector X,44515.82,65726.46,Supplier_262,0.3227
PRD02410,Decathlon Fitness Equipment 5571,Sports,Fitness Equipment,Decathlon,667.4,981.02,Supplier_106,0.3197
PRD02411,Cosco Cricket 6502,Sports,Cricket,Cosco,36012.47,46643.55,Supplier_309,0.2279
PRD02412,Cosco Outdoor & Adventure 4171,Sports,Outdoor & Adventure,Cosco,24034.77,32698.53,Supplier_040,0.265
PRD02413,Nike Cycling 919,Sports,Cycling,Nike,44226.4,65488.7,Supplier_439,0.3247
PRD02414,Decathlon Fitness Equipment 6349,Sports,Fitness Equipment,Decathlon,46511.46,56865.84,Supplier_374,0.1821
PRD02415,Adidas Cycling 3225,Sports,Cycling,Adidas,4906.77,6148.1,Supplier_498,0.2019
PRD02416,Decathlon Cricket 466,Sports,Cricket,Decathlon,3851.17,4914.94,Supplier_153,0.2164
PRD02417,Nike Fitness Equipment 3453,Sports,Fitness Equipment,Nike,15137.4,18217.57,Supplier_062,0.1691
PRD02418,Cosco Fitness Equipment 3947,Sports,Fitness Equipment,Cosco,8770.34,9936.06,Supplier_234,0.1173
PRD02419,Vector X Cycling 9327,Sports,Cycling,Vector X,13693.07,14933.7,Supplier_246,0.0831
PRD02420,Adidas Fitness Equipment 6283,Sports,Fitness Equipment,Adidas,10813.0,13698.38,Supplier_016,0.2106
PRD02421,Cosco Fitness Equipment 2967,Sports,Fitness Equipment,Cosco,21652.75,28124.32,Supplier_499,0.2301
PRD02422,Vector X Fitness Equipment 4701,Sports,Fitness Equipment,Vector X,44875.54,62314.48,Supplier_364,0.2799
PRD02423,Cosco Sportswear 4555,Sports,Sportswear,Cosco,10174.8,12266.98,Supplier_494,0.1706
PRD02424,Adidas Outdoor & Adventure 822,Sports,Outdoor & Adventure,Adidas,34499.28,50398.84,Supplier_448,0.3155
PRD02425,Cosco Cycling 3893,Sports,Cycling,Cosco,27969.27,39447.44,Supplier_367,0.291
PRD02426,Decathlon Fitness Equipment 7575,Sports,Fitness Equipment,Decathlon,18233.54,24817.36,Supplier_421,0.2653
PRD02427,Vector X Cricket 6182,Sports,Cricket,Vector X,8236.54,11445.02,Supplier_372,0.2803
PRD02428,Vector X Cycling 5781,Sports,Cycling,Vector X,7327.5,10445.66,Supplier_209,0.2985
PRD02429,Vector X Outdoor & Adventure 5792,Sports,Outdoor & Adventure,Vector X,20118.87,26148.85,Supplier_393,0.2306
PRD02430,Adidas Sportswear 8202,Sports,Sportswear,Adidas,40720.66,58364.1,Supplier_346,0.3023
PRD02431,Cosco Cycling 9965,Sports,Cycling,Cosco,18048.43,23154.41,Supplier_130,0.2205
PRD02432,Decathlon Outdoor & Adventure 7485,Sports,Outdoor & Adventure,Decathlon,46239.72,63966.56,Supplier_386,0.2771
PRD02433,Adidas Cycling 2476,Sports,Cycling,Adidas,44492.56,55234.1,Supplier_307,0.1945
PRD02434,Vector X Sportswear 9499,Sports,Sportswear,Vector X,31653.24,45265.81,Supplier_072,0.3007
PRD02435,Cosco Outdoor & Adventure 1933,Sports,Outdoor & Adventure,Cosco,4133.08,5277.61,Supplier_257,0.2169
PRD02436,Nike Cycling 4273,Sports,Cycling,Nike,26002.46,35115.5,Supplier_479,0.2595
PRD02437,Adidas Cycling 5586,Sports,Cycling,Adidas,36998.58,51852.96,Supplier_251,0.2865
PRD02438,Decathlon Fitness Equipment 9085,Sports,Fitness Equipment,Decathlon,36606.14,53245.43,Supplier_480,0.3125
PRD02439,Vector X Cricket 9553,Sports,Cricket,Vector X,32861.75,41557.49,Supplier_180,0.2092
PRD02440,Nike Cricket 2651,Sports,Cricket,Nike,11329.45,15664.48,Supplier_428,0.2767
PRD02441,Nike Outdoor & Adventure 1866,Sports,Outdoor & Adventure,Nike,44664.52,68585.13,Supplier_254,0.3488
PRD02442,Nike Outdoor & Adventure 6753,Sports,Outdoor & Adventure,Nike,34762.12,42551.66,Supplier_156,0.1831
PRD02443,Vector X Outdoor & Adventure 3229,Sports,Outdoor & Adventure,Vector X,31930.52,48765.21,Supplier_013,0.3452
PRD02444,Nike Fitness Equipment 1268,Sports,Fitness Equipment,Nike,14824.41,17453.24,Supplier_035,0.1506
PRD02445,Cosco Sportswear 5957,Sports,Sportswear,Cosco,47553.08,60787.16,Supplier_339,0.2177
PRD02446,Nike Cricket 6452,Sports,Cricket,Nike,34906.03,42623.8,Supplier_192,0.1811
PRD02447,Decathlon Outdoor & Adventure 7938,Sports,Outdoor & Adventure,Decathlon,21454.77,29117.44,Supplier_326,0.2632
PRD02448,Vector X Cycling 616,Sports,Cycling,Vector X,2141.65,2807.55,Supplier_256,0.2372
PRD02449,Decathlon Sportswear 6387,Sports,Sportswear,Decathlon,1600.46,2255.52,Supplier_386,0.2904
PRD02450,Nike Cycling 5851,Sports,Cycling,Nike,21163.95,28697.23,Supplier_486,0.2625
PRD02451,Nike Cricket 1522,Sports,Cricket,Nike,19029.37,29162.53,Supplier_244,0.3475
PRD02452,Vector X Sportswear 1640,Sports,Sportswear,Vector X,4647.84,5555.72,Supplier_233,0.1634
PRD02453,Decathlon Cricket 662,Sports,Cricket,Decathlon,12106.86,18674.59,Supplier_166,0.3517
PRD02454,Vector X Sportswear 3648,Sports,Sportswear,Vector X,38869.33,57591.98,Supplier_315,0.3251
PRD02455,Nike Cricket 562,Sports,Cricket,Nike,564.18,643.36,Supplier_479,0.1231
PRD02456,Cosco Cycling 4601,Sports,Cycling,Cosco,3501.53,4079.91,Supplier_357,0.1418
PRD02457,Cosco Cycling 898,Sports,Cycling,Cosco,40075.32,53370.77,Supplier_130,0.2491
PRD02458,Nike Cycling 7501,Sports,Cycling,Nike,34925.92,45781.47,Supplier_151,0.2371
PRD02459,Nike Outdoor & Adventure 1896,Sports,Outdoor & Adventure,Nike,14549.82,17980.16,Supplier_352,0.1908
PRD02460,Nike Outdoor & Adventure 193,Sports,Outdoor & Adventure,Nike,9996.2,13080.39,Supplier_199,0.2358
PRD02461,Cosco Outdoor & Adventure 5671,Sports,Outdoor & Adventure,Cosco,2241.54,2613.32,Supplier_444,0.1423
PRD02462,Cosco Cycling 2002,Sports,Cycling,Cosco,11475.19,14791.44,Supplier_052,0.2242
PRD02463,Adidas Outdoor & Adventure 9320,Sports,Outdoor & Adventure,Adidas,6643.35,10230.99,Supplier_013,0.3507
PRD02464,Cosco Cricket 436,Sports,Cricket,Cosco,18365.45,25867.61,Supplier_363,0.29
PRD02465,Decathlon Cycling 7860,Sports,Cycling,Decathlon,31759.86,35887.82,Supplier_018,0.115
PRD02466,Cosco Sportswear 1167,Sports,Sportswear,Cosco,27886.21,35651.4,Supplier_045,0.2178
PRD02467,Decathlon Sportswear 4085,Sports,Sportswear,Decathlon,23757.54,31320.6,Supplier_465,0.2415
PRD02468,Nike Outdoor & Adventure 3160,Sports,Outdoor & Adventure,Nike,1254.26,1405.52,Supplier_341,0.1076
PRD02469,Cosco Outdoor & Adventure 9231,Sports,Outdoor & Adventure,Cosco,33010.11,44120.71,Supplier_135,0.2518
PRD02470,Nike Cricket 9637,Sports,Cricket,Nike,48544.73,67401.61,Supplier_212,0.2798
PRD02471,Vector X Fitness Equipment 5020,Sports,Fitness Equipment,Vector X,2035.8,2392.37,Supplier_069,0.149
PRD02472,Nike Cricket 299,Sports,Cricket,Nike,18624.34,24580.26,Supplier_058,0.2423
PRD02473,Decathlon Cycling 2345,Sports,Cycling,Decathlon,29299.36,31765.28,Supplier_164,0.0776
PRD02474,Cosco Outdoor & Adventure 7878,Sports,Outdoor & Adventure,Cosco,40071.2,46830.15,Supplier_245,0.1443
PRD02475,Adidas Cricket 8970,Sports,Cricket,Adidas,4997.4,6308.18,Supplier_440,0.2078
PRD02476,Adidas Fitness Equipment 2482,Sports,Fitness Equipment,Adidas,33370.76,49495.09,Supplier_441,0.3258
PRD02477,Cosco Fitness Equipment 9375,Sports,Fitness Equipment,Cosco,25693.56,39672.4,Supplier_085,0.3524
PRD02478,Cosco Outdoor & Adventure 3792,Sports,Outdoor & Adventure,Cosco,41996.56,52496.1,Supplier_424,0.2
PRD02479,Cosco Sportswear 5350,Sports,Sportswear,Cosco,3030.67,3888.29,Supplier_400,0.2206
PRD02480,Nike Cricket 6222,Sports,Cricket,Nike,9670.65,13746.37,Supplier_201,0.2965
PRD02481,Vector X Cricket 2186,Sports,Cricket,Vector X,41826.8,49590.64,Supplier_246,0.1566
PRD02482,Vector X Cycling 2676,Sports,Cycling,Vector X,44442.77,61492.76,Supplier_124,0.2773
PRD02483,Vector X Cycling 7190,Sports,Cycling,Vector X,14417.0,20808.87,Supplier_308,0.3072
PRD02484,Cosco Fitness Equipment 2484,Sports,Fitness Equipment,Cosco,3363.38,3766.57,Supplier_396,0.107
PRD02485,Decathlon Fitness Equipment 5694,Sports,Fitness Equipment,Decathlon,13905.6,16853.47,Supplier_156,0.1749
PRD02486,Vector X Cycling 7799,Sports,Cycling,Vector X,16388.03,20072.5,Supplier_262,0.1836
PRD02487,Cosco Cricket 9759,Sports,Cricket,Cosco,37883.01,55861.1,Supplier_356,0.3218
PRD02488,Vector X Cycling 2348,Sports,Cycling,Vector X,29987.13,43461.35,Supplier_241,0.31
PRD02489,Nike Sportswear 8828,Sports,Sportswear,Nike,34586.63,53206.57,Supplier_265,0.35
PRD02490,Nike Cycling 4544,Sports,Cycling,Nike,12617.07,15216.94,Supplier_448,0.1709
PRD02491,Vector X Sportswear 5411,Sports,Sportswear,Vector X,25700.22,31537.62,Supplier_465,0.1851
PRD02492,Vector X Outdoor & Adventure 3243,Sports,Outdoor & Adventure,Vector X,9603.77,14761.0,Supplier_423,0.3494
PRD02493,Vector X Sportswear 9893,Sports,Sportswear,Vector X,33821.2,40954.27,Supplier_218,0.1742
PRD02494,Vector X Outdoor & Adventure 4933,Sports,Outdoor & Adventure,Vector X,44532.99,51010.78,Supplier_098,0.127
PRD02495,Vector X Sportswear 7680,Sports,Sportswear,Vector X,27667.51,32539.71,Supplier_298,0.1497
PRD02496,Adidas Cycling 4875,Sports,Cycling,Adidas,5904.68,8382.81,Supplier_327,0.2956
PRD02497,Adidas Outdoor & Adventure 5627,Sports,Outdoor & Adventure,Adidas,29926.66,41230.52,Supplier_094,0.2742
PRD02498,Decathlon Cricket 4535,Sports,Cricket,Decathlon,12319.41,16109.37,Supplier_478,0.2353
PRD02499,Cosco Cycling 1280,Sports,Cycling,Cosco,26893.56,30894.78,Supplier_130,0.1295
PRD02500,Cosco Fitness Equipment 153,Sports,Fitness Equipment,Cosco,40665.07,62722.53,Supplier_035,0.3517
PRD02501,Scholastic Books 9121,Books & Media,Books,Scholastic,46393.9,60021.53,Supplier_299,0.227
PRD02502,Oxford Stationery 7107,Books & Media,Stationery,Oxford,9999.54,11039.16,Supplier_322,0.0942
PRD02503,Penguin Stationery 2056,Books & Media,Stationery,Penguin,23844.59,30087.96,Supplier_072,0.2075
PRD02504,Penguin Books 992,Books & Media,Books,Penguin,18098.68,26362.73,Supplier_022,0.3135
PRD02505,Scholastic Books 2187,Books & Media,Books,Scholastic,5417.71,7213.98,Supplier_402,0.249
PRD02506,Oxford Books 9382,Books & Media,Books,Oxford,10284.39,15415.44,Supplier_031,0.3329
PRD02507,Penguin Books 4641,Books & Media,Books,Penguin,16913.41,23229.71,Supplier_146,0.2719
PRD02508,Harper Collins Stationery 9448,Books & Media,Stationery,Harper Collins,11562.89,15848.17,Supplier_385,0.2704
PRD02509,Scholastic Stationery 9171,Books & Media,Stationery,Scholastic,42046.36,48407.99,Supplier_300,0.1314
PRD02510,Harper Collins Stationery 6379,Books & Media,Stationery,Harper Collins,8633.52,13245.61,Supplier_105,0.3482
PRD02511,Penguin Music & Instruments 4519,Books & Media,Music & Instruments,Penguin,47725.94,53589.24,Supplier_415,0.1094
PRD02512,Penguin Stationery 3720,Books & Media,Stationery,Penguin,4829.4,7134.62,Supplier_124,0.3231
PRD02513,Harper Collins Stationery 4678,Books & Media,Stationery,Harper Collins,44599.66,67402.75,Supplier_055,0.3383
PRD02514,Harper Collins Books 9925,Books & Media,Books,Harper Collins,33574.52,43127.84,Supplier_435,0.2215
PRD02515,Oxford Stationery 1443,Books & Media,Stationery,Oxford,10708.72,12070.57,Supplier_210,0.1128
PRD02516,Oxford Music & Instruments 6399,Books & Media,Music & Instruments,Oxford,22154.25,31623.14,Supplier_436,0.2994
PRD02517,Oxford Music & Instruments 3460,Books & Media,Music & Instruments,Oxford,1200.18,1727.75,Supplier_452,0.3054
PRD02518,Oxford Music & Instruments 5708,Books & Media,Music & Instruments,Oxford,21860.68,32601.25,Supplier_165,0.3295
PRD02519,Oxford Books 7344,Books & Media,Books,Oxford,25402.59,32066.03,Supplier_311,0.2078
PRD02520,Scholastic Books 6287,Books & Media,Books,Scholastic,7268.56,8114.31,Supplier_087,0.1042
PRD02521,Harper Collins Stationery 4591,Books & Media,Stationery,Harper Collins,10935.52,13626.04,Supplier_128,0.1975
PRD02522,Scholastic Music & Instruments 7795,Books & Media,Music & Instruments,Scholastic,44927.71,56534.28,Supplier_492,0.2053
PRD02523,Harper Collins Books 458,Books & Media,Books,Harper Collins,32291.59,35856.8,Supplier_200,0.0994
PRD02524,Scholastic Music & Instruments 7248,Books & Media,Music & Instruments,Scholastic,18008.05,19622.15,Supplier_371,0.0823
PRD02525,Oxford Stationery 3844,Books & Media,Stationery,Oxford,4518.57,5421.45,Supplier_138,0.1665
PRD02526,Scholastic Stationery 9692,Books & Media,Stationery,Scholastic,23952.61,27766.21,Supplier_331,0.1373
PRD02527,Harper Collins Music & Instruments 6073,Books & Media,Music & Instruments,Harper Collins,42302.83,65155.07,Supplier_025,0.3507
PRD02528,Penguin Books 9157,Books & Media,Books,Penguin,35369.87,40838.56,Supplier_026,0.1339
PRD02529,Penguin Stationery 2541,Books & Media,Stationery,Penguin,26286.43,31541.57,Supplier_151,0.1666
PRD02530,Oxford Books 3853,Books & Media,Books,Oxford,13961.75,21089.26,Supplier_210,0.338
PRD02531,Harper Collins Stationery 1611,Books & Media,Stationery,Harper Collins,26049.37,30971.49,Supplier_318,0.1589
PRD02532,Harper Collins Books 7034,Books & Media,Books,Harper Collins,14447.74,18796.75,Supplier_459,0.2314
PRD02533,Harper Collins Books 9973,Books & Media,Books,Harper Collins,908.23,1391.25,Supplier_365,0.3472
PRD02534,Penguin Books 3028,Books & Media,Books,Penguin,38653.17,46633.15,Supplier_274,0.1711
PRD02535,Oxford Books 3031,Books & Media,Books,Oxford,27694.26,34711.91,Supplier_079,0.2022
PRD02536,Harper Collins Music & Instruments 2914,Books & Media,Music & Instruments,Harper Collins,12320.04,13356.29,Supplier_393,0.0776
PRD02537,Penguin Stationery 6552,Books & Media,Stationery,Penguin,25070.61,37620.3,Supplier_070,0.3336
PRD02538,Penguin Books 4063,Books & Media,Books,Penguin,23479.89,34700.28,Supplier_442,0.3234
PRD02539,Scholastic Music & Instruments 4127,Books & Media,Music & Instruments,Scholastic,28714.53,34780.77,Supplier_233,0.1744
PRD02540,Penguin Books 792,Books & Media,Books,Penguin,35685.81,41259.25,Supplier_035,0.1351
PRD02541,Harper Collins Stationery 8127,Books & Media,Stationery,Harper Collins,78.64,101.96,Supplier_347,0.2287
PRD02542,Oxford Stationery 8614,Books & Media,Stationery,Oxford,44445.2,57748.16,Supplier_182,0.2304
PRD02543,Oxford Music & Instruments 6779,Books & Media,Music & Instruments,Oxford,37593.98,49850.79,Supplier_086,0.2459
PRD02544,Oxford Music & Instruments 1302,Books & Media,Music & Instruments,Oxford,6355.68,6972.92,Supplier_308,0.0885
PRD02545,Scholastic Stationery 6368,Books & Media,Stationery,Scholastic,5821.03,8760.4,Supplier_193,0.3355
PRD02546,Scholastic Stationery 362,Books & Media,Stationery,Scholastic,1242.6,1626.56,Supplier_111,0.2361
PRD02547,Harper Collins Stationery 2391,Books & Media,Stationery,Harper Collins,22524.52,30577.08,Supplier_333,0.2634
PRD02548,Oxford Stationery 3820,Books & Media,Stationery,Oxford,12262.36,13337.74,Supplier_463,0.0806
PRD02549,Scholastic Stationery 7721,Books & Media,Stationery,Scholastic,24364.45,31653.9,Supplier_191,0.2303
PRD02550,Oxford Books 4120,Books & Media,Books,Oxford,6564.18,10049.89,Supplier_486,0.3468
PRD02551,Penguin Books 7720,Books & Media,Books,Penguin,14806.13,16360.27,Supplier_466,0.095
PRD02552,Oxford Stationery 8497,Books & Media,Stationery,Oxford,3952.27,4814.49,Supplier_283,0.1791
PRD02553,Penguin Stationery 7955,Books & Media,Stationery,Penguin,46702.16,69504.75,Supplier_035,0.3281
PRD02554,Scholastic Stationery 2818,Books & Media,Stationery,Scholastic,9714.29,14700.96,Supplier_006,0.3392
PRD02555,Harper Collins Books 1081,Books & Media,Books,Harper Collins,37229.67,50034.72,Supplier_013,0.2559
PRD02556,Harper Collins Music & Instruments 7445,Books & Media,Music & Instruments,Harper Collins,31552.19,39582.07,Supplier_207,0.2029
PRD02557,Oxford Stationery 6128,Books & Media,Stationery,Oxford,17378.94,21436.51,Supplier_027,0.1893
PRD02558,Penguin Music & Instruments 7200,Books & Media,Music & Instruments,Penguin,44182.48,63467.76,Supplier_391,0.3039
PRD02559,Penguin Music & Instruments 9379,Books & Media,Music & Instruments,Penguin,33332.68,44584.3,Supplier_260,0.2524
PRD02560,Harper Collins Books 7306,Books & Media,Books,Harper Collins,46650.73,58669.11,Supplier_375,0.2049
PRD02561,Scholastic Music & Instruments 3316,Books & Media,Music & Instruments,Scholastic,7240.38,10413.05,Supplier_048,0.3047
PRD02562,Oxford Music & Instruments 821,Books & Media,Music & Instruments,Oxford,13824.2,16361.1,Supplier_156,0.1551
PRD02563,Harper Collins Books 6941,Books & Media,Books,Harper Collins,9764.95,13158.94,Supplier_410,0.2579
PRD02564,Oxford Books 3550,Books & Media,Books,Oxford,27375.45,32848.34,Supplier_001,0.1666
PRD02565,Harper Collins Books 8007,Books & Media,Books,Harper Collins,42949.09,51744.57,Supplier_403,0.17
PRD02566,Harper Collins Books 8185,Books & Media,Books,Harper Collins,23441.92,36127.81,Supplier_059,0.3511
PRD02567,Oxford Books 6196,Books & Media,Books,Oxford,40593.9,50380.54,Supplier_436,0.1943
PRD02568,Scholastic Stationery 5516,Books & Media,Stationery,Scholastic,28873.32,38618.78,Supplier_324,0.2524
PRD02569,Scholastic Music & Instruments 9762,Books & Media,Music & Instruments,Scholastic,26359.12,36740.48,Supplier_267,0.2826
PRD02570,Scholastic Music & Instruments 4118,Books & Media,Music & Instruments,Scholastic,40319.14,58293.38,Supplier_116,0.3083
PRD02571,Oxford Books 8436,Books & Media,Books,Oxford,24195.63,29863.03,Supplier_154,0.1898
PRD02572,Oxford Stationery 4321,Books & Media,Stationery,Oxford,2611.76,3547.02,Supplier_055,0.2637
PRD02573,Harper Collins Books 4175,Books & Media,Books,Harper Collins,42232.19,49956.78,Supplier_238,0.1546
PRD02574,Penguin Books 6860,Books & Media,Books,Penguin,34884.22,45968.56,Supplier_381,0.2411
PRD02575,Oxford Stationery 4073,Books & Media,Stationery,Oxford,28350.31,34603.53,Supplier_084,0.1807
PRD02576,Oxford Music & Instruments 5243,Books & Media,Music & Instruments,Oxford,47427.16,65997.49,Supplier_475,0.2814
PRD02577,Oxford Books 6886,Books & Media,Books,Oxford,20325.94,26080.6,Supplier_243,0.2206
PRD02578,Scholastic Books 3961,Books & Media,Books,Scholastic,46882.82,53238.56,Supplier_250,0.1194
PRD02579,Oxford Stationery 3952,Books & Media,Stationery,Oxford,29441.74,37405.71,Supplier_147,0.2129
PRD02580,Harper Collins Books 9823,Books & Media,Books,Harper Collins,16838.76,22918.42,Supplier_193,0.2653
PRD02581,Penguin Books 239,Books & Media,Books,Penguin,4150.64,6035.91,Supplier_077,0.3123
PRD02582,Oxford Music & Instruments 2588,Books & Media,Music & Instruments,Oxford,24657.79,27700.27,Supplier_027,0.1098
PRD02583,Oxford Books 6109,Books & Media,Books,Oxford,8919.77,10192.95,Supplier_348,0.1249
PRD02584,Scholastic Music & Instruments 2806,Books & Media,Music & Instruments,Scholastic,33319.61,37355.76,Supplier_458,0.108
PRD02585,Scholastic Stationery 1449,Books & Media,Stationery,Scholastic,5043.57,7808.8,Supplier_021,0.3541
PRD02586,Penguin Music & Instruments 2884,Books & Media,Music & Instruments,Penguin,41080.42,48078.74,Supplier_460,0.1456
PRD02587,Oxford Stationery 8719,Books & Media,Stationery,Oxford,5421.55,7367.26,Supplier_037,0.2641
PRD02588,Scholastic Music & Instruments 4359,Books & Media,Music & Instruments,Scholastic,6973.87,9047.19,Supplier_081,0.2292
PRD02589,Penguin Music & Instruments 4748,Books & Media,Music & Instruments,Penguin,24845.96,29446.99,Supplier_017,0.1562
PRD02590,Scholastic Stationery 7513,Books & Media,Stationery,Scholastic,33267.18,46793.85,Supplier_184,0.2891
PRD02591,Scholastic Music & Instruments 6671,Books & Media,Music & Instruments,Scholastic,14717.98,20776.77,Supplier_215,0.2916
PRD02592,Scholastic Books 7657,Books & Media,Books,Scholastic,33329.46,39294.01,Supplier_077,0.1518
PRD02593,Harper Collins Music & Instruments 2028,Books & Media,Music & Instruments,Harper Collins,1888.04,2091.22,Supplier_076,0.0972
PRD02594,Oxford Books 4728,Books & Media,Books,Oxford,6349.18,9013.94,Supplier_395,0.2956
PRD02595,Scholastic Stationery 7232,Books & Media,Stationery,Scholastic,28984.55,41093.17,Supplier_210,0.2947
PRD02596,Scholastic Books 7853,Books & Media,Books,Scholastic,46874.94,55246.47,Supplier_336,0.1515
PRD02597,Scholastic Books 1182,Books & Media,Books,Scholastic,7868.72,9206.4,Supplier_026,0.1453
PRD02598,Scholastic Books 7694,Books & Media,Books,Scholastic,19508.48,28519.13,Supplier_338,0.316
PRD02599,Scholastic Stationery 7019,Books & Media,Stationery,Scholastic,22508.13,32938.78,Supplier_338,0.3167
PRD02600,Harper Collins Stationery 4205,Books & Media,Stationery,Harper Collins,421.56,610.46,Supplier_213,0.3094
PRD02601,Oxford Books 788,Books & Media,Books,Oxford,43782.27,54169.24,Supplier_453,0.1918
PRD02602,Harper Collins Books 4652,Books & Media,Books,Harper Collins,25663.58,33691.61,Supplier_465,0.2383
PRD02603,Harper Collins Books 6010,Books & Media,Books,Harper Collins,20922.62,30176.78,Supplier_365,0.3067
PRD02604,Scholastic Stationery 8309,Books & Media,Stationery,Scholastic,16892.13,19073.93,Supplier_104,0.1144
PRD02605,Harper Collins Books 8373,Books & Media,Books,Harper Collins,16659.27,23149.27,Supplier_141,0.2804
PRD02606,Oxford Music & Instruments 3322,Books & Media,Music & Instruments,Oxford,44484.84,68818.34,Supplier_223,0.3536
PRD02607,Penguin Music & Instruments 9064,Books & Media,Music & Instruments,Penguin,22774.88,32294.33,Supplier_149,0.2948
PRD02608,Oxford Music & Instruments 6773,Books & Media,Music & Instruments,Oxford,2273.46,2810.73,Supplier_302,0.1911
PRD02609,Penguin Music & Instruments 7694,Books & Media,Music & Instruments,Penguin,23752.15,35456.5,Supplier_469,0.3301
PRD02610,Harper Collins Music & Instruments 3751,Books & Media,Music & Instruments,Harper Collins,46158.32,67961.53,Supplier_231,0.3208
PRD02611,Scholastic Stationery 3859,Books & Media,Stationery,Scholastic,44581.08,66003.07,Supplier_343,0.3246
PRD02612,Scholastic Music & Instruments 3855,Books & Media,Music & Instruments,Scholastic,19770.89,21392.38,Supplier_021,0.0758
PRD02613,Oxford Books 882,Books & Media,Books,Oxford,11987.05,12958.69,Supplier_491,0.075
PRD02614,Scholastic Books 6928,Books & Media,Books,Scholastic,26786.12,40253.17,Supplier_009,0.3346
PRD02615,Scholastic Music & Instruments 8236,Books & Media,Music & Instruments,Scholastic,38456.6,53522.27,Supplier_298,0.2815
PRD02616,Scholastic Books 6473,Books & Media,Books,Scholastic,38994.76,57788.67,Supplier_288,0.3252
PRD02617,Scholastic Music & Instruments 332,Books & Media,Music & Instruments,Scholastic,8902.97,12360.6,Supplier_351,0.2797
PRD02618,Penguin Stationery 7962,Books & Media,Stationery,Penguin,16472.3,19691.49,Supplier_011,0.1635
PRD02619,Harper Collins Books 2869,Books & Media,Books,Harper Collins,46557.54,66278.28,Supplier_337,0.2975
PRD02620,Scholastic Stationery 3443,Books & Media,Stationery,Scholastic,20808.0,31332.66,Supplier_374,0.3359
PRD02621,Scholastic Books 5170,Books & Media,Books,Scholastic,4925.34,7476.26,Supplier_278,0.3412
PRD02622,Penguin Music & Instruments 2089,Books & Media,Music & Instruments,Penguin,3857.48,4448.13,Supplier_437,0.1328
PRD02623,Harper Collins Books 4524,Books & Media,Books,Harper Collins,3345.81,4824.86,Supplier_495,0.3065
PRD02624,Penguin Books 8299,Books & Media,Books,Penguin,38256.77,47386.33,Supplier_393,0.1927
PRD02625,Oxford Music & Instruments 4659,Books & Media,Music & Instruments,Oxford,25563.44,33390.55,Supplier_403,0.2344
PRD02626,Scholastic Books 6455,Books & Media,Books,Scholastic,39460.55,49168.75,Supplier_413,0.1974
PRD02627,Scholastic Books 1515,Books & Media,Books,Scholastic,36279.5,54714.29,Supplier_033,0.3369
PRD02628,Harper Collins Books 8862,Books & Media,Books,Harper Collins,17137.95,22714.31,Supplier_100,0.2455
PRD02629,Scholastic Stationery 7184,Books & Media,Stationery,Scholastic,1537.97,2277.96,Supplier_054,0.3248
PRD02630,Oxford Music & Instruments 8020,Books & Media,Music & Instruments,Oxford,10657.38,12462.39,Supplier_397,0.1448
PRD02631,Penguin Music & Instruments 8199,Books & Media,Music & Instruments,Penguin,48808.06,69794.85,Supplier_286,0.3007
PRD02632,Oxford Stationery 787,Books & Media,Stationery,Oxford,16144.59,20235.13,Supplier_019,0.2022
PRD02633,Harper Collins Stationery 6203,Books & Media,Stationery,Harper Collins,235.9,294.18,Supplier_333,0.1981
PRD02634,Oxford Stationery 5263,Books & Media,Stationery,Oxford,37499.15,40630.17,Supplier_442,0.0771
PRD02635,Penguin Stationery 8628,Books & Media,Stationery,Penguin,6747.28,7591.43,Supplier_288,0.1112
PRD02636,Harper Collins Books 9137,Books & Media,Books,Harper Collins,23697.82,31759.46,Supplier_372,0.2538
PRD02637,Penguin Stationery 5294,Books & Media,Stationery,Penguin,31266.08,34244.66,Supplier_126,0.087
PRD02638,Oxford Stationery 999,Books & Media,Stationery,Oxford,14707.89,21820.17,Supplier_481,0.3259
PRD02639,Harper Collins Stationery 2607,Books & Media,Stationery,Harper Collins,34810.54,50940.9,Supplier_144,0.3166
PRD02640,Oxford Stationery 6060,Books & Media,Stationery,Oxford,49066.45,75479.45,Supplier_039,0.3499
PRD02641,Scholastic Stationery 528,Books & Media,Stationery,Scholastic,36944.49,46964.92,Supplier_146,0.2134
PRD02642,Harper Collins Stationery 8700,Books & Media,Stationery,Harper Collins,35604.43,53003.15,Supplier_309,0.3283
PRD02643,Penguin Music & Instruments 4428,Books & Media,Music & Instruments,Penguin,18158.48,20423.28,Supplier_394,0.1109
PRD02644,Scholastic Stationery 3578,Books & Media,Stationery,Scholastic,44426.0,51793.2,Supplier_299,0.1422
PRD02645,Harper Collins Books 9114,Books & Media,Books,Harper Collins,2501.48,3067.81,Supplier_387,0.1846
PRD02646,Penguin Music & Instruments 9559,Books & Media,Music & Instruments,Penguin,40588.28,54307.12,Supplier_446,0.2526
PRD02647,Scholastic Music & Instruments 1745,Books & Media,Music & Instruments,Scholastic,45320.65,62960.03,Supplier_459,0.2802
PRD02648,Penguin Stationery 1623,Books & Media,Stationery,Penguin,15629.02,23328.55,Supplier_337,0.33
PRD02649,Scholastic Stationery 1645,Books & Media,Stationery,Scholastic,37067.66,42417.97,Supplier_486,0.1261
PRD02650,Penguin Music & Instruments 7787,Books & Media,Music & Instruments,Penguin,5386.09,7024.43,Supplier_415,0.2332
PRD02651,Oxford Stationery 9780,Books & Media,Stationery,Oxford,27121.12,32659.6,Supplier_482,0.1696
PRD02652,Harper Collins Music & Instruments 9422,Books & Media,Music & Instruments,Harper Collins,4146.34,4806.18,Supplier_359,0.1373
PRD02653,Penguin Books 2175,Books & Media,Books,Penguin,23542.27,33489.16,Supplier_087,0.297
PRD02654,Harper Collins Music & Instruments 8668,Books & Media,Music & Instruments,Harper Collins,49482.86,53564.44,Supplier_449,0.0762
PRD02655,Harper Collins Stationery 7140,Books & Media,Stationery,Harper Collins,24658.01,29387.87,Supplier_109,0.1609
PRD02656,Oxford Music & Instruments 5740,Books & Media,Music & Instruments,Oxford,9663.97,12834.3,Supplier_070,0.247
PRD02657,Oxford Stationery 4180,Books & Media,Stationery,Oxford,45541.77,55342.43,Supplier_316,0.1771
PRD02658,Oxford Books 123,Books & Media,Books,Oxford,12787.21,17447.77,Supplier_059,0.2671
PRD02659,Harper Collins Stationery 9547,Books & Media,Stationery,Harper Collins,37351.94,52476.15,Supplier_095,0.2882
PRD02660,Penguin Music & Instruments 758,Books & Media,Music & Instruments,Penguin,48360.36,57883.8,Supplier_119,0.1645
PRD02661,Penguin Books 2278,Books & Media,Books,Penguin,36576.06,51261.79,Supplier_495,0.2865
PRD02662,Scholastic Books 3543,Books & Media,Books,Scholastic,47972.02,64764.63,Supplier_368,0.2593
PRD02663,Penguin Books 7424,Books & Media,Books,Penguin,20697.12,25673.49,Supplier_074,0.1938
PRD02664,Penguin Books 6835,Books & Media,Books,Penguin,43446.62,53561.1,Supplier_194,0.1888
PRD02665,Scholastic Music & Instruments 2490,Books & Media,Music & Instruments,Scholastic,22198.42,26077.11,Supplier_106,0.1487
PRD02666,Scholastic Stationery 4077,Books & Media,Stationery,Scholastic,9440.63,13150.35,Supplier_251,0.2821
PRD02667,Scholastic Stationery 7199,Books & Media,Stationery,Scholastic,21900.67,26247.78,Supplier_238,0.1656
PRD02668,Penguin Books 7616,Books & Media,Books,Penguin,39080.58,57520.14,Supplier_269,0.3206
PRD02669,Harper Collins Stationery 2405,Books & Media,Stationery,Harper Collins,20699.55,30929.56,Supplier_146,0.3308
PRD02670,Harper Collins Stationery 8776,Books & Media,Stationery,Harper Collins,21336.31,23181.28,Supplier_034,0.0796
PRD02671,Oxford Music & Instruments 7462,Books & Media,Music & Instruments,Oxford,17424.76,24094.91,Supplier_103,0.2768
PRD02672,Scholastic Music & Instruments 4517,Books & Media,Music & Instruments,Scholastic,41981.43,64351.19,Supplier_083,0.3476
PRD02673,Harper Collins Stationery 3940,Books & Media,Stationery,Harper Collins,21934.56,25065.47,Supplier_331,0.1249
PRD02674,Oxford Stationery 8450,Books & Media,Stationery,Oxford,10982.7,16757.43,Supplier_329,0.3446
PRD02675,Penguin Books 4274,Books & Media,Books,Penguin,13420.41,16833.11,Supplier_354,0.2027
PRD02676,Scholastic Books 5182,Books & Media,Books,Scholastic,43107.02,57019.63,Supplier_383,0.244
PRD02677,Penguin Stationery 1855,Books & Media,Stationery,Penguin,3195.24,4888.28,Supplier_124,0.3463
PRD02678,Scholastic Stationery 9208,Books & Media,Stationery,Scholastic,40495.02,58156.37,Supplier_439,0.3037
PRD02679,Harper Collins Music & Instruments 155,Books & Media,Music & Instruments,Harper Collins,31394.59,48328.9,Supplier_077,0.3504
PRD02680,Scholastic Books 6976,Books & Media,Books,Scholastic,38436.23,55415.54,Supplier_291,0.3064
PRD02681,Penguin Stationery 5119,Books & Media,Stationery,Penguin,24076.91,28123.39,Supplier_370,0.1439
PRD02682,Scholastic Stationery 3368,Books & Media,Stationery,Scholastic,34816.55,42051.87,Supplier_322,0.1721
PRD02683,Scholastic Stationery 3315,Books & Media,Stationery,Scholastic,4849.69,6313.19,Supplier_456,0.2318
PRD02684,Scholastic Books 7823,Books & Media,Books,Scholastic,2337.88,2894.27,Supplier_389,0.1922
PRD02685,Scholastic Books 9314,Books & Media,Books,Scholastic,24682.87,31655.46,Supplier_009,0.2203
PRD02686,Penguin Music & Instruments 3889,Books & Media,Music & Instruments,Penguin,5204.46,7812.34,Supplier_211,0.3338
PRD02687,Harper Collins Books 1289,Books & Media,Books,Harper Collins,23380.79,31130.14,Supplier_053,0.2489
PRD02688,Oxford Music & Instruments 3614,Books & Media,Music & Instruments,Oxford,35935.63,42538.59,Supplier_112,0.1552
PRD02689,Penguin Stationery 9725,Books & Media,Stationery,Penguin,1878.96,2039.61,Supplier_210,0.0788
PRD02690,Scholastic Books 3525,Books & Media,Books,Scholastic,32168.81,48195.53,Supplier_048,0.3325
PRD02691,Harper Collins Stationery 4201,Books & Media,Stationery,Harper Collins,30608.11,34401.98,Supplier_406,0.1103
PRD02692,Harper Collins Music & Instruments 8964,Books & Media,Music & Instruments,Harper Collins,2256.32,3167.49,Supplier_086,0.2877
PRD02693,Penguin Music & Instruments 3644,Books & Media,Music & Instruments,Penguin,46315.1,60676.87,Supplier_408,0.2367
PRD02694,Scholastic Stationery 3857,Books & Media,Stationery,Scholastic,5049.67,6649.1,Supplier_474,0.2405
PRD02695,Scholastic Music & Instruments 5947,Books & Media,Music & Instruments,Scholastic,54.64,76.89,Supplier_386,0.2894
PRD02696,Harper Collins Stationery 9466,Books & Media,Stationery,Harper Collins,1393.62,1568.98,Supplier_011,0.1118
PRD02697,Scholastic Music & Instruments 3937,Books & Media,Music & Instruments,Scholastic,9667.6,14177.42,Supplier_378,0.3181
PRD02698,Harper Collins Books 2272,Books & Media,Books,Harper Collins,9833.01,11585.88,Supplier_152,0.1513
PRD02699,Penguin Stationery 2303,Books & Media,Stationery,Penguin,33099.98,39258.03,Supplier_017,0.1569
PRD02700,Harper Collins Books 5008,Books & Media,Books,Harper Collins,18363.79,26363.0,Supplier_428,0.3034
PRD02701,Oxford Music & Instruments 2706,Books & Media,Music & Instruments,Oxford,7738.78,8588.0,Supplier_243,0.0989
PRD02702,Penguin Stationery 2968,Books & Media,Stationery,Penguin,8610.19,9441.17,Supplier_351,0.088
PRD02703,Penguin Stationery 1299,Books & Media,Stationery,Penguin,4287.12,4947.51,Supplier_079,0.1335
PRD02704,Penguin Stationery 2822,Books & Media,Stationery,Penguin,21759.19,30655.5,Supplier_137,0.2902
PRD02705,Scholastic Music & Instruments 9836,Books & Media,Music & Instruments,Scholastic,44325.09,51150.12,Supplier_273,0.1334
PRD02706,Harper Collins Music & Instruments 7392,Books & Media,Music & Instruments,Harper Collins,47683.22,61020.05,Supplier_143,0.2186
PRD02707,Scholastic Stationery 428,Books & Media,Stationery,Scholastic,30333.75,45965.34,Supplier_101,0.3401
PRD02708,Scholastic Stationery 1591,Books & Media,Stationery,Scholastic,18807.53,25045.24,Supplier_448,0.2491
PRD02709,Penguin Music & Instruments 981,Books & Media,Music & Instruments,Penguin,39840.26,45401.41,Supplier_118,0.1225
PRD02710,Penguin Music & Instruments 9613,Books & Media,Music & Instruments,Penguin,28025.24,35464.97,Supplier_365,0.2098
PRD02711,Harper Collins Music & Instruments 3897,Books & Media,Music & Instruments,Harper Collins,2688.94,3131.28,Supplier_410,0.1413
PRD02712,Harper Collins Books 9007,Books & Media,Books,Harper Collins,45404.66,59886.73,Supplier_453,0.2418
PRD02713,Harper Collins Books 8702,Books & Media,Books,Harper Collins,26973.19,30190.47,Supplier_276,0.1066
PRD02714,Scholastic Books 3021,Books & Media,Books,Scholastic,13093.95,17519.53,Supplier_023,0.2526
PRD02715,Oxford Stationery 3712,Books & Media,Stationery,Oxford,42519.74,50024.1,Supplier_358,0.15
PRD02716,Penguin Music & Instruments 1270,Books & Media,Music & Instruments,Penguin,25921.86,35608.21,Supplier_217,0.272
PRD02717,Penguin Music & Instruments 2797,Books & Media,Music & Instruments,Penguin,36900.17,45433.92,Supplier_349,0.1878
PRD02718,Scholastic Stationery 547,Books & Media,Stationery,Scholastic,1546.51,2226.63,Supplier_397,0.3054
PRD02719,Penguin Music & Instruments 1470,Books & Media,Music & Instruments,Penguin,43151.15,61268.26,Supplier_166,0.2957
PRD02720,Penguin Books 1709,Books & Media,Books,Penguin,4177.5,4885.58,Supplier_225,0.1449
PRD02721,Scholastic Music & Instruments 523,Books & Media,Music & Instruments,Scholastic,2909.52,4004.95,Supplier_369,0.2735
PRD02722,Scholastic Books 8357,Books & Media,Books,Scholastic,15676.56,21883.29,Supplier_331,0.2836
PRD02723,Scholastic Stationery 2523,Books & Media,Stationery,Scholastic,13077.16,14646.01,Supplier_308,0.1071
PRD02724,Oxford Music & Instruments 1355,Books & Media,Music & Instruments,Oxford,14394.83,19079.55,Supplier_078,0.2455
PRD02725,Scholastic Books 5246,Books & Media,Books,Scholastic,25095.7,36401.45,Supplier_195,0.3106
PRD02726,Penguin Stationery 823,Books & Media,Stationery,Penguin,25381.83,32987.17,Supplier_307,0.2306
PRD02727,Penguin Books 6291,Books & Media,Books,Penguin,33118.75,49556.33,Supplier_177,0.3317
PRD02728,Scholastic Music & Instruments 4606,Books & Media,Music & Instruments,Scholastic,4479.99,6362.63,Supplier_272,0.2959
PRD02729,Oxford Books 6866,Books & Media,Books,Oxford,18917.17,21523.63,Supplier_077,0.1211
PRD02730,Harper Collins Stationery 902,Books & Media,Stationery,Harper Collins,49533.84,62100.38,Supplier_188,0.2024
PRD02731,Harper Collins Stationery 786,Books & Media,Stationery,Harper Collins,39267.74,49336.11,Supplier_283,0.2041
PRD02732,Penguin Music & Instruments 3506,Books & Media,Music & Instruments,Penguin,31269.59,34550.62,Supplier_124,0.095
PRD02733,Oxford Stationery 378,Books & Media,Stationery,Oxford,30923.65,44828.96,Supplier_396,0.3102
PRD02734,Harper Collins Music & Instruments 869,Books & Media,Music & Instruments,Harper Collins,6332.05,7019.3,Supplier_476,0.0979
PRD02735,Oxford Books 9206,Books & Media,Books,Oxford,12678.12,16842.0,Supplier_469,0.2472
PRD02736,Penguin Music & Instruments 3007,Books & Media,Music & Instruments,Penguin,13117.31,18687.5,Supplier_281,0.2981
PRD02737,Oxford Stationery 3276,Books & Media,Stationery,Oxford,44028.68,52703.97,Supplier_194,0.1646
PRD02738,Harper Collins Music & Instruments 4487,Books & Media,Music & Instruments,Harper Collins,26439.65,29352.19,Supplier_125,0.0992
PRD02739,Penguin Books 4935,Books & Media,Books,Penguin,7117.97,9025.86,Supplier_372,0.2114
PRD02740,Scholastic Books 4076,Books & Media,Books,Scholastic,20411.68,23566.07,Supplier_451,0.1339
PRD02741,Harper Collins Stationery 8756,Books & Media,Stationery,Harper Collins,18444.41,26206.88,Supplier_221,0.2962
PRD02742,Penguin Books 1446,Books & Media,Books,Penguin,15513.77,22429.79,Supplier_237,0.3083
PRD02743,Oxford Books 6487,Books & Media,Books,Oxford,14616.68,22533.63,Supplier_081,0.3513
PRD02744,Scholastic Stationery 793,Books & Media,Stationery,Scholastic,37895.02,56355.52,Supplier_096,0.3276
PRD02745,Harper Collins Stationery 9004,Books & Media,Stationery,Harper Collins,36070.15,45212.22,Supplier_350,0.2022
PRD02746,Scholastic Books 481,Books & Media,Books,Scholastic,9624.02,14308.7,Supplier_343,0.3274
PRD02747,Oxford Books 4684,Books & Media,Books,Oxford,18894.69,24057.85,Supplier_442,0.2146
PRD02748,Penguin Stationery 6135,Books & Media,Stationery,Penguin,38613.24,54964.66,Supplier_124,0.2975
PRD02749,Harper Collins Music & Instruments 2299,Books & Media,Music & Instruments,Harper Collins,41529.26,50227.71,Supplier_239,0.1732
PRD02750,Penguin Music & Instruments 4846,Books & Media,Music & Instruments,Penguin,33700.21,41780.4,Supplier_352,0.1934
PRD02751,Penguin Music & Instruments 3452,Books & Media,Music & Instruments,Penguin,49656.65,60429.5,Supplier_470,0.1783
PRD02752,Harper Collins Books 3283,Books & Media,Books,Harper Collins,48488.11,71144.21,Supplier_425,0.3185
PRD02753,Scholastic Music & Instruments 2101,Books & Media,Music & Instruments,Scholastic,29376.72,43925.12,Supplier_203,0.3312
PRD02754,Harper Collins Music & Instruments 1575,Books & Media,Music & Instruments,Harper Collins,40344.91,58854.98,Supplier_049,0.3145
PRD02755,Oxford Music & Instruments 2127,Books & Media,Music & Instruments,Oxford,26334.26,37368.01,Supplier_279,0.2953
PRD02756,Harper Collins Books 3343,Books & Media,Books,Harper Collins,12092.76,13579.77,Supplier_253,0.1095
PRD02757,Harper Collins Books 3798,Books & Media,Books,Harper Collins,20279.48,24980.66,Supplier_021,0.1882
PRD02758,Penguin Stationery 8372,Books & Media,Stationery,Penguin,36181.87,55337.24,Supplier_255,0.3462
PRD02759,Oxford Stationery 6771,Books & Media,Stationery,Oxford,4810.62,7367.69,Supplier_399,0.3471
PRD02760,Penguin Music & Instruments 535,Books & Media,Music & Instruments,Penguin,583.06,680.35,Supplier_416,0.143
PRD02761,Penguin Books 9106,Books & Media,Books,Penguin,16762.69,21373.45,Supplier_066,0.2157
PRD02762,Penguin Music & Instruments 7837,Books & Media,Music & Instruments,Penguin,12257.07,15411.14,Supplier_327,0.2047
PRD02763,Oxford Music & Instruments 9866,Books & Media,Music & Instruments,Oxford,13231.16,16053.57,Supplier_062,0.1758
PRD02764,Oxford Music & Instruments 3601,Books & Media,Music & Instruments,Oxford,45837.77,68512.44,Supplier_201,0.331
PRD02765,Scholastic Stationery 5199,Books & Media,Stationery,Scholastic,6739.62,7462.34,Supplier_310,0.0968
PRD02766,Penguin Books 9521,Books & Media,Books,Penguin,43548.54,60117.26,Supplier_147,0.2756
PRD02767,Scholastic Books 7920,Books & Media,Books,Scholastic,11330.91,14351.63,Supplier_176,0.2105
PRD02768,Harper Collins Books 2895,Books & Media,Books,Harper Collins,37838.23,48108.33,Supplier_418,0.2135
PRD02769,Harper Collins Music & Instruments 8387,Books & Media,Music & Instruments,Harper Collins,47082.93,64272.3,Supplier_076,0.2674
PRD02770,Harper Collins Books 6952,Books & Media,Books,Harper Collins,22592.03,27958.54,Supplier_040,0.1919
PRD02771,Scholastic Books 4916,Books & Media,Books,Scholastic,46692.2,65688.74,Supplier_067,0.2892
PRD02772,Oxford Music & Instruments 6110,Books & Media,Music & Instruments,Oxford,47036.35,51746.62,Supplier_323,0.091
PRD02773,Scholastic Books 7123,Books & Media,Books,Scholastic,11920.55,18116.0,Supplier_223,0.342
PRD02774,Penguin Music & Instruments 2210,Books & Media,Music & Instruments,Penguin,25991.0,29242.81,Supplier_219,0.1112
PRD02775,Penguin Books 1007,Books & Media,Books,Penguin,47195.21,70376.07,Supplier_267,0.3294
PRD02776,Scholastic Books 1548,Books & Media,Books,Scholastic,19559.96,29256.49,Supplier_419,0.3314
PRD02777,Oxford Books 5349,Books & Media,Books,Oxford,7741.89,10019.13,Supplier_482,0.2273
PRD02778,Harper Collins Music & Instruments 3681,Books & Media,Music & Instruments,Harper Collins,5042.29,5861.61,Supplier_131,0.1398
PRD02779,Scholastic Stationery 9115,Books & Media,Stationery,Scholastic,2650.0,3397.31,Supplier_094,0.22
PRD02780,Penguin Stationery 7054,Books & Media,Stationery,Penguin,24295.04,35915.19,Supplier_391,0.3235
PRD02781,Harper Collins Music & Instruments 4421,Books & Media,Music & Instruments,Harper Collins,31077.87,47935.82,Supplier_149,0.3517
PRD02782,Penguin Music & Instruments 9185,Books & Media,Music & Instruments,Penguin,5835.64,7136.3,Supplier_003,0.1823
PRD02783,Oxford Music & Instruments 3989,Books & Media,Music & Instruments,Oxford,39023.15,48428.76,Supplier_245,0.1942
PRD02784,Harper Collins Music & Instruments 6232,Books & Media,Music & Instruments,Harper Collins,20402.49,24067.22,Supplier_315,0.1523
PRD02785,Penguin Music & Instruments 7497,Books & Media,Music & Instruments,Penguin,2717.35,3786.63,Supplier_354,0.2824
PRD02786,Penguin Music & Instruments 6133,Books & Media,Music & Instruments,Penguin,30303.82,33404.53,Supplier_290,0.0928
PRD02787,Penguin Music & Instruments 3078,Books & Media,Music & Instruments,Penguin,40174.16,48783.86,Supplier_479,0.1765
PRD02788,Oxford Books 2813,Books & Media,Books,Oxford,49595.11,67149.92,Supplier_207,0.2614
PRD02789,Oxford Music & Instruments 6258,Books & Media,Music & Instruments,Oxford,38343.09,51731.58,Supplier_446,0.2588
PRD02790,Scholastic Music & Instruments 9935,Books & Media,Music & Instruments,Scholastic,41522.6,57368.55,Supplier_382,0.2762
PRD02791,Oxford Music & Instruments 2478,Books & Media,Music & Instruments,Oxford,4528.25,6001.92,Supplier_275,0.2455
PRD02792,Oxford Stationery 2507,Books & Media,Stationery,Oxford,31857.01,42921.52,Supplier_170,0.2578
PRD02793,Penguin Music & Instruments 5172,Books & Media,Music & Instruments,Penguin,14755.65,21292.12,Supplier_292,0.307
PRD02794,Harper Collins Music & Instruments 1875,Books & Media,Music & Instruments,Harper Collins,47666.76,71431.2,Supplier_095,0.3327
PRD02795,Scholastic Books 7143,Books & Media,Books,Scholastic,39037.38,56403.02,Supplier_207,0.3079
PRD02796,Penguin Music & Instruments 9240,Books & Media,Music & Instruments,Penguin,20420.56,28769.47,Supplier_243,0.2902
PRD02797,Oxford Books 6943,Books & Media,Books,Oxford,32029.96,41474.8,Supplier_498,0.2277
PRD02798,Oxford Books 9302,Books & Media,Books,Oxford,8737.04,10322.61,Supplier_483,0.1536
PRD02799,Harper Collins Music & Instruments 9969,Books & Media,Music & Instruments,Harper Collins,26023.69,30801.29,Supplier_465,0.1551
PRD02800,Harper Collins Stationery 9293,Books & Media,Stationery,Harper Collins,44931.17,59511.25,Supplier_388,0.245
PRD02801,Scholastic Books 6776,Books & Media,Books,Scholastic,41409.28,62184.64,Supplier_455,0.3341
PRD02802,Penguin Music & Instruments 9377,Books & Media,Music & Instruments,Penguin,49080.82,73820.34,Supplier_313,0.3351
PRD02803,Scholastic Stationery 2512,Books & Media,Stationery,Scholastic,1545.5,2253.58,Supplier_208,0.3142
PRD02804,Scholastic Music & Instruments 4458,Books & Media,Music & Instruments,Scholastic,27247.8,31305.21,Supplier_048,0.1296
PRD02805,Oxford Music & Instruments 1292,Books & Media,Music & Instruments,Oxford,28667.02,35604.93,Supplier_473,0.1949
PRD02806,Penguin Books 1709,Books & Media,Books,Penguin,28111.61,41046.01,Supplier_345,0.3151
PRD02807,Harper Collins Music & Instruments 5239,Books & Media,Music & Instruments,Harper Collins,38336.23,55947.87,Supplier_293,0.3148
PRD02808,Penguin Stationery 4475,Books & Media,Stationery,Penguin,12633.93,14784.97,Supplier_205,0.1455
PRD02809,Harper Collins Music & Instruments 5191,Books & Media,Music & Instruments,Harper Collins,12068.01,17549.94,Supplier_436,0.3124
PRD02810,Scholastic Music & Instruments 582,Books & Media,Music & Instruments,Scholastic,31320.76,34423.53,Supplier_427,0.0901
PRD02811,Oxford Books 8519,Books & Media,Books,Oxford,37629.03,40656.65,Supplier_223,0.0745
PRD02812,Oxford Music & Instruments 1003,Books & Media,Music & Instruments,Oxford,45371.58,57302.7,Supplier_060,0.2082
PRD02813,Harper Collins Stationery 5586,Books & Media,Stationery,Harper Collins,3799.08,5296.33,Supplier_422,0.2827
PRD02814,Penguin Books 1017,Books & Media,Books,Penguin,47269.91,59387.08,Supplier_314,0.204
PRD02815,Scholastic Music & Instruments 1298,Books & Media,Music & Instruments,Scholastic,4051.22,5574.62,Supplier_440,0.2733
PRD02816,Scholastic Music & Instruments 3003,Books & Media,Music & Instruments,Scholastic,2763.46,3514.19,Supplier_442,0.2136
PRD02817,Harper Collins Music & Instruments 6836,Books & Media,Music & Instruments,Harper Collins,43598.44,66541.21,Supplier_322,0.3448
PRD02818,Penguin Books 4684,Books & Media,Books,Penguin,36512.32,43217.44,Supplier_139,0.1551
PRD02819,Oxford Books 6501,Books & Media,Books,Oxford,22060.45,30034.26,Supplier_084,0.2655
PRD02820,Oxford Books 6844,Books & Media,Books,Oxford,44277.5,62928.51,Supplier_344,0.2964
PRD02821,Harper Collins Books 1608,Books & Media,Books,Harper Collins,17260.3,23147.24,Supplier_382,0.2543
PRD02822,Oxford Stationery 2737,Books & Media,Stationery,Oxford,46145.3,69857.17,Supplier_290,0.3394
PRD02823,Penguin Music & Instruments 6609,Books & Media,Music & Instruments,Penguin,38467.2,46309.38,Supplier_480,0.1693
PRD02824,Scholastic Music & Instruments 3420,Books & Media,Music & Instruments,Scholastic,3404.55,3989.37,Supplier_233,0.1466
PRD02825,Penguin Books 5247,Books & Media,Books,Penguin,46865.22,71632.12,Supplier_184,0.3458
PRD02826,Harper Collins Music & Instruments 6675,Books & Media,Music & Instruments,Harper Collins,10170.8,15362.33,Supplier_056,0.3379
PRD02827,Penguin Stationery 2791,Books & Media,Stationery,Penguin,23239.54,27336.93,Supplier_348,0.1499
PRD02828,Penguin Books 1945,Books & Media,Books,Penguin,30166.21,32586.09,Supplier_113,0.0743
PRD02829,Harper Collins Stationery 5306,Books & Media,Stationery,Harper Collins,41267.11,63567.27,Supplier_068,0.3508
PRD02830,Oxford Stationery 6260,Books & Media,Stationery,Oxford,27328.33,42056.21,Supplier_063,0.3502
PRD02831,Harper Collins Books 9032,Books & Media,Books,Harper Collins,22402.09,33579.8,Supplier_152,0.3329
PRD02832,Scholastic Stationery 2863,Books & Media,Stationery,Scholastic,29648.12,42136.32,Supplier_443,0.2964
PRD02833,Scholastic Music & Instruments 4917,Books & Media,Music & Instruments,Scholastic,2436.89,3621.55,Supplier_262,0.3271
PRD02834,Penguin Books 966,Books & Media,Books,Penguin,21586.43,26202.42,Supplier_122,0.1762
PRD02835,Harper Collins Stationery 6626,Books & Media,Stationery,Harper Collins,34118.33,50189.43,Supplier_241,0.3202
PRD02836,Penguin Music & Instruments 8286,Books & Media,Music & Instruments,Penguin,46387.81,69830.82,Supplier_342,0.3357
PRD02837,Harper Collins Music & Instruments 2745,Books & Media,Music & Instruments,Harper Collins,45762.77,51040.77,Supplier_328,0.1034
PRD02838,Oxford Books 3088,Books & Media,Books,Oxford,44718.6,60675.39,Supplier_053,0.263
PRD02839,Harper Collins Music & Instruments 6979,Books & Media,Music & Instruments,Harper Collins,13091.86,19865.26,Supplier_088,0.341
PRD02840,Scholastic Music & Instruments 7275,Books & Media,Music & Instruments,Scholastic,36740.67,48163.85,Supplier_120,0.2372
PRD02841,Harper Collins Stationery 1983,Books & Media,Stationery,Harper Collins,43742.93,58331.16,Supplier_435,0.2501
PRD02842,Harper Collins Music & Instruments 6791,Books & Media,Music & Instruments,Harper Collins,27198.41,42105.32,Supplier_015,0.354
PRD02843,Harper Collins Stationery 475,Books & Media,Stationery,Harper Collins,28642.65,36987.18,Supplier_253,0.2256
PRD02844,Oxford Music & Instruments 2049,Books & Media,Music & Instruments,Oxford,20168.93,30570.84,Supplier_233,0.3403
PRD02845,Penguin Stationery 3965,Books & Media,Stationery,Penguin,20162.83,30666.68,Supplier_461,0.3425
PRD02846,Harper Collins Stationery 136,Books & Media,Stationery,Harper Collins,43012.05,46765.59,Supplier_193,0.0803
PRD02847,Harper Collins Music & Instruments 3056,Books & Media,Music & Instruments,Harper Collins,4263.41,6289.04,Supplier_115,0.3221
PRD02848,Scholastic Music & Instruments 6544,Books & Media,Music & Instruments,Scholastic,16428.14,18971.74,Supplier_348,0.1341
PRD02849,Scholastic Music & Instruments 7428,Books & Media,Music & Instruments,Scholastic,790.87,978.68,Supplier_480,0.1919
PRD02850,Scholastic Books 1293,Books & Media,Books,Scholastic,20276.49,23331.35,Supplier_268,0.1309
PRD02851,Harper Collins Music & Instruments 5463,Books & Media,Music & Instruments,Harper Collins,3684.03,4966.77,Supplier_291,0.2583
PRD02852,Oxford Stationery 9234,Books & Media,Stationery,Oxford,37760.4,57728.06,Supplier_303,0.3459
PRD02853,Scholastic Music & Instruments 8977,Books & Media,Music & Instruments,Scholastic,11799.2,16200.48,Supplier_148,0.2717
PRD02854,Penguin Music & Instruments 719,Books & Media,Music & Instruments,Penguin,47656.69,54311.03,Supplier_436,0.1225
PRD02855,Penguin Stationery 3865,Books & Media,Stationery,Penguin,47572.43,66846.06,Supplier_340,0.2883
PRD02856,Oxford Music & Instruments 4208,Books & Media,Music & Instruments,Oxford,48751.72,66359.12,Supplier_260,0.2653
PRD02857,Harper Collins Stationery 8491,Books & Media,Stationery,Harper Collins,14941.96,20390.26,Supplier_284,0.2672
PRD02858,Penguin Music & Instruments 7503,Books & Media,Music & Instruments,Penguin,32381.17,39287.3,Supplier_321,0.1758
PRD02859,Oxford Music & Instruments 686,Books & Media,Music & Instruments,Oxford,48123.38,68963.3,Supplier_356,0.3022
PRD02860,Oxford Music & Instruments 3954,Books & Media,Music & Instruments,Oxford,4628.7,7008.39,Supplier_459,0.3395
PRD02861,Oxford Music & Instruments 8935,Books & Media,Music & Instruments,Oxford,22406.58,29228.77,Supplier_394,0.2334
PRD02862,Harper Collins Music & Instruments 4603,Books & Media,Music & Instruments,Harper Collins,1359.58,1861.71,Supplier_195,0.2697
PRD02863,Penguin Books 7659,Books & Media,Books,Penguin,35984.47,50088.06,Supplier_254,0.2816
PRD02864,Oxford Music & Instruments 9514,Books & Media,Music & Instruments,Oxford,19254.5,22151.55,Supplier_469,0.1308
PRD02865,Oxford Stationery 2221,Books & Media,Stationery,Oxford,35941.06,41416.33,Supplier_164,0.1322
PRD02866,Harper Collins Music & Instruments 8818,Books & Media,Music & Instruments,Harper Collins,24720.66,35409.61,Supplier_163,0.3019
PRD02867,Penguin Music & Instruments 3990,Books & Media,Music & Instruments,Penguin,19959.75,23303.64,Supplier_189,0.1435
PRD02868,Scholastic Books 6004,Books & Media,Books,Scholastic,44156.87,61460.97,Supplier_387,0.2815
PRD02869,Oxford Stationery 7581,Books & Media,Stationery,Oxford,36398.05,44987.34,Supplier_292,0.1909
PRD02870,Penguin Books 8976,Books & Media,Books,Penguin,33666.91,39017.33,Supplier_091,0.1371
PRD02871,Scholastic Music & Instruments 3090,Books & Media,Music & Instruments,Scholastic,42631.46,51418.3,Supplier_479,0.1709
PRD02872,Oxford Music & Instruments 2399,Books & Media,Music & Instruments,Oxford,23061.26,29177.37,Supplier_181,0.2096
PRD02873,Scholastic Music & Instruments 2280,Books & Media,Music & Instruments,Scholastic,9325.16,11152.09,Supplier_350,0.1638
PRD02874,Scholastic Music & Instruments 3740,Books & Media,Music & Instruments,Scholastic,39487.28,58055.97,Supplier_444,0.3198
PRD02875,Penguin Books 1404,Books & Media,Books,Penguin,17042.29,19722.67,Supplier_351,0.1359
PRD02876,Scholastic Music & Instruments 8018,Books & Media,Music & Instruments,Scholastic,9370.76,13474.25,Supplier_092,0.3045
PRD02877,Oxford Stationery 6713,Books & Media,Stationery,Oxford,8425.58,11378.4,Supplier_485,0.2595
PRD02878,Harper Collins Music & Instruments 8779,Books & Media,Music & Instruments,Harper Collins,43423.3,51433.47,Supplier_312,0.1557
PRD02879,Scholastic Music & Instruments 8365,Books & Media,Music & Instruments,Scholastic,5155.93,7653.52,Supplier_055,0.3263
PRD02880,Oxford Music & Instruments 8122,Books & Media,Music & Instruments,Oxford,18493.11,20195.58,Supplier_266,0.0843
PRD02881,Oxford Stationery 356,Books & Media,Stationery,Oxford,47481.38,63747.64,Supplier_313,0.2552
PRD02882,Oxford Stationery 4387,Books & Media,Stationery,Oxford,38661.51,46975.02,Supplier_115,0.177
PRD02883,Harper Collins Books 8493,Books & Media,Books,Harper Collins,15365.64,21095.41,Supplier_423,0.2716
PRD02884,Penguin Music & Instruments 7984,Books & Media,Music & Instruments,Penguin,46319.62,52489.51,Supplier_307,0.1175
PRD02885,Harper Collins Stationery 5565,Books & Media,Stationery,Harper Collins,2392.15,3169.9,Supplier_298,0.2454
PRD02886,Scholastic Books 6067,Books & Media,Books,Scholastic,39682.9,44461.7,Supplier_108,0.1075
PRD02887,Scholastic Stationery 1861,Books & Media,Stationery,Scholastic,4455.95,5427.42,Supplier_168,0.179
PRD02888,Harper Collins Stationery 6098,Books & Media,Stationery,Harper Collins,5405.75,7690.21,Supplier_318,0.2971
PRD02889,Oxford Books 8693,Books & Media,Books,Oxford,23818.99,35194.02,Supplier_050,0.3232
PRD02890,Oxford Books 363,Books & Media,Books,Oxford,22393.98,27525.35,Supplier_492,0.1864
PRD02891,Scholastic Music & Instruments 1887,Books & Media,Music & Instruments,Scholastic,47638.89,54801.52,Supplier_146,0.1307
PRD02892,Penguin Books 6373,Books & Media,Books,Penguin,38827.87,45170.12,Supplier_316,0.1404
PRD02893,Penguin Music & Instruments 9299,Books & Media,Music & Instruments,Penguin,34819.14,46175.36,Supplier_031,0.2459
PRD02894,Harper Collins Music & Instruments 6014,Books & Media,Music & Instruments,Harper Collins,37900.35,41052.2,Supplier_067,0.0768
PRD02895,Scholastic Books 5521,Books & Media,Books,Scholastic,20139.57,30176.87,Supplier_286,0.3326
PRD02896,Oxford Stationery 9661,Books & Media,Stationery,Oxford,2965.54,3655.01,Supplier_260,0.1886
PRD02897,Oxford Stationery 2845,Books & Media,Stationery,Oxford,26968.8,32669.54,Supplier_071,0.1745
PRD02898,Scholastic Stationery 4681,Books & Media,Stationery,Scholastic,25534.91,39376.93,Supplier_278,0.3515
PRD02899,Scholastic Music & Instruments 6059,Books & Media,Music & Instruments,Scholastic,36657.75,46860.46,Supplier_408,0.2177
PRD02900,Scholastic Stationery 2044,Books & Media,Stationery,Scholastic,8929.87,10185.24,Supplier_496,0.1233
PRD02901,Oxford Books 202,Books & Media,Books,Oxford,49270.04,53799.73,Supplier_452,0.0842
PRD02902,Penguin Books 3861,Books & Media,Books,Penguin,7839.36,9597.07,Supplier_301,0.1832
PRD02903,Harper Collins Music & Instruments 1996,Books & Media,Music & Instruments,Harper Collins,3683.77,4387.8,Supplier_410,0.1605
PRD02904,Scholastic Stationery 5669,Books & Media,Stationery,Scholastic,3508.67,3798.55,Supplier_247,0.0763
PRD02905,Harper Collins Books 3084,Books & Media,Books,Harper Collins,31689.22,40564.45,Supplier_350,0.2188
PRD02906,Scholastic Books 8698,Books & Media,Books,Scholastic,15197.96,22493.4,Supplier_316,0.3243
PRD02907,Oxford Stationery 8138,Books & Media,Stationery,Oxford,29342.35,45413.07,Supplier_074,0.3539
PRD02908,Harper Collins Stationery 7326,Books & Media,Stationery,Harper Collins,21182.46,31825.98,Supplier_369,0.3344
PRD02909,Oxford Stationery 6101,Books & Media,Stationery,Oxford,7527.75,8152.49,Supplier_434,0.0766
PRD02910,Harper Collins Music & Instruments 1240,Books & Media,Music & Instruments,Harper Collins,45966.09,55863.47,Supplier_270,0.1772
PRD02911,Harper Collins Books 1834,Books & Media,Books,Harper Collins,35392.91,51660.65,Supplier_378,0.3149
PRD02912,Harper Collins Books 2446,Books & Media,Books,Harper Collins,41825.12,47653.82,Supplier_450,0.1223
PRD02913,Penguin Music & Instruments 1066,Books & Media,Music & Instruments,Penguin,31364.25,43072.9,Supplier_194,0.2718
PRD02914,Penguin Music & Instruments 6905,Books & Media,Music & Instruments,Penguin,44279.83,58635.69,Supplier_135,0.2448
PRD02915,Harper Collins Stationery 5752,Books & Media,Stationery,Harper Collins,10237.65,13716.31,Supplier_013,0.2536
PRD02916,Harper Collins Music & Instruments 1526,Books & Media,Music & Instruments,Harper Collins,38358.4,48711.02,Supplier_341,0.2125
PRD02917,Harper Collins Stationery 7965,Books & Media,Stationery,Harper Collins,39356.8,59150.53,Supplier_238,0.3346
PRD02918,Scholastic Stationery 4452,Books & Media,Stationery,Scholastic,37353.99,46718.56,Supplier_248,0.2004
PRD02919,Oxford Books 635,Books & Media,Books,Oxford,7780.01,10491.13,Supplier_167,0.2584
PRD02920,Penguin Books 7531,Books & Media,Books,Penguin,25570.86,36936.94,Supplier_196,0.3077
PRD02921,Harper Collins Music & Instruments 9100,Books & Media,Music & Instruments,Harper Collins,36491.33,46142.3,Supplier_445,0.2092
PRD02922,Oxford Books 2976,Books & Media,Books,Oxford,48019.51,66427.67,Supplier_033,0.2771
PRD02923,Harper Collins Stationery 3659,Books & Media,Stationery,Harper Collins,9956.14,14436.3,Supplier_475,0.3103
PRD02924,Harper Collins Music & Instruments 5438,Books & Media,Music & Instruments,Harper Collins,47836.72,72485.11,Supplier_094,0.34
PRD02925,Harper Collins Books 3607,Books & Media,Books,Harper Collins,28853.57,38849.34,Supplier_380,0.2573
PRD02926,Harper Collins Stationery 5456,Books & Media,Stationery,Harper Collins,47769.33,68043.51,Supplier_337,0.298
PRD02927,Penguin Music & Instruments 9121,Books & Media,Music & Instruments,Penguin,32035.86,38156.24,Supplier_074,0.1604
PRD02928,Harper Collins Books 4106,Books & Media,Books,Harper Collins,16288.87,20376.32,Supplier_405,0.2006
PRD02929,Harper Collins Music & Instruments 4470,Books & Media,Music & Instruments,Harper Collins,16044.17,24413.73,Supplier_214,0.3428
PRD02930,Oxford Books 8178,Books & Media,Books,Oxford,36253.06,47042.8,Supplier_113,0.2294
PRD02931,Oxford Books 9455,Books & Media,Books,Oxford,14527.65,22121.14,Supplier_171,0.3433
PRD02932,Scholastic Stationery 8261,Books & Media,Stationery,Scholastic,28901.57,44160.05,Supplier_313,0.3455
PRD02933,Penguin Music & Instruments 9639,Books & Media,Music & Instruments,Penguin,9064.0,11692.64,Supplier_225,0.2248
PRD02934,Harper Collins Books 2755,Books & Media,Books,Harper Collins,28573.61,36770.42,Supplier_029,0.2229
PRD02935,Harper Collins Stationery 8734,Books & Media,Stationery,Harper Collins,33352.69,45362.03,Supplier_467,0.2647
PRD02936,Penguin Stationery 5455,Books & Media,Stationery,Penguin,10751.15,15188.38,Supplier_071,0.2921
PRD02937,Harper Collins Music & Instruments 1714,Books & Media,Music & Instruments,Harper Collins,6576.88,7189.82,Supplier_069,0.0853
PRD02938,Oxford Stationery 989,Books & Media,Stationery,Oxford,36473.69,51839.01,Supplier_281,0.2964
PRD02939,Harper Collins Books 9180,Books & Media,Books,Harper Collins,1930.97,2125.8,Supplier_251,0.0917
PRD02940,Oxford Music & Instruments 9421,Books & Media,Music & Instruments,Oxford,25955.27,34203.34,Supplier_225,0.2411
PRD02941,Harper Collins Stationery 6198,Books & Media,Stationery,Harper Collins,34681.31,49225.3,Supplier_342,0.2955
PRD02942,Scholastic Music & Instruments 6560,Books & Media,Music & Instruments,Scholastic,9273.58,12793.75,Supplier_474,0.2751
PRD02943,Penguin Books 5049,Books & Media,Books,Penguin,10139.66,12276.3,Supplier_121,0.174
PRD02944,Penguin Stationery 9501,Books & Media,Stationery,Penguin,40742.9,60378.42,Supplier_165,0.3252
PRD02945,Oxford Books 2770,Books & Media,Books,Oxford,3367.1,4958.18,Supplier_489,0.3209
PRD02946,Penguin Books 9556,Books & Media,Books,Penguin,1190.89,1369.68,Supplier_086,0.1305
PRD02947,Scholastic Music & Instruments 3357,Books & Media,Music & Instruments,Scholastic,33217.22,37318.33,Supplier_245,0.1099
PRD02948,Harper Collins Stationery 180,Books & Media,Stationery,Harper Collins,2881.6,4227.1,Supplier_296,0.3183
PRD02949,Oxford Stationery 8289,Books & Media,Stationery,Oxford,4178.26,5861.19,Supplier_048,0.2871
PRD02950,Penguin Music & Instruments 2572,Books & Media,Music & Instruments,Penguin,7301.94,8052.26,Supplier_375,0.0932
PRD02951,Penguin Books 7642,Books & Media,Books,Penguin,10401.92,11811.35,Supplier_210,0.1193
PRD02952,Harper Collins Stationery 1562,Books & Media,Stationery,Harper Collins,2722.5,3715.51,Supplier_060,0.2673
PRD02953,Oxford Books 3060,Books & Media,Books,Oxford,20164.68,23005.2,Supplier_022,0.1235
PRD02954,Penguin Books 8769,Books & Media,Books,Penguin,22352.23,31735.91,Supplier_390,0.2957
PRD02955,Harper Collins Stationery 3607,Books & Media,Stationery,Harper Collins,9937.67,13642.41,Supplier_019,0.2716
PRD02956,Harper Collins Stationery 8884,Books & Media,Stationery,Harper Collins,21600.86,26753.47,Supplier_007,0.1926
PRD02957,Harper Collins Music & Instruments 5039,Books & Media,Music & Instruments,Harper Collins,22794.4,34012.21,Supplier_398,0.3298
PRD02958,Penguin Music & Instruments 2985,Books & Media,Music & Instruments,Penguin,7524.11,10902.06,Supplier_052,0.3098
PRD02959,Scholastic Books 6568,Books & Media,Books,Scholastic,1184.34,1589.91,Supplier_321,0.2551
PRD02960,Harper Collins Music & Instruments 9544,Books & Media,Music & Instruments,Harper Collins,46100.35,68418.76,Supplier_341,0.3262
PRD02961,Harper Collins Stationery 2210,Books & Media,Stationery,Harper Collins,7548.9,9170.06,Supplier_009,0.1768
PRD02962,Harper Collins Music & Instruments 5833,Books & Media,Music & Instruments,Harper Collins,35046.25,43890.58,Supplier_370,0.2015
PRD02963,Penguin Stationery 120,Books & Media,Stationery,Penguin,40532.71,57796.08,Supplier_413,0.2987
PRD02964,Scholastic Books 8235,Books & Media,Books,Scholastic,6453.76,9076.85,Supplier_422,0.289
PRD02965,Penguin Books 2424,Books & Media,Books,Penguin,11481.72,14848.79,Supplier_142,0.2268
PRD02966,Oxford Books 8941,Books & Media,Books,Oxford,46761.68,62583.8,Supplier_188,0.2528
PRD02967,Scholastic Stationery 543,Books & Media,Stationery,Scholastic,38140.48,43528.08,Supplier_133,0.1238
PRD02968,Harper Collins Books 981,Books & Media,Books,Harper Collins,1331.0,2056.86,Supplier_217,0.3529
PRD02969,Scholastic Books 9234,Books & Media,Books,Scholastic,30731.85,40113.54,Supplier_254,0.2339
PRD02970,Penguin Stationery 7359,Books & Media,Stationery,Penguin,8359.27,11461.64,Supplier_369,0.2707
PRD02971,Penguin Music & Instruments 466,Books & Media,Music & Instruments,Penguin,21589.53,32063.11,Supplier_212,0.3267
PRD02972,Harper Collins Books 1853,Books & Media,Books,Harper Collins,6367.81,7719.42,Supplier_176,0.1751
PRD02973,Scholastic Stationery 224,Books & Media,Stationery,Scholastic,47648.08,55011.67,Supplier_114,0.1339
PRD02974,Scholastic Music & Instruments 376,Books & Media,Music & Instruments,Scholastic,1667.53,1846.9,Supplier_316,0.0971
PRD02975,Oxford Stationery 7496,Books & Media,Stationery,Oxford,47831.62,64346.98,Supplier_189,0.2567
PRD02976,Scholastic Stationery 9768,Books & Media,Stationery,Scholastic,31164.18,39089.77,Supplier_347,0.2028
PRD02977,Scholastic Stationery 4132,Books & Media,Stationery,Scholastic,14287.93,21095.38,Supplier_129,0.3227
PRD02978,Penguin Stationery 7665,Books & Media,Stationery,Penguin,6886.12,10058.84,Supplier_223,0.3154
PRD02979,Penguin Books 2041,Books & Media,Books,Penguin,2253.97,2497.21,Supplier_409,0.0974
PRD02980,Penguin Music & Instruments 6859,Books & Media,Music & Instruments,Penguin,1984.58,2168.2,Supplier_284,0.0847
PRD02981,Penguin Books 1574,Books & Media,Books,Penguin,22493.82,27213.02,Supplier_251,0.1734
PRD02982,Oxford Books 8568,Books & Media,Books,Oxford,25838.18,34516.07,Supplier_050,0.2514
PRD02983,Scholastic Music & Instruments 599,Books & Media,Music & Instruments,Scholastic,22415.67,25769.55,Supplier_445,0.1301
PRD02984,Penguin Music & Instruments 7693,Books & Media,Music & Instruments,Penguin,48711.35,68732.82,Supplier_044,0.2913
PRD02985,Penguin Books 982,Books & Media,Books,Penguin,20458.91,23073.22,Supplier_237,0.1133
PRD02986,Harper Collins Music & Instruments 4814,Books & Media,Music & Instruments,Harper Collins,16640.36,25548.35,Supplier_185,0.3487
PRD02987,Scholastic Music & Instruments 6663,Books & Media,Music & Instruments,Scholastic,24627.05,28906.31,Supplier_090,0.148
PRD02988,Harper Collins Books 3077,Books & Media,Books,Harper Collins,1288.27,1733.51,Supplier_179,0.2568
PRD02989,Scholastic Music & Instruments 9867,Books & Media,Music & Instruments,Scholastic,22368.65,31553.25,Supplier_130,0.2911
PRD02990,Penguin Stationery 5568,Books & Media,Stationery,Penguin,10267.87,13797.87,Supplier_102,0.2558
PRD02991,Harper Collins Music & Instruments 7300,Books & Media,Music & Instruments,Harper Collins,30367.79,35032.12,Supplier_473,0.1331
PRD02992,Oxford Stationery 2539,Books & Media,Stationery,Oxford,44487.34,57179.59,Supplier_041,0.222
PRD02993,Penguin Stationery 7882,Books & Media,Stationery,Penguin,26254.56,38605.38,Supplier_010,0.3199
PRD02994,Penguin Books 7072,Books & Media,Books,Penguin,48992.15,62190.76,Supplier_052,0.2122
PRD02995,Scholastic Stationery 1211,Books & Media,Stationery,Scholastic,31360.54,34236.89,Supplier_408,0.084
PRD02996,Penguin Books 7757,Books & Media,Books,Penguin,22374.22,29271.24,Supplier_064,0.2356
PRD02997,Penguin Stationery 9693,Books & Media,Stationery,Penguin,1031.41,1431.49,Supplier_121,0.2795
PRD02998,Penguin Music & Instruments 4516,Books & Media,Music & Instruments,Penguin,41036.34,55176.35,Supplier_294,0.2563
PRD02999,Scholastic Books 1177,Books & Media,Books,Scholastic,12502.06,19363.41,Supplier_163,0.3543
PRD03000,Penguin Books 720,Books & Media,Books,Penguin,12813.31,17505.02,Supplier_414,0.268
PRD03001,Scholastic Music & Instruments 8241,Books & Media,Music & Instruments,Scholastic,32346.87,44025.02,Supplier_476,0.2653
PRD03002,Oxford Stationery 3354,Books & Media,Stationery,Oxford,31962.14,44253.9,Supplier_238,0.2778
PRD03003,Oxford Music & Instruments 6362,Books & Media,Music & Instruments,Oxford,34273.53,50122.39,Supplier_309,0.3162
PRD03004,Scholastic Music & Instruments 1731,Books & Media,Music & Instruments,Scholastic,5147.67,7756.49,Supplier_077,0.3363
PRD03005,Oxford Books 7962,Books & Media,Books,Oxford,14368.42,15849.5,Supplier_293,0.0934
PRD03006,Harper Collins Stationery 5380,Books & Media,Stationery,Harper Collins,11703.28,13597.71,Supplier_224,0.1393
PRD03007,Harper Collins Books 9782,Books & Media,Books,Harper Collins,36861.55,56564.39,Supplier_305,0.3483
PRD03008,Penguin Stationery 340,Books & Media,Stationery,Penguin,49783.74,64203.7,Supplier_035,0.2246
PRD03009,Scholastic Music & Instruments 2386,Books & Media,Music & Instruments,Scholastic,8298.88,10643.06,Supplier_014,0.2203
PRD03010,Oxford Books 8956,Books & Media,Books,Oxford,2596.49,3366.48,Supplier_433,0.2287
PRD03011,Penguin Books 2694,Books & Media,Books,Penguin,4496.69,4972.5,Supplier_339,0.0957
PRD03012,Penguin Music & Instruments 4351,Books & Media,Music & Instruments,Penguin,31559.69,43880.81,Supplier_049,0.2808
PRD03013,Penguin Music & Instruments 9464,Books & Media,Music & Instruments,Penguin,11798.78,16537.67,Supplier_263,0.2866
PRD03014,Oxford Music & Instruments 1468,Books & Media,Music & Instruments,Oxford,45046.58,67650.95,Supplier_500,0.3341
PRD03015,Penguin Stationery 9728,Books & Media,Stationery,Penguin,36561.29,48722.52,Supplier_494,0.2496
PRD03016,Penguin Stationery 9055,Books & Media,Stationery,Penguin,40775.18,60353.72,Supplier_476,0.3244
PRD03017,Scholastic Stationery 2070,Books & Media,Stationery,Scholastic,15240.5,17449.96,Supplier_232,0.1266
PRD03018,Harper Collins Stationery 8404,Books & Media,Stationery,Harper Collins,28575.83,36776.13,Supplier_192,0.223
PRD03019,Penguin Stationery 520,Books & Media,Stationery,Penguin,26978.03,29918.79,Supplier_133,0.0983
PRD03020,Penguin Music & Instruments 1635,Books & Media,Music & Instruments,Penguin,20968.44,25801.52,Supplier_425,0.1873
PRD03021,Harper Collins Books 9859,Books & Media,Books,Harper Collins,19043.48,21328.89,Supplier_207,0.1072
PRD03022,Penguin Books 8286,Books & Media,Books,Penguin,46710.73,61663.87,Supplier_346,0.2425
PRD03023,Scholastic Music & Instruments 7038,Books & Media,Music & Instruments,Scholastic,39583.59,53911.02,Supplier_287,0.2658
PRD03024,Harper Collins Music & Instruments 9579,Books & Media,Music & Instruments,Harper Collins,23194.79,33250.05,Supplier_483,0.3024
PRD03025,Oxford Music & Instruments 806,Books & Media,Music & Instruments,Oxford,33245.94,36687.29,Supplier_302,0.0938
PRD03026,Harper Collins Stationery 1548,Books & Media,Stationery,Harper Collins,35683.43,42876.0,Supplier_405,0.1678
PRD03027,Oxford Music & Instruments 8199,Books & Media,Music & Instruments,Oxford,5669.03,7260.67,Supplier_461,0.2192
PRD03028,Harper Collins Music & Instruments 9163,Books & Media,Music & Instruments,Harper Collins,8892.61,10791.5,Supplier_286,0.176
PRD03029,Scholastic Books 7640,Books & Media,Books,Scholastic,36157.12,45066.23,Supplier_298,0.1977
PRD03030,Oxford Music & Instruments 7008,Books & Media,Music & Instruments,Oxford,9127.18,12602.8,Supplier_360,0.2758
PRD03031,Scholastic Music & Instruments 9058,Books & Media,Music & Instruments,Scholastic,41762.58,52490.04,Supplier_128,0.2044
PRD03032,Scholastic Music & Instruments 4452,Books & Media,Music & Instruments,Scholastic,46781.05,59962.77,Supplier_232,0.2198
PRD03033,Scholastic Music & Instruments 2605,Books & Media,Music & Instruments,Scholastic,7626.89,9828.43,Supplier_288,0.224
PRD03034,Penguin Stationery 5925,Books & Media,Stationery,Penguin,19327.46,22325.33,Supplier_297,0.1343
PRD03035,Oxford Books 105,Books & Media,Books,Oxford,13797.1,18446.1,Supplier_258,0.252
PRD03036,Harper Collins Music & Instruments 8321,Books & Media,Music & Instruments,Harper Collins,13332.62,16906.58,Supplier_117,0.2114
PRD03037,Penguin Music & Instruments 4335,Books & Media,Music & Instruments,Penguin,44022.7,50388.64,Supplier_203,0.1263
PRD03038,Harper Collins Stationery 7393,Books & Media,Stationery,Harper Collins,49530.23,71019.45,Supplier_309,0.3026
PRD03039,Penguin Music & Instruments 1138,Books & Media,Music & Instruments,Penguin,21274.48,29208.21,Supplier_046,0.2716
PRD03040,Penguin Stationery 9709,Books & Media,Stationery,Penguin,10761.87,15819.49,Supplier_459,0.3197
PRD03041,Harper Collins Music & Instruments 9925,Books & Media,Music & Instruments,Harper Collins,17919.47,25715.89,Supplier_328,0.3032
PRD03042,Harper Collins Books 3595,Books & Media,Books,Harper Collins,35751.0,40425.14,Supplier_244,0.1156
PRD03043,Oxford Music & Instruments 4173,Books & Media,Music & Instruments,Oxford,44727.4,55489.38,Supplier_023,0.1939
PRD03044,Scholastic Stationery 5546,Books & Media,Stationery,Scholastic,27836.87,31298.83,Supplier_400,0.1106
PRD03045,Penguin Music & Instruments 4661,Books & Media,Music & Instruments,Penguin,45504.99,56851.6,Supplier_385,0.1996
PRD03046,Oxford Stationery 1695,Books & Media,Stationery,Oxford,7275.0,8282.93,Supplier_220,0.1217
PRD03047,Penguin Stationery 4582,Books & Media,Stationery,Penguin,43658.44,61453.48,Supplier_015,0.2896
PRD03048,Oxford Music & Instruments 8033,Books & Media,Music & Instruments,Oxford,20133.13,22341.62,Supplier_460,0.0989
PRD03049,Penguin Music & Instruments 4338,Books & Media,Music & Instruments,Penguin,38631.37,44023.74,Supplier_305,0.1225
PRD03050,Penguin Music & Instruments 146,Books & Media,Music & Instruments,Penguin,27357.88,41844.43,Supplier_444,0.3462
PRD03051,Oxford Stationery 4548,Books & Media,Stationery,Oxford,41674.73,47857.86,Supplier_041,0.1292
PRD03052,Scholastic Stationery 1813,Books & Media,Stationery,Scholastic,20714.29,30625.28,Supplier_404,0.3236
PRD03053,Scholastic Books 6269,Books & Media,Books,Scholastic,31146.25,47092.66,Supplier_485,0.3386
PRD03054,Oxford Stationery 4179,Books & Media,Stationery,Oxford,30842.58,41114.69,Supplier_358,0.2498
PRD03055,Oxford Music & Instruments 5205,Books & Media,Music & Instruments,Oxford,34839.14,46624.86,Supplier_477,0.2528
PRD03056,Oxford Music & Instruments 1579,Books & Media,Music & Instruments,Oxford,28382.71,39840.35,Supplier_168,0.2876
PRD03057,Scholastic Stationery 907,Books & Media,Stationery,Scholastic,48945.86,71347.51,Supplier_057,0.314
PRD03058,Harper Collins Books 1059,Books & Media,Books,Harper Collins,36132.96,50563.59,Supplier_433,0.2854
PRD03059,Oxford Music & Instruments 6350,Books & Media,Music & Instruments,Oxford,49734.47,59472.8,Supplier_456,0.1637
PRD03060,Penguin Music & Instruments 1387,Books & Media,Music & Instruments,Penguin,17595.49,19585.19,Supplier_217,0.1016
PRD03061,Penguin Music & Instruments 9197,Books & Media,Music & Instruments,Penguin,11392.11,15494.67,Supplier_414,0.2648
PRD03062,Harper Collins Stationery 2160,Books & Media,Stationery,Harper Collins,21091.38,25242.58,Supplier_052,0.1645
PRD03063,Scholastic Music & Instruments 6309,Books & Media,Music & Instruments,Scholastic,16416.31,22355.11,Supplier_249,0.2657
PRD03064,Penguin Books 9478,Books & Media,Books,Penguin,1287.42,1787.39,Supplier_155,0.2797
PRD03065,Scholastic Books 3031,Books & Media,Books,Scholastic,26541.13,35904.07,Supplier_025,0.2608
PRD03066,Oxford Stationery 4588,Books & Media,Stationery,Oxford,49932.07,69941.45,Supplier_403,0.2861
PRD03067,Oxford Music & Instruments 5455,Books & Media,Music & Instruments,Oxford,21595.43,27489.18,Supplier_405,0.2144
PRD03068,Scholastic Stationery 5191,Books & Media,Stationery,Scholastic,8133.37,11919.37,Supplier_162,0.3176
PRD03069,Scholastic Stationery 8906,Books & Media,Stationery,Scholastic,24526.96,31596.98,Supplier_457,0.2238
PRD03070,Oxford Books 5325,Books & Media,Books,Oxford,39136.72,47942.68,Supplier_494,0.1837
PRD03071,Harper Collins Books 573,Books & Media,Books,Harper Collins,39073.91,56988.3,Supplier_218,0.3144
PRD03072,Harper Collins Books 6726,Books & Media,Books,Harper Collins,42859.01,53731.44,Supplier_449,0.2023
PRD03073,Harper Collins Stationery 6960,Books & Media,Stationery,Harper Collins,42721.7,49840.54,Supplier_173,0.1428
PRD03074,Scholastic Music & Instruments 5572,Books & Media,Music & Instruments,Scholastic,2756.91,3491.21,Supplier_310,0.2103
PRD03075,Scholastic Music & Instruments 7071,Books & Media,Music & Instruments,Scholastic,11483.66,12692.18,Supplier_083,0.0952
PRD03076,Penguin Books 7504,Books & Media,Books,Penguin,8786.65,10704.19,Supplier_220,0.1791
PRD03077,Oxford Stationery 5277,Books & Media,Stationery,Oxford,15565.28,17793.27,Supplier_314,0.1252
PRD03078,Oxford Books 4702,Books & Media,Books,Oxford,1436.06,1604.31,Supplier_364,0.1049
PRD03079,Penguin Books 8347,Books & Media,Books,Penguin,18656.84,28676.19,Supplier_418,0.3494
PRD03080,Oxford Stationery 8895,Books & Media,Stationery,Oxford,49669.01,53785.38,Supplier_008,0.0765
PRD03081,Oxford Books 7983,Books & Media,Books,Oxford,29461.06,45415.11,Supplier_365,0.3513
PRD03082,Harper Collins Stationery 9567,Books & Media,Stationery,Harper Collins,9834.4,10986.91,Supplier_305,0.1049
PRD03083,Oxford Stationery 4576,Books & Media,Stationery,Oxford,46539.72,69889.38,Supplier_229,0.3341
PRD03084,Oxford Books 7063,Books & Media,Books,Oxford,39636.79,58693.71,Supplier_039,0.3247
PRD03085,Penguin Books 8763,Books & Media,Books,Penguin,45980.11,50814.07,Supplier_129,0.0951
PRD03086,Oxford Books 9745,Books & Media,Books,Oxford,17140.41,21976.39,Supplier_374,0.2201
PRD03087,Penguin Stationery 2865,Books & Media,Stationery,Penguin,23087.15,28735.8,Supplier_189,0.1966
PRD03088,Harper Collins Stationery 9233,Books & Media,Stationery,Harper Collins,15522.66,17664.8,Supplier_356,0.1213
PRD03089,Scholastic Books 4496,Books & Media,Books,Scholastic,43938.57,54929.97,Supplier_025,0.2001
PRD03090,Oxford Books 4772,Books & Media,Books,Oxford,12760.51,17696.61,Supplier_334,0.2789
PRD03091,Scholastic Stationery 1356,Books & Media,Stationery,Scholastic,37001.39,55089.11,Supplier_058,0.3283
PRD03092,Harper Collins Books 7431,Books & Media,Books,Harper Collins,7750.48,10967.51,Supplier_147,0.2933
PRD03093,Oxford Music & Instruments 1490,Books & Media,Music & Instruments,Oxford,34124.5,46811.01,Supplier_231,0.271
PRD03094,Oxford Stationery 4908,Books & Media,Stationery,Oxford,38219.66,45640.44,Supplier_331,0.1626
PRD03095,Harper Collins Music & Instruments 9194,Books & Media,Music & Instruments,Harper Collins,24489.8,26802.41,Supplier_276,0.0863
PRD03096,Harper Collins Stationery 5893,Books & Media,Stationery,Harper Collins,40991.4,61566.52,Supplier_366,0.3342
PRD03097,Penguin Books 6441,Books & Media,Books,Penguin,40069.75,44542.24,Supplier_493,0.1004
PRD03098,Penguin Books 3284,Books & Media,Books,Penguin,12783.75,18100.98,Supplier_017,0.2938
PRD03099,Harper Collins Stationery 2472,Books & Media,Stationery,Harper Collins,16283.74,21759.96,Supplier_137,0.2517
PRD03100,Harper Collins Music & Instruments 5106,Books & Media,Music & Instruments,Harper Collins,16584.65,19700.47,Supplier_007,0.1582
PRD03101,Penguin Books 6593,Books & Media,Books,Penguin,25759.38,36478.45,Supplier_226,0.2938
PRD03102,Scholastic Stationery 7062,Books & Media,Stationery,Scholastic,25733.72,28602.3,Supplier_177,0.1003
PRD03103,Scholastic Books 5989,Books & Media,Books,Scholastic,12742.43,19252.43,Supplier_134,0.3381
PRD03104,Oxford Stationery 8866,Books & Media,Stationery,Oxford,2721.69,3619.62,Supplier_451,0.2481
PRD03105,Penguin Stationery 7478,Books & Media,Stationery,Penguin,23781.82,32609.26,Supplier_361,0.2707
PRD03106,Penguin Music & Instruments 5351,Books & Media,Music & Instruments,Penguin,827.7,1160.88,Supplier_124,0.287
PRD03107,Penguin Music & Instruments 8330,Books & Media,Music & Instruments,Penguin,7396.82,9575.57,Supplier_263,0.2275
PRD03108,Scholastic Music & Instruments 9404,Books & Media,Music & Instruments,Scholastic,43712.97,62317.66,Supplier_297,0.2985
PRD03109,Harper Collins Stationery 9911,Books & Media,Stationery,Harper Collins,44245.72,63680.08,Supplier_032,0.3052
PRD03110,Scholastic Stationery 7953,Books & Media,Stationery,Scholastic,24087.98,33974.81,Supplier_054,0.291
PRD03111,Oxford Stationery 3910,Books & Media,Stationery,Oxford,34067.14,40856.13,Supplier_019,0.1662
PRD03112,Oxford Books 2265,Books & Media,Books,Oxford,35538.11,41304.66,Supplier_464,0.1396
PRD03113,Harper Collins Books 3957,Books & Media,Books,Harper Collins,29640.03,34278.25,Supplier_122,0.1353
PRD03114,Penguin Music & Instruments 9106,Books & Media,Music & Instruments,Penguin,7589.85,8599.17,Supplier_256,0.1174
PRD03115,Oxford Books 9382,Books & Media,Books,Oxford,46001.53,53078.62,Supplier_108,0.1333
PRD03116,Penguin Books 3574,Books & Media,Books,Penguin,35598.95,47767.08,Supplier_086,0.2547
PRD03117,Penguin Books 3132,Books & Media,Books,Penguin,2286.87,2595.55,Supplier_118,0.1189
PRD03118,Penguin Books 6423,Books & Media,Books,Penguin,863.06,1212.67,Supplier_237,0.2883
PRD03119,Oxford Stationery 8421,Books & Media,Stationery,Oxford,5774.99,8707.06,Supplier_431,0.3367
PRD03120,Oxford Music & Instruments 9074,Books & Media,Music & Instruments,Oxford,35757.55,40663.5,Supplier_043,0.1206
PRD03121,Harper Collins Stationery 4831,Books & Media,Stationery,Harper Collins,18664.93,27148.59,Supplier_032,0.3125
PRD03122,Harper Collins Music & Instruments 5331,Books & Media,Music & Instruments,Harper Collins,44892.17,54588.91,Supplier_333,0.1776
PRD03123,Penguin Books 8006,Books & Media,Books,Penguin,29502.15,42332.78,Supplier_142,0.3031
PRD03124,Harper Collins Stationery 9745,Books & Media,Stationery,Harper Collins,9789.62,11996.05,Supplier_162,0.1839
PRD03125,Penguin Music & Instruments 376,Books & Media,Music & Instruments,Penguin,1791.72,2102.26,Supplier_235,0.1477
PRD03126,L'Oreal Fragrances 4670,Beauty,Fragrances,L'Oreal,225.24,329.79,Supplier_484,0.317
PRD03127,Biotique Makeup 5529,Beauty,Makeup,Biotique,18990.51,27954.46,Supplier_011,0.3207
PRD03128,Mamaearth Skincare 6488,Beauty,Skincare,Mamaearth,21670.9,32539.65,Supplier_217,0.334
PRD03129,Lakme Makeup 6538,Beauty,Makeup,Lakme,3737.6,5626.37,Supplier_470,0.3357
PRD03130,Himalaya Makeup 3783,Beauty,Makeup,Himalaya,43381.81,61307.63,Supplier_145,0.2924
PRD03131,Mamaearth Skincare 9790,Beauty,Skincare,Mamaearth,27105.61,30555.3,Supplier_138,0.1129
PRD03132,Lakme Fragrances 9302,Beauty,Fragrances,Lakme,26163.5,28441.58,Supplier_390,0.0801
PRD03133,Mamaearth Haircare 9176,Beauty,Haircare,Mamaearth,21013.54,24692.63,Supplier_073,0.149
PRD03134,Biotique Fragrances 6739,Beauty,Fragrances,Biotique,36294.5,48829.27,Supplier_082,0.2567
PRD03135,Biotique Fragrances 3935,Beauty,Fragrances,Biotique,22982.71,24987.96,Supplier_277,0.0802
PRD03136,Biotique Fragrances 9369,Beauty,Fragrances,Biotique,27793.27,41743.32,Supplier_061,0.3342
PRD03137,Biotique Fragrances 8051,Beauty,Fragrances,Biotique,49750.58,69172.89,Supplier_401,0.2808
PRD03138,Himalaya Skincare 7124,Beauty,Skincare,Himalaya,1580.21,2302.9,Supplier_093,0.3138
PRD03139,Mamaearth Makeup 6277,Beauty,Makeup,Mamaearth,42202.45,56871.78,Supplier_012,0.2579
PRD03140,L'Oreal Haircare 7171,Beauty,Haircare,L'Oreal,1162.73,1303.28,Supplier_452,0.1078
PRD03141,Mamaearth Makeup 9558,Beauty,Makeup,Mamaearth,42471.04,58465.55,Supplier_287,0.2736
PRD03142,Mamaearth Haircare 9165,Beauty,Haircare,Mamaearth,783.89,1206.84,Supplier_438,0.3505
PRD03143,Biotique Skincare 1293,Beauty,Skincare,Biotique,18458.76,21143.11,Supplier_402,0.127
PRD03144,Himalaya Fragrances 2029,Beauty,Fragrances,Himalaya,16813.94,20643.26,Supplier_236,0.1855
PRD03145,Mamaearth Fragrances 2360,Beauty,Fragrances,Mamaearth,14574.83,16358.79,Supplier_250,0.1091
PRD03146,Mamaearth Makeup 1682,Beauty,Makeup,Mamaearth,30126.05,43637.81,Supplier_278,0.3096
PRD03147,Himalaya Haircare 6699,Beauty,Haircare,Himalaya,4640.51,6566.33,Supplier_482,0.2933
PRD03148,Mamaearth Haircare 9982,Beauty,Haircare,Mamaearth,13350.24,15439.26,Supplier_483,0.1353
PRD03149,Himalaya Fragrances 974,Beauty,Fragrances,Himalaya,25635.73,28583.6,Supplier_416,0.1031
PRD03150,Himalaya Makeup 9169,Beauty,Makeup,Himalaya,13356.73,15253.23,Supplier_178,0.1243
PRD03151,Himalaya Makeup 5325,Beauty,Makeup,Himalaya,24331.02,35826.31,Supplier_223,0.3209
PRD03152,Lakme Haircare 6115,Beauty,Haircare,Lakme,42253.85,48444.96,Supplier_255,0.1278
PRD03153,Biotique Skincare 1138,Beauty,Skincare,Biotique,952.19,1356.99,Supplier_324,0.2983
PRD03154,L'Oreal Fragrances 6817,Beauty,Fragrances,L'Oreal,46270.77,69511.83,Supplier_141,0.3343
PRD03155,Mamaearth Skincare 4662,Beauty,Skincare,Mamaearth,8625.27,12668.99,Supplier_434,0.3192
PRD03156,L'Oreal Fragrances 5475,Beauty,Fragrances,L'Oreal,25179.78,38076.48,Supplier_455,0.3387
PRD03157,Lakme Makeup 8565,Beauty,Makeup,Lakme,2967.62,3882.16,Supplier_094,0.2356
PRD03158,Himalaya Haircare 2332,Beauty,Haircare,Himalaya,35867.98,42789.57,Supplier_215,0.1618
PRD03159,Mamaearth Skincare 6213,Beauty,Skincare,Mamaearth,47082.8,62848.72,Supplier_004,0.2509
PRD03160,Lakme Fragrances 9315,Beauty,Fragrances,Lakme,2992.93,3726.72,Supplier_329,0.1969
PRD03161,Lakme Skincare 116,Beauty,Skincare,Lakme,5852.62,7343.56,Supplier_313,0.203
PRD03162,Mamaearth Haircare 1511,Beauty,Haircare,Mamaearth,44301.13,50119.08,Supplier_162,0.1161
PRD03163,Mamaearth Haircare 6042,Beauty,Haircare,Mamaearth,4089.5,6108.29,Supplier_117,0.3305
PRD03164,Lakme Fragrances 818,Beauty,Fragrances,Lakme,41049.73,46960.78,Supplier_017,0.1259
PRD03165,Lakme Fragrances 340,Beauty,Fragrances,Lakme,40492.62,55030.07,Supplier_003,0.2642
PRD03166,Himalaya Fragrances 1519,Beauty,Fragrances,Himalaya,45307.25,66605.7,Supplier_450,0.3198
PRD03167,Biotique Makeup 3819,Beauty,Makeup,Biotique,35583.26,50122.21,Supplier_416,0.2901
PRD03168,Biotique Haircare 9198,Beauty,Haircare,Biotique,26119.05,33281.05,Supplier_294,0.2152
PRD03169,Mamaearth Haircare 4671,Beauty,Haircare,Mamaearth,17263.46,23473.71,Supplier_490,0.2646
PRD03170,Lakme Fragrances 8532,Beauty,Fragrances,Lakme,20700.31,29484.9,Supplier_474,0.2979
PRD03171,Mamaearth Haircare 8921,Beauty,Haircare,Mamaearth,10149.12,12443.85,Supplier_043,0.1844
PRD03172,Lakme Haircare 2618,Beauty,Haircare,Lakme,1824.31,2255.17,Supplier_181,0.1911
PRD03173,L'Oreal Fragrances 4962,Beauty,Fragrances,L'Oreal,34245.89,38091.66,Supplier_110,0.101
PRD03174,Mamaearth Makeup 4064,Beauty,Makeup,Mamaearth,12838.88,18475.82,Supplier_173,0.3051
PRD03175,Mamaearth Haircare 4572,Beauty,Haircare,Mamaearth,26520.49,33698.18,Supplier_280,0.213
PRD03176,Lakme Fragrances 9738,Beauty,Fragrances,Lakme,37279.33,48107.79,Supplier_281,0.2251
PRD03177,Himalaya Haircare 8347,Beauty,Haircare,Himalaya,44555.24,67614.63,Supplier_100,0.341
PRD03178,L'Oreal Makeup 4981,Beauty,Makeup,L'Oreal,15930.08,18910.44,Supplier_208,0.1576
PRD03179,Biotique Haircare 7399,Beauty,Haircare,Biotique,2419.27,2992.58,Supplier_418,0.1916
PRD03180,Himalaya Fragrances 7456,Beauty,Fragrances,Himalaya,35249.16,44587.81,Supplier_318,0.2094
PRD03181,Himalaya Makeup 2712,Beauty,Makeup,Himalaya,4049.08,6201.7,Supplier_106,0.3471
PRD03182,Lakme Haircare 5560,Beauty,Haircare,Lakme,29723.63,39657.14,Supplier_462,0.2505
PRD03183,Lakme Makeup 5170,Beauty,Makeup,Lakme,2173.13,2989.37,Supplier_375,0.273
PRD03184,Biotique Skincare 1465,Beauty,Skincare,Biotique,5130.75,6104.46,Supplier_052,0.1595
PRD03185,Biotique Fragrances 412,Beauty,Fragrances,Biotique,47073.12,52935.36,Supplier_073,0.1107
PRD03186,Himalaya Makeup 6474,Beauty,Makeup,Himalaya,35222.77,45410.5,Supplier_028,0.2243
PRD03187,L'Oreal Haircare 6177,Beauty,Haircare,L'Oreal,31710.6,40300.3,Supplier_471,0.2131
PRD03188,Himalaya Haircare 1462,Beauty,Haircare,Himalaya,40887.75,62072.46,Supplier_350,0.3413
PRD03189,Lakme Haircare 3085,Beauty,Haircare,Lakme,44653.79,62221.7,Supplier_225,0.2823
PRD03190,Biotique Makeup 273,Beauty,Makeup,Biotique,17899.35,27424.13,Supplier_081,0.3473
PRD03191,Lakme Fragrances 3615,Beauty,Fragrances,Lakme,3993.05,4520.8,Supplier_442,0.1167
PRD03192,Himalaya Haircare 9737,Beauty,Haircare,Himalaya,48332.29,67070.62,Supplier_133,0.2794
PRD03193,Biotique Fragrances 818,Beauty,Fragrances,Biotique,17022.23,21888.7,Supplier_490,0.2223
PRD03194,Lakme Fragrances 2215,Beauty,Fragrances,Lakme,38261.0,53985.0,Supplier_238,0.2913
PRD03195,Himalaya Skincare 6099,Beauty,Skincare,Himalaya,35429.43,48086.49,Supplier_330,0.2632
PRD03196,L'Oreal Skincare 888,Beauty,Skincare,L'Oreal,33338.03,48998.23,Supplier_005,0.3196
PRD03197,Himalaya Fragrances 5081,Beauty,Fragrances,Himalaya,47871.76,65697.25,Supplier_396,0.2713
PRD03198,L'Oreal Skincare 149,Beauty,Skincare,L'Oreal,34516.97,46671.08,Supplier_143,0.2604
PRD03199,L'Oreal Makeup 7119,Beauty,Makeup,L'Oreal,46887.5,69993.42,Supplier_024,0.3301
PRD03200,Lakme Makeup 1636,Beauty,Makeup,Lakme,3646.83,4452.59,Supplier_490,0.181
PRD03201,Himalaya Haircare 2955,Beauty,Haircare,Himalaya,44030.98,60313.71,Supplier_492,0.27
PRD03202,Himalaya Makeup 6224,Beauty,Makeup,Himalaya,38010.26,45403.5,Supplier_352,0.1628
PRD03203,L'Oreal Makeup 644,Beauty,Makeup,L'Oreal,2332.95,2944.94,Supplier_031,0.2078
PRD03204,Mamaearth Fragrances 414,Beauty,Fragrances,Mamaearth,28491.25,38505.25,Supplier_204,0.2601
PRD03205,Biotique Fragrances 7296,Beauty,Fragrances,Biotique,2986.55,3992.91,Supplier_245,0.252
PRD03206,Lakme Makeup 7947,Beauty,Makeup,Lakme,38925.78,58422.0,Supplier_257,0.3337
PRD03207,L'Oreal Makeup 3275,Beauty,Makeup,L'Oreal,35846.99,54828.54,Supplier_292,0.3462
PRD03208,Himalaya Makeup 6243,Beauty,Makeup,Himalaya,29073.61,44560.97,Supplier_442,0.3476
PRD03209,Lakme Haircare 6276,Beauty,Haircare,Lakme,188.82,247.48,Supplier_389,0.237
PRD03210,Himalaya Haircare 5800,Beauty,Haircare,Himalaya,16438.18,19437.23,Supplier_425,0.1543
PRD03211,Lakme Skincare 5229,Beauty,Skincare,Lakme,24686.85,38094.85,Supplier_131,0.352
PRD03212,Mamaearth Haircare 8902,Beauty,Haircare,Mamaearth,9223.06,10419.39,Supplier_131,0.1148
PRD03213,Biotique Haircare 9482,Beauty,Haircare,Biotique,3104.36,3625.22,Supplier_360,0.1437
PRD03214,L'Oreal Haircare 1660,Beauty,Haircare,L'Oreal,39474.38,48341.36,Supplier_036,0.1834
PRD03215,Lakme Skincare 7010,Beauty,Skincare,Lakme,28587.32,39515.71,Supplier_430,0.2766
PRD03216,Himalaya Skincare 8963,Beauty,Skincare,Himalaya,12252.05,16901.55,Supplier_285,0.2751
PRD03217,Biotique Fragrances 2011,Beauty,Fragrances,Biotique,12701.18,13800.52,Supplier_046,0.0797
PRD03218,Mamaearth Fragrances 206,Beauty,Fragrances,Mamaearth,22231.39,32312.25,Supplier_145,0.312
PRD03219,Mamaearth Makeup 9317,Beauty,Makeup,Mamaearth,16737.45,24971.19,Supplier_285,0.3297
PRD03220,Himalaya Fragrances 1537,Beauty,Fragrances,Himalaya,42867.63,63638.32,Supplier_088,0.3264
PRD03221,Himalaya Fragrances 4036,Beauty,Fragrances,Himalaya,8415.98,9272.9,Supplier_215,0.0924
PRD03222,Lakme Haircare 6162,Beauty,Haircare,Lakme,44242.98,50724.08,Supplier_182,0.1278
PRD03223,Lakme Haircare 504,Beauty,Haircare,Lakme,12828.93,19784.17,Supplier_356,0.3516
PRD03224,Lakme Haircare 5740,Beauty,Haircare,Lakme,45371.18,51443.26,Supplier_432,0.118
PRD03225,L'Oreal Haircare 3064,Beauty,Haircare,L'Oreal,35699.03,47795.41,Supplier_097,0.2531
PRD03226,L'Oreal Fragrances 2900,Beauty,Fragrances,L'Oreal,4993.78,7259.82,Supplier_035,0.3121
PRD03227,Biotique Makeup 8109,Beauty,Makeup,Biotique,39294.53,52083.3,Supplier_371,0.2455
PRD03228,Himalaya Skincare 1936,Beauty,Skincare,Himalaya,28298.89,36331.68,Supplier_258,0.2211
PRD03229,L'Oreal Fragrances 9121,Beauty,Fragrances,L'Oreal,26799.75,33129.54,Supplier_042,0.1911
PRD03230,Biotique Makeup 7807,Beauty,Makeup,Biotique,37493.75,52657.18,Supplier_086,0.288
PRD03231,Mamaearth Skincare 924,Beauty,Skincare,Mamaearth,27822.85,30630.03,Supplier_385,0.0916
PRD03232,L'Oreal Makeup 9993,Beauty,Makeup,L'Oreal,23963.57,34503.38,Supplier_440,0.3055
PRD03233,Lakme Haircare 2632,Beauty,Haircare,Lakme,27397.07,34423.21,Supplier_261,0.2041
PRD03234,L'Oreal Fragrances 5195,Beauty,Fragrances,L'Oreal,40195.11,48626.92,Supplier_444,0.1734
PRD03235,Lakme Skincare 7911,Beauty,Skincare,Lakme,49771.68,56983.99,Supplier_084,0.1266
PRD03236,Lakme Skincare 4925,Beauty,Skincare,Lakme,8922.73,10532.95,Supplier_275,0.1529
PRD03237,L'Oreal Haircare 1069,Beauty,Haircare,L'Oreal,6806.75,10376.15,Supplier_130,0.344
PRD03238,Himalaya Skincare 3563,Beauty,Skincare,Himalaya,13973.29,21575.87,Supplier_375,0.3524
PRD03239,Biotique Haircare 5996,Beauty,Haircare,Biotique,37401.24,41554.21,Supplier_296,0.0999
PRD03240,Lakme Haircare 313,Beauty,Haircare,Lakme,33672.66,48010.08,Supplier_066,0.2986
PRD03241,L'Oreal Skincare 2545,Beauty,Skincare,L'Oreal,48934.84,59220.41,Supplier_113,0.1737
PRD03242,L'Oreal Haircare 2183,Beauty,Haircare,L'Oreal,35861.13,47124.13,Supplier_357,0.239
PRD03243,L'Oreal Skincare 2240,Beauty,Skincare,L'Oreal,18677.89,21874.85,Supplier_258,0.1461
PRD03244,Mamaearth Skincare 4252,Beauty,Skincare,Mamaearth,16806.48,18522.53,Supplier_203,0.0926
PRD03245,Lakme Haircare 5743,Beauty,Haircare,Lakme,34124.99,50085.0,Supplier_367,0.3187
PRD03246,Mamaearth Haircare 9677,Beauty,Haircare,Mamaearth,22873.06,28528.51,Supplier_050,0.1982
PRD03247,L'Oreal Haircare 2752,Beauty,Haircare,L'Oreal,38406.86,53822.6,Supplier_307,0.2864
PRD03248,Mamaearth Skincare 1312,Beauty,Skincare,Mamaearth,34147.68,49926.94,Supplier_241,0.316
PRD03249,Mamaearth Makeup 2707,Beauty,Makeup,Mamaearth,43266.2,47558.73,Supplier_299,0.0903
PRD03250,Lakme Haircare 4162,Beauty,Haircare,Lakme,47208.41,51632.34,Supplier_432,0.0857
PRD03251,Lakme Makeup 2571,Beauty,Makeup,Lakme,31023.43,39219.34,Supplier_291,0.209
PRD03252,L'Oreal Skincare 329,Beauty,Skincare,L'Oreal,46947.35,59966.12,Supplier_257,0.2171
PRD03253,Himalaya Skincare 6943,Beauty,Skincare,Himalaya,20322.85,30400.04,Supplier_431,0.3315
PRD03254,Mamaearth Fragrances 764,Beauty,Fragrances,Mamaearth,47704.63,71184.66,Supplier_197,0.3298
PRD03255,Mamaearth Haircare 8490,Beauty,Haircare,Mamaearth,46496.58,52054.45,Supplier_412,0.1068
PRD03256,Himalaya Fragrances 4801,Beauty,Fragrances,Himalaya,18115.44,22146.17,Supplier_399,0.182
PRD03257,Himalaya Makeup 7169,Beauty,Makeup,Himalaya,32818.55,42245.95,Supplier_201,0.2232
PRD03258,Himalaya Haircare 3781,Beauty,Haircare,Himalaya,30252.73,35354.11,Supplier_291,0.1443
PRD03259,Himalaya Fragrances 6275,Beauty,Fragrances,Himalaya,476.38,659.4,Supplier_086,0.2776
PRD03260,L'Oreal Fragrances 2306,Beauty,Fragrances,L'Oreal,6517.31,7556.19,Supplier_223,0.1375
PRD03261,Lakme Skincare 3646,Beauty,Skincare,Lakme,14811.11,17018.31,Supplier_403,0.1297
PRD03262,L'Oreal Fragrances 9189,Beauty,Fragrances,L'Oreal,45985.78,65633.51,Supplier_357,0.2994
PRD03263,Himalaya Makeup 8532,Beauty,Makeup,Himalaya,33691.63,37992.82,Supplier_436,0.1132
PRD03264,Biotique Skincare 9834,Beauty,Skincare,Biotique,36760.86,56100.66,Supplier_487,0.3447
PRD03265,Biotique Skincare 4033,Beauty,Skincare,Biotique,46518.74,53465.56,Supplier_371,0.1299
PRD03266,Lakme Makeup 6330,Beauty,Makeup,Lakme,32917.85,44383.8,Supplier_135,0.2583
PRD03267,L'Oreal Haircare 2295,Beauty,Haircare,L'Oreal,28007.3,40844.42,Supplier_369,0.3143
PRD03268,Mamaearth Makeup 6090,Beauty,Makeup,Mamaearth,48706.71,56876.27,Supplier_342,0.1436
PRD03269,Himalaya Skincare 4371,Beauty,Skincare,Himalaya,26604.86,31545.62,Supplier_487,0.1566
PRD03270,Lakme Haircare 1389,Beauty,Haircare,Lakme,40455.39,48272.03,Supplier_362,0.1619
PRD03271,Biotique Makeup 4475,Beauty,Makeup,Biotique,25000.44,27329.36,Supplier_190,0.0852
PRD03272,Mamaearth Fragrances 4500,Beauty,Fragrances,Mamaearth,45811.07,61613.43,Supplier_256,0.2565
PRD03273,Mamaearth Makeup 4495,Beauty,Makeup,Mamaearth,20098.76,28433.51,Supplier_370,0.2931
PRD03274,L'Oreal Makeup 6173,Beauty,Makeup,L'Oreal,18056.61,21537.32,Supplier_289,0.1616
PRD03275,Himalaya Fragrances 9842,Beauty,Fragrances,Himalaya,19681.72,29870.18,Supplier_398,0.3411
PRD03276,Lakme Fragrances 2172,Beauty,Fragrances,Lakme,21573.86,32485.79,Supplier_041,0.3359
PRD03277,Himalaya Haircare 229,Beauty,Haircare,Himalaya,14313.26,15607.17,Supplier_294,0.0829
PRD03278,Biotique Makeup 1534,Beauty,Makeup,Biotique,45857.4,56128.74,Supplier_418,0.183
PRD03279,L'Oreal Makeup 5393,Beauty,Makeup,L'Oreal,38032.87,51728.28,Supplier_403,0.2648
PRD03280,Biotique Makeup 7418,Beauty,Makeup,Biotique,19095.28,23334.07,Supplier_094,0.1817
PRD03281,L'Oreal Skincare 4624,Beauty,Skincare,L'Oreal,726.63,1081.92,Supplier_070,0.3284
PRD03282,Himalaya Haircare 2044,Beauty,Haircare,Himalaya,38857.14,52713.43,Supplier_137,0.2629
PRD03283,Mamaearth Haircare 962,Beauty,Haircare,Mamaearth,6170.86,9024.33,Supplier_342,0.3162
PRD03284,Biotique Makeup 2679,Beauty,Makeup,Biotique,29196.88,34933.24,Supplier_482,0.1642
PRD03285,Lakme Fragrances 5161,Beauty,Fragrances,Lakme,15084.82,18537.21,Supplier_110,0.1862
PRD03286,Mamaearth Skincare 7602,Beauty,Skincare,Mamaearth,28350.23,33549.8,Supplier_116,0.155
PRD03287,Lakme Skincare 2098,Beauty,Skincare,Lakme,1547.88,2141.4,Supplier_254,0.2772
PRD03288,L'Oreal Makeup 6135,Beauty,Makeup,L'Oreal,7147.33,8123.06,Supplier_374,0.1201
PRD03289,Lakme Fragrances 5315,Beauty,Fragrances,Lakme,45811.7,61469.28,Supplier_081,0.2547
PRD03290,Himalaya Haircare 2987,Beauty,Haircare,Himalaya,40791.49,56668.86,Supplier_222,0.2802
PRD03291,Himalaya Fragrances 8260,Beauty,Fragrances,Himalaya,13389.61,18741.84,Supplier_025,0.2856
PRD03292,Mamaearth Skincare 514,Beauty,Skincare,Mamaearth,9740.08,14936.32,Supplier_355,0.3479
PRD03293,Himalaya Fragrances 3746,Beauty,Fragrances,Himalaya,43771.84,64150.57,Supplier_464,0.3177
PRD03294,Mamaearth Fragrances 6658,Beauty,Fragrances,Mamaearth,22675.67,30642.39,Supplier_350,0.26
PRD03295,Mamaearth Makeup 1926,Beauty,Makeup,Mamaearth,9455.6,12292.04,Supplier_143,0.2308
PRD03296,Lakme Skincare 5950,Beauty,Skincare,Lakme,46253.77,63634.59,Supplier_418,0.2731
PRD03297,Mamaearth Haircare 6120,Beauty,Haircare,Mamaearth,46624.83,51732.79,Supplier_167,0.0987
PRD03298,Lakme Skincare 3019,Beauty,Skincare,Lakme,1314.6,1513.67,Supplier_374,0.1315
PRD03299,Lakme Haircare 3292,Beauty,Haircare,Lakme,15493.98,19062.25,Supplier_062,0.1872
PRD03300,Lakme Fragrances 9498,Beauty,Fragrances,Lakme,30230.56,35870.17,Supplier_355,0.1572
PRD03301,L'Oreal Skincare 1522,Beauty,Skincare,L'Oreal,38165.04,50708.77,Supplier_254,0.2474
PRD03302,Lakme Haircare 5766,Beauty,Haircare,Lakme,9963.05,11687.8,Supplier_180,0.1476
PRD03303,Biotique Haircare 538,Beauty,Haircare,Biotique,38789.49,45101.5,Supplier_308,0.14
PRD03304,Biotique Haircare 4132,Beauty,Haircare,Biotique,36326.4,53846.41,Supplier_177,0.3254
PRD03305,Himalaya Haircare 3593,Beauty,Haircare,Himalaya,48319.69,60184.93,Supplier_466,0.1971
PRD03306,L'Oreal Haircare 7353,Beauty,Haircare,L'Oreal,8490.35,11723.22,Supplier_117,0.2758
PRD03307,Biotique Haircare 4807,Beauty,Haircare,Biotique,30189.32,35077.69,Supplier_187,0.1394
PRD03308,L'Oreal Fragrances 3813,Beauty,Fragrances,L'Oreal,39103.84,46376.6,Supplier_217,0.1568
PRD03309,Lakme Fragrances 7792,Beauty,Fragrances,Lakme,25388.43,39017.87,Supplier_204,0.3493
PRD03310,Lakme Skincare 8479,Beauty,Skincare,Lakme,27583.79,35742.63,Supplier_096,0.2283
PRD03311,Biotique Fragrances 8384,Beauty,Fragrances,Biotique,24916.82,38148.05,Supplier_414,0.3468
PRD03312,L'Oreal Haircare 8150,Beauty,Haircare,L'Oreal,19087.59,21499.78,Supplier_064,0.1122
PRD03313,Mamaearth Haircare 9170,Beauty,Haircare,Mamaearth,5033.85,6962.11,Supplier_114,0.277
PRD03314,Lakme Haircare 7222,Beauty,Haircare,Lakme,48184.69,63204.23,Supplier_473,0.2376
PRD03315,Biotique Makeup 7939,Beauty,Makeup,Biotique,42983.49,62166.8,Supplier_103,0.3086
PRD03316,Mamaearth Makeup 3537,Beauty,Makeup,Mamaearth,37699.9,43037.5,Supplier_497,0.124
PRD03317,L'Oreal Haircare 8428,Beauty,Haircare,L'Oreal,7124.64,8235.02,Supplier_009,0.1348
PRD03318,Biotique Skincare 5770,Beauty,Skincare,Biotique,14637.24,22668.03,Supplier_287,0.3543
PRD03319,L'Oreal Haircare 6735,Beauty,Haircare,L'Oreal,8972.98,13732.49,Supplier_030,0.3466
PRD03320,L'Oreal Fragrances 5630,Beauty,Fragrances,L'Oreal,41061.59,56271.96,Supplier_109,0.2703
PRD03321,Lakme Makeup 7944,Beauty,Makeup,Lakme,45015.9,53742.43,Supplier_443,0.1624
PRD03322,Lakme Haircare 1008,Beauty,Haircare,Lakme,42761.43,48488.38,Supplier_140,0.1181
PRD03323,Mamaearth Fragrances 203,Beauty,Fragrances,Mamaearth,13825.2,20309.31,Supplier_249,0.3193
PRD03324,L'Oreal Makeup 2099,Beauty,Makeup,L'Oreal,42845.75,65399.56,Supplier_335,0.3449
PRD03325,L'Oreal Makeup 3700,Beauty,Makeup,L'Oreal,726.93,1010.58,Supplier_397,0.2807
PRD03326,L'Oreal Fragrances 4799,Beauty,Fragrances,L'Oreal,20094.57,22243.6,Supplier_340,0.0966
PRD03327,L'Oreal Fragrances 6086,Beauty,Fragrances,L'Oreal,28566.98,40520.68,Supplier_198,0.295
PRD03328,Himalaya Skincare 837,Beauty,Skincare,Himalaya,36538.35,53041.06,Supplier_186,0.3111
PRD03329,Himalaya Makeup 1202,Beauty,Makeup,Himalaya,28455.41,41421.48,Supplier_189,0.313
PRD03330,Mamaearth Skincare 1369,Beauty,Skincare,Mamaearth,48868.83,58926.23,Supplier_290,0.1707
PRD03331,Himalaya Makeup 1596,Beauty,Makeup,Himalaya,21441.85,23327.58,Supplier_296,0.0808
PRD03332,Biotique Fragrances 7486,Beauty,Fragrances,Biotique,49239.06,66853.81,Supplier_281,0.2635
PRD03333,Himalaya Fragrances 108,Beauty,Fragrances,Himalaya,40252.43,44611.49,Supplier_416,0.0977
PRD03334,Lakme Haircare 2693,Beauty,Haircare,Lakme,12718.37,16333.7,Supplier_342,0.2213
PRD03335,Lakme Skincare 1674,Beauty,Skincare,Lakme,31156.33,43196.81,Supplier_070,0.2787
PRD03336,L'Oreal Skincare 9464,Beauty,Skincare,L'Oreal,15408.68,23454.73,Supplier_125,0.343
PRD03337,Biotique Fragrances 7536,Beauty,Fragrances,Biotique,20206.51,26875.28,Supplier_208,0.2481
PRD03338,Biotique Skincare 1315,Beauty,Skincare,Biotique,47746.81,62216.3,Supplier_085,0.2326
PRD03339,Mamaearth Fragrances 9962,Beauty,Fragrances,Mamaearth,44665.16,53094.48,Supplier_395,0.1588
PRD03340,L'Oreal Haircare 563,Beauty,Haircare,L'Oreal,21920.56,27686.1,Supplier_236,0.2082
PRD03341,Biotique Makeup 7884,Beauty,Makeup,Biotique,48193.54,64161.97,Supplier_333,0.2489
PRD03342,Himalaya Fragrances 3507,Beauty,Fragrances,Himalaya,11899.71,16416.59,Supplier_482,0.2751
PRD03343,L'Oreal Makeup 6362,Beauty,Makeup,L'Oreal,5808.64,6523.67,Supplier_169,0.1096
PRD03344,L'Oreal Makeup 9573,Beauty,Makeup,L'Oreal,1592.32,2103.25,Supplier_327,0.2429
PRD03345,L'Oreal Makeup 2697,Beauty,Makeup,L'Oreal,11697.08,13428.53,Supplier_062,0.1289
PRD03346,Himalaya Skincare 8067,Beauty,Skincare,Himalaya,42116.14,60818.23,Supplier_414,0.3075
PRD03347,Himalaya Fragrances 7572,Beauty,Fragrances,Himalaya,49659.71,66773.88,Supplier_410,0.2563
PRD03348,Mamaearth Makeup 2398,Beauty,Makeup,Mamaearth,394.04,434.81,Supplier_216,0.0938
PRD03349,Mamaearth Fragrances 7231,Beauty,Fragrances,Mamaearth,15343.21,20499.07,Supplier_255,0.2515
PRD03350,Himalaya Fragrances 5171,Beauty,Fragrances,Himalaya,28641.17,38916.2,Supplier_454,0.264
PRD03351,Mamaearth Skincare 5794,Beauty,Skincare,Mamaearth,40819.98,51484.56,Supplier_219,0.2071
PRD03352,Himalaya Skincare 6763,Beauty,Skincare,Himalaya,42902.15,47000.26,Supplier_126,0.0872
PRD03353,Himalaya Makeup 716,Beauty,Makeup,Himalaya,34966.63,45492.36,Supplier_302,0.2314
PRD03354,Himalaya Fragrances 7708,Beauty,Fragrances,Himalaya,28274.06,38727.99,Supplier_226,0.2699
PRD03355,Lakme Skincare 5967,Beauty,Skincare,Lakme,44142.46,59404.86,Supplier_071,0.2569
PRD03356,L'Oreal Fragrances 6177,Beauty,Fragrances,L'Oreal,16088.76,17750.51,Supplier_304,0.0936
PRD03357,Lakme Fragrances 2746,Beauty,Fragrances,Lakme,9003.35,11203.67,Supplier_271,0.1964
PRD03358,Mamaearth Haircare 5010,Beauty,Haircare,Mamaearth,20705.6,24370.37,Supplier_121,0.1504
PRD03359,Himalaya Skincare 9268,Beauty,Skincare,Himalaya,30723.37,46410.65,Supplier_431,0.338
PRD03360,Biotique Makeup 6882,Beauty,Makeup,Biotique,19703.87,29824.24,Supplier_337,0.3393
PRD03361,L'Oreal Fragrances 4388,Beauty,Fragrances,L'Oreal,14961.93,18482.35,Supplier_448,0.1905
PRD03362,L'Oreal Makeup 1295,Beauty,Makeup,L'Oreal,15404.21,18500.1,Supplier_406,0.1673
PRD03363,Biotique Makeup 9987,Beauty,Makeup,Biotique,6109.55,8233.3,Supplier_302,0.2579
PRD03364,Biotique Haircare 4334,Beauty,Haircare,Biotique,12160.78,17167.04,Supplier_142,0.2916
PRD03365,Himalaya Fragrances 6816,Beauty,Fragrances,Himalaya,11359.43,16971.34,Supplier_136,0.3307
PRD03366,Biotique Skincare 9297,Beauty,Skincare,Biotique,37965.57,55934.01,Supplier_088,0.3212
PRD03367,L'Oreal Haircare 6983,Beauty,Haircare,L'Oreal,2434.82,3005.17,Supplier_066,0.1898
PRD03368,L'Oreal Fragrances 8835,Beauty,Fragrances,L'Oreal,49416.94,68908.65,Supplier_329,0.2829
PRD03369,Lakme Makeup 230,Beauty,Makeup,Lakme,12496.4,14104.65,Supplier_458,0.114
PRD03370,L'Oreal Fragrances 7943,Beauty,Fragrances,L'Oreal,3107.14,3608.85,Supplier_390,0.139
PRD03371,Mamaearth Skincare 8596,Beauty,Skincare,Mamaearth,16374.83,24605.5,Supplier_179,0.3345
PRD03372,Himalaya Haircare 6170,Beauty,Haircare,Himalaya,31533.35,45680.9,Supplier_173,0.3097
PRD03373,Biotique Fragrances 710,Beauty,Fragrances,Biotique,6638.99,9596.93,Supplier_126,0.3082
PRD03374,Lakme Skincare 5087,Beauty,Skincare,Lakme,15123.47,20361.36,Supplier_196,0.2572
PRD03375,L'Oreal Skincare 994,Beauty,Skincare,L'Oreal,36190.55,42886.51,Supplier_422,0.1561
PRD03376,L'Oreal Skincare 1847,Beauty,Skincare,L'Oreal,44867.08,66900.48,Supplier_070,0.3293
PRD03377,L'Oreal Skincare 6546,Beauty,Skincare,L'Oreal,36705.25,47602.72,Supplier_443,0.2289
PRD03378,Biotique Makeup 5519,Beauty,Makeup,Biotique,35363.59,44701.52,Supplier_299,0.2089
PRD03379,Mamaearth Makeup 7149,Beauty,Makeup,Mamaearth,48193.93,64629.38,Supplier_498,0.2543
PRD03380,Biotique Skincare 4377,Beauty,Skincare,Biotique,30493.72,46468.14,Supplier_362,0.3438
PRD03381,Biotique Makeup 5461,Beauty,Makeup,Biotique,14952.31,17971.27,Supplier_204,0.168
PRD03382,L'Oreal Fragrances 8980,Beauty,Fragrances,L'Oreal,4277.87,5068.11,Supplier_282,0.1559
PRD03383,Lakme Makeup 3107,Beauty,Makeup,Lakme,44256.65,53967.13,Supplier_098,0.1799
PRD03384,L'Oreal Fragrances 648,Beauty,Fragrances,L'Oreal,46642.77,66615.44,Supplier_440,0.2998
PRD03385,L'Oreal Haircare 4443,Beauty,Haircare,L'Oreal,15535.87,18916.4,Supplier_209,0.1787
PRD03386,Lakme Haircare 7485,Beauty,Haircare,Lakme,984.89,1171.07,Supplier_366,0.159
PRD03387,Biotique Fragrances 6592,Beauty,Fragrances,Biotique,37085.5,51814.18,Supplier_401,0.2843
PRD03388,Lakme Skincare 5241,Beauty,Skincare,Lakme,27630.84,41550.02,Supplier_364,0.335
PRD03389,Biotique Haircare 9644,Beauty,Haircare,Biotique,43024.75,54179.85,Supplier_492,0.2059
PRD03390,L'Oreal Skincare 8083,Beauty,Skincare,L'Oreal,44311.74,61473.44,Supplier_225,0.2792
PRD03391,Lakme Makeup 715,Beauty,Makeup,Lakme,23317.52,27246.8,Supplier_155,0.1442
PRD03392,Himalaya Haircare 6106,Beauty,Haircare,Himalaya,2969.35,3525.63,Supplier_485,0.1578
PRD03393,L'Oreal Skincare 4692,Beauty,Skincare,L'Oreal,8141.25,10931.82,Supplier_217,0.2553
PRD03394,Himalaya Fragrances 2712,Beauty,Fragrances,Himalaya,9099.64,13042.1,Supplier_102,0.3023
PRD03395,L'Oreal Haircare 3930,Beauty,Haircare,L'Oreal,26039.68,29999.26,Supplier_005,0.132
PRD03396,Lakme Haircare 1866,Beauty,Haircare,Lakme,6765.38,8582.55,Supplier_111,0.2117
PRD03397,Lakme Haircare 4255,Beauty,Haircare,Lakme,11524.61,13635.3,Supplier_210,0.1548
PRD03398,Mamaearth Fragrances 7108,Beauty,Fragrances,Mamaearth,3432.65,4824.11,Supplier_402,0.2884
PRD03399,Himalaya Fragrances 7093,Beauty,Fragrances,Himalaya,46644.09,50610.33,Supplier_073,0.0784
PRD03400,Biotique Fragrances 5264,Beauty,Fragrances,Biotique,30517.56,43729.37,Supplier_128,0.3021
PRD03401,L'Oreal Skincare 1018,Beauty,Skincare,L'Oreal,13935.8,17475.38,Supplier_041,0.2025
PRD03402,L'Oreal Haircare 4332,Beauty,Haircare,L'Oreal,36749.07,49294.48,Supplier_418,0.2545
PRD03403,L'Oreal Fragrances 2259,Beauty,Fragrances,L'Oreal,11787.64,13931.68,Supplier_024,0.1539
PRD03404,Biotique Haircare 9627,Beauty,Haircare,Biotique,14835.46,16497.14,Supplier_415,0.1007
PRD03405,Lakme Skincare 2777,Beauty,Skincare,Lakme,22738.23,26299.74,Supplier_339,0.1354
PRD03406,Himalaya Haircare 7298,Beauty,Haircare,Himalaya,2653.35,3331.15,Supplier_417,0.2035
PRD03407,Himalaya Fragrances 1764,Beauty,Fragrances,Himalaya,33044.66,44175.37,Supplier_426,0.252
PRD03408,Mamaearth Fragrances 1834,Beauty,Fragrances,Mamaearth,16089.69,19346.43,Supplier_319,0.1683
PRD03409,Himalaya Haircare 8973,Beauty,Haircare,Himalaya,2549.82,3184.95,Supplier_117,0.1994
PRD03410,L'Oreal Fragrances 2530,Beauty,Fragrances,L'Oreal,39441.56,51293.97,Supplier_174,0.2311
PRD03411,L'Oreal Skincare 9683,Beauty,Skincare,L'Oreal,7819.81,10646.16,Supplier_401,0.2655
PRD03412,Mamaearth Makeup 4273,Beauty,Makeup,Mamaearth,19740.44,26272.06,Supplier_469,0.2486
PRD03413,L'Oreal Haircare 7495,Beauty,Haircare,L'Oreal,24299.12,33406.05,Supplier_294,0.2726
PRD03414,L'Oreal Skincare 872,Beauty,Skincare,L'Oreal,5031.5,5633.93,Supplier_062,0.1069
PRD03415,Biotique Fragrances 9157,Beauty,Fragrances,Biotique,2146.08,3020.69,Supplier_213,0.2895
PRD03416,Lakme Skincare 8041,Beauty,Skincare,Lakme,22748.01,25096.91,Supplier_150,0.0936
PRD03417,L'Oreal Skincare 9729,Beauty,Skincare,L'Oreal,29933.3,37287.47,Supplier_498,0.1972
PRD03418,Himalaya Makeup 1892,Beauty,Makeup,Himalaya,8951.23,11006.61,Supplier_253,0.1867
PRD03419,L'Oreal Skincare 6453,Beauty,Skincare,L'Oreal,8816.37,13273.03,Supplier_384,0.3358
PRD03420,L'Oreal Makeup 2779,Beauty,Makeup,L'Oreal,11054.59,14299.88,Supplier_011,0.2269
PRD03421,Himalaya Makeup 2986,Beauty,Makeup,Himalaya,7525.19,8526.82,Supplier_193,0.1175
PRD03422,Himalaya Makeup 3251,Beauty,Makeup,Himalaya,29575.58,40922.04,Supplier_466,0.2773
PRD03423,Lakme Haircare 3415,Beauty,Haircare,Lakme,34633.19,50693.76,Supplier_500,0.3168
PRD03424,Himalaya Makeup 403,Beauty,Makeup,Himalaya,15136.99,22588.75,Supplier_157,0.3299
PRD03425,Biotique Fragrances 292,Beauty,Fragrances,Biotique,29981.05,45377.84,Supplier_139,0.3393
PRD03426,Lakme Fragrances 6230,Beauty,Fragrances,Lakme,40231.75,43645.51,Supplier_315,0.0782
PRD03427,Biotique Fragrances 5231,Beauty,Fragrances,Biotique,34233.52,38120.55,Supplier_098,0.102
PRD03428,Mamaearth Fragrances 3076,Beauty,Fragrances,Mamaearth,12906.06,18196.71,Supplier_204,0.2907
PRD03429,L'Oreal Fragrances 5286,Beauty,Fragrances,L'Oreal,8039.92,11999.54,Supplier_213,0.33
PRD03430,Himalaya Haircare 7868,Beauty,Haircare,Himalaya,9290.08,14055.91,Supplier_164,0.3391
PRD03431,L'Oreal Haircare 387,Beauty,Haircare,L'Oreal,45606.82,61414.24,Supplier_215,0.2574
PRD03432,Mamaearth Skincare 2292,Beauty,Skincare,Mamaearth,17497.02,19585.22,Supplier_015,0.1066
PRD03433,Biotique Makeup 9807,Beauty,Makeup,Biotique,36270.13,41859.5,Supplier_147,0.1335
PRD03434,Lakme Skincare 6825,Beauty,Skincare,Lakme,16162.89,24024.55,Supplier_112,0.3272
PRD03435,L'Oreal Skincare 9628,Beauty,Skincare,L'Oreal,29591.05,36350.48,Supplier_206,0.186
PRD03436,Mamaearth Haircare 2625,Beauty,Haircare,Mamaearth,12255.97,17086.49,Supplier_331,0.2827
PRD03437,L'Oreal Fragrances 3047,Beauty,Fragrances,L'Oreal,41342.07,58692.44,Supplier_022,0.2956
PRD03438,Mamaearth Fragrances 8527,Beauty,Fragrances,Mamaearth,3846.09,5352.7,Supplier_014,0.2815
PRD03439,Lakme Makeup 3754,Beauty,Makeup,Lakme,9766.86,13870.99,Supplier_336,0.2959
PRD03440,Lakme Skincare 3777,Beauty,Skincare,Lakme,13666.94,18193.2,Supplier_361,0.2488
PRD03441,Lakme Haircare 2587,Beauty,Haircare,Lakme,40955.16,45842.86,Supplier_049,0.1066
PRD03442,Lakme Haircare 1945,Beauty,Haircare,Lakme,18637.05,22721.44,Supplier_365,0.1798
PRD03443,Biotique Makeup 6934,Beauty,Makeup,Biotique,7725.0,9923.97,Supplier_275,0.2216
PRD03444,Mamaearth Fragrances 9649,Beauty,Fragrances,Mamaearth,14932.81,16186.64,Supplier_057,0.0775
PRD03445,Himalaya Makeup 5167,Beauty,Makeup,Himalaya,27835.79,30827.84,Supplier_157,0.0971
PRD03446,Lakme Haircare 9439,Beauty,Haircare,Lakme,2176.88,2748.28,Supplier_476,0.2079
PRD03447,Mamaearth Fragrances 5239,Beauty,Fragrances,Mamaearth,31932.13,41697.22,Supplier_267,0.2342
PRD03448,Mamaearth Makeup 6642,Beauty,Makeup,Mamaearth,31908.4,38686.75,Supplier_384,0.1752
PRD03449,Lakme Makeup 3666,Beauty,Makeup,Lakme,29809.88,42341.47,Supplier_152,0.296
PRD03450,Lakme Haircare 7245,Beauty,Haircare,Lakme,30545.22,43251.53,Supplier_415,0.2938
PRD03451,L'Oreal Haircare 5107,Beauty,Haircare,L'Oreal,3801.43,4432.54,Supplier_354,0.1424
PRD03452,Lakme Skincare 8814,Beauty,Skincare,Lakme,14251.89,19489.67,Supplier_112,0.2687
PRD03453,Himalaya Skincare 9411,Beauty,Skincare,Himalaya,36650.31,55734.15,Supplier_396,0.3424
PRD03454,Lakme Skincare 2613,Beauty,Skincare,Lakme,23579.42,32281.38,Supplier_423,0.2696
PRD03455,Biotique Fragrances 4649,Beauty,Fragrances,Biotique,30490.05,46926.6,Supplier_295,0.3503
PRD03456,L'Oreal Skincare 9103,Beauty,Skincare,L'Oreal,25708.68,30171.87,Supplier_011,0.1479
PRD03457,L'Oreal Skincare 443,Beauty,Skincare,L'Oreal,43765.41,55952.18,Supplier_378,0.2178
PRD03458,Lakme Haircare 3322,Beauty,Haircare,Lakme,3166.28,3937.21,Supplier_383,0.1958
PRD03459,Biotique Haircare 3189,Beauty,Haircare,Biotique,16866.19,22527.61,Supplier_447,0.2513
PRD03460,Lakme Skincare 3040,Beauty,Skincare,Lakme,16122.19,17763.66,Supplier_139,0.0924
PRD03461,Biotique Haircare 131,Beauty,Haircare,Biotique,44962.27,60178.48,Supplier_479,0.2529
PRD03462,Biotique Makeup 2900,Beauty,Makeup,Biotique,34471.17,52213.66,Supplier_338,0.3398
PRD03463,Lakme Skincare 7181,Beauty,Skincare,Lakme,22582.54,30056.72,Supplier_084,0.2487
PRD03464,Mamaearth Fragrances 3005,Beauty,Fragrances,Mamaearth,46681.44,69236.21,Supplier_433,0.3258
PRD03465,Biotique Haircare 3439,Beauty,Haircare,Biotique,30490.22,38451.87,Supplier_110,0.2071
PRD03466,Mamaearth Fragrances 5608,Beauty,Fragrances,Mamaearth,45011.41,50374.6,Supplier_326,0.1065
PRD03467,Biotique Skincare 6694,Beauty,Skincare,Biotique,45656.9,65404.42,Supplier_091,0.3019
PRD03468,Mamaearth Fragrances 5092,Beauty,Fragrances,Mamaearth,5282.5,6782.76,Supplier_495,0.2212
PRD03469,Lakme Skincare 8387,Beauty,Skincare,Lakme,48658.72,56893.71,Supplier_406,0.1447
PRD03470,L'Oreal Haircare 2596,Beauty,Haircare,L'Oreal,45008.44,63774.31,Supplier_051,0.2943
PRD03471,Himalaya Haircare 9931,Beauty,Haircare,Himalaya,44890.69,58210.24,Supplier_373,0.2288
PRD03472,Biotique Skincare 424,Beauty,Skincare,Biotique,23869.69,33724.92,Supplier_208,0.2922
PRD03473,Mamaearth Fragrances 7022,Beauty,Fragrances,Mamaearth,19312.86,26763.8,Supplier_387,0.2784
PRD03474,Biotique Makeup 8918,Beauty,Makeup,Biotique,8394.06,11570.02,Supplier_268,0.2745
PRD03475,Himalaya Skincare 2187,Beauty,Skincare,Himalaya,12405.75,13835.86,Supplier_240,0.1034
PRD03476,Mamaearth Fragrances 1913,Beauty,Fragrances,Mamaearth,5883.11,8892.7,Supplier_181,0.3384
PRD03477,Biotique Fragrances 8964,Beauty,Fragrances,Biotique,42668.78,58982.26,Supplier_355,0.2766
PRD03478,Himalaya Makeup 372,Beauty,Makeup,Himalaya,33054.02,38466.67,Supplier_367,0.1407
PRD03479,Mamaearth Haircare 6641,Beauty,Haircare,Mamaearth,18874.68,26558.33,Supplier_274,0.2893
PRD03480,L'Oreal Fragrances 1643,Beauty,Fragrances,L'Oreal,30601.2,38139.31,Supplier_071,0.1976
PRD03481,Mamaearth Makeup 9818,Beauty,Makeup,Mamaearth,10246.79,14036.76,Supplier_290,0.27
PRD03482,Himalaya Haircare 7229,Beauty,Haircare,Himalaya,16341.21,22274.73,Supplier_322,0.2664
PRD03483,Mamaearth Skincare 9591,Beauty,Skincare,Mamaearth,36921.8,55260.84,Supplier_442,0.3319
PRD03484,Mamaearth Skincare 6850,Beauty,Skincare,Mamaearth,13442.45,17520.01,Supplier_217,0.2327
PRD03485,Lakme Makeup 6593,Beauty,Makeup,Lakme,38235.27,51610.9,Supplier_249,0.2592
PRD03486,Biotique Skincare 7592,Beauty,Skincare,Biotique,242.17,350.53,Supplier_158,0.3091
PRD03487,Himalaya Fragrances 9454,Beauty,Fragrances,Himalaya,27979.54,39233.6,Supplier_146,0.2868
PRD03488,Himalaya Fragrances 8358,Beauty,Fragrances,Himalaya,3809.64,5025.9,Supplier_434,0.242
PRD03489,Lakme Makeup 7609,Beauty,Makeup,Lakme,20577.13,24568.89,Supplier_266,0.1625
PRD03490,L'Oreal Makeup 8836,Beauty,Makeup,L'Oreal,19963.47,27016.9,Supplier_055,0.2611
PRD03491,Himalaya Fragrances 4445,Beauty,Fragrances,Himalaya,38831.47,51678.51,Supplier_149,0.2486
PRD03492,Lakme Makeup 8533,Beauty,Makeup,Lakme,39627.15,45901.42,Supplier_413,0.1367
PRD03493,Lakme Fragrances 614,Beauty,Fragrances,Lakme,16367.02,18991.04,Supplier_084,0.1382
PRD03494,L'Oreal Fragrances 6657,Beauty,Fragrances,L'Oreal,48060.92,52788.66,Supplier_149,0.0896
PRD03495,Lakme Skincare 8859,Beauty,Skincare,Lakme,42001.37,48897.85,Supplier_427,0.141
PRD03496,Himalaya Makeup 108,Beauty,Makeup,Himalaya,26028.17,37532.13,Supplier_285,0.3065
PRD03497,Lakme Haircare 8961,Beauty,Haircare,Lakme,16527.51,20219.87,Supplier_283,0.1826
PRD03498,Biotique Haircare 1836,Beauty,Haircare,Biotique,29770.47,38780.55,Supplier_284,0.2323
PRD03499,Mamaearth Makeup 2547,Beauty,Makeup,Mamaearth,49213.19,58621.98,Supplier_474,0.1605
PRD03500,Himalaya Fragrances 3587,Beauty,Fragrances,Himalaya,45764.17,50441.47,Supplier_024,0.0927
PRD03501,Mamaearth Makeup 9802,Beauty,Makeup,Mamaearth,38000.63,48243.69,Supplier_455,0.2123
PRD03502,L'Oreal Makeup 5956,Beauty,Makeup,L'Oreal,913.51,1402.3,Supplier_199,0.3486
PRD03503,Lakme Makeup 3238,Beauty,Makeup,Lakme,27920.01,40221.83,Supplier_423,0.3058
PRD03504,Biotique Fragrances 4920,Beauty,Fragrances,Biotique,33265.07,49953.66,Supplier_222,0.3341
PRD03505,Biotique Fragrances 419,Beauty,Fragrances,Biotique,2636.73,3790.96,Supplier_335,0.3045
PRD03506,Biotique Skincare 672,Beauty,Skincare,Biotique,23631.6,30125.31,Supplier_016,0.2156
PRD03507,L'Oreal Skincare 2113,Beauty,Skincare,L'Oreal,21414.95,32071.48,Supplier_025,0.3323
PRD03508,Himalaya Haircare 4229,Beauty,Haircare,Himalaya,45950.75,56171.0,Supplier_068,0.1819
PRD03509,Mamaearth Skincare 7013,Beauty,Skincare,Mamaearth,24223.2,33735.04,Supplier_287,0.282
PRD03510,Himalaya Fragrances 6290,Beauty,Fragrances,Himalaya,8283.49,12605.81,Supplier_073,0.3429
PRD03511,Lakme Haircare 9887,Beauty,Haircare,Lakme,16214.18,20134.29,Supplier_224,0.1947
PRD03512,L'Oreal Fragrances 3020,Beauty,Fragrances,L'Oreal,15805.55,20230.65,Supplier_095,0.2187
PRD03513,Lakme Haircare 3630,Beauty,Haircare,Lakme,30468.97,37657.79,Supplier_478,0.1909
PRD03514,Mamaearth Makeup 5134,Beauty,Makeup,Mamaearth,39666.75,47661.64,Supplier_246,0.1677
PRD03515,Himalaya Fragrances 5435,Beauty,Fragrances,Himalaya,27082.13,37964.41,Supplier_191,0.2866
PRD03516,Biotique Haircare 3897,Beauty,Haircare,Biotique,21881.82,25388.15,Supplier_274,0.1381
PRD03517,Himalaya Haircare 2347,Beauty,Haircare,Himalaya,355.03,522.0,Supplier_148,0.3199
PRD03518,Himalaya Makeup 9863,Beauty,Makeup,Himalaya,10947.16,12678.18,Supplier_029,0.1365
PRD03519,L'Oreal Skincare 1597,Beauty,Skincare,L'Oreal,19749.6,27441.15,Supplier_477,0.2803
PRD03520,Mamaearth Skincare 2445,Beauty,Skincare,Mamaearth,11879.59,17178.32,Supplier_325,0.3085
PRD03521,Mamaearth Fragrances 8882,Beauty,Fragrances,Mamaearth,7894.79,11392.41,Supplier_329,0.307
PRD03522,Biotique Haircare 5363,Beauty,Haircare,Biotique,17357.93,21365.23,Supplier_284,0.1876
PRD03523,L'Oreal Makeup 2890,Beauty,Makeup,L'Oreal,9088.18,12671.09,Supplier_349,0.2828
PRD03524,L'Oreal Makeup 6753,Beauty,Makeup,L'Oreal,35654.49,43745.74,Supplier_060,0.185
PRD03525,Mamaearth Makeup 1190,Beauty,Makeup,Mamaearth,18443.76,20647.71,Supplier_029,0.1067
PRD03526,Lakme Makeup 6051,Beauty,Makeup,Lakme,26478.2,36520.43,Supplier_158,0.275
PRD03527,Himalaya Skincare 7826,Beauty,Skincare,Himalaya,22439.43,27475.07,Supplier_118,0.1833
PRD03528,L'Oreal Makeup 7282,Beauty,Makeup,L'Oreal,17863.27,20477.36,Supplier_448,0.1277
PRD03529,Lakme Makeup 2051,Beauty,Makeup,Lakme,41671.68,61537.78,Supplier_183,0.3228
PRD03530,Biotique Makeup 9980,Beauty,Makeup,Biotique,23000.14,27650.31,Supplier_105,0.1682
PRD03531,Himalaya Skincare 596,Beauty,Skincare,Himalaya,11606.83,15320.51,Supplier_114,0.2424
PRD03532,Lakme Haircare 1224,Beauty,Haircare,Lakme,26516.06,33887.63,Supplier_353,0.2175
PRD03533,L'Oreal Haircare 9944,Beauty,Haircare,L'Oreal,41283.64,54698.67,Supplier_094,0.2453
PRD03534,Lakme Fragrances 2968,Beauty,Fragrances,Lakme,25673.34,33833.17,Supplier_416,0.2412
PRD03535,Himalaya Skincare 7885,Beauty,Skincare,Himalaya,39730.47,51870.59,Supplier_101,0.234
PRD03536,Himalaya Skincare 5276,Beauty,Skincare,Himalaya,41369.14,53132.6,Supplier_351,0.2214
PRD03537,Himalaya Skincare 5109,Beauty,Skincare,Himalaya,9117.89,11755.06,Supplier_210,0.2243
PRD03538,L'Oreal Makeup 8007,Beauty,Makeup,L'Oreal,46332.78,65913.06,Supplier_416,0.2971
PRD03539,Lakme Skincare 5936,Beauty,Skincare,Lakme,25618.61,38065.01,Supplier_218,0.327
PRD03540,L'Oreal Fragrances 8235,Beauty,Fragrances,L'Oreal,14662.24,21826.17,Supplier_045,0.3282
PRD03541,Mamaearth Fragrances 9807,Beauty,Fragrances,Mamaearth,37128.22,56388.57,Supplier_415,0.3416
PRD03542,Biotique Fragrances 3777,Beauty,Fragrances,Biotique,46610.51,71960.12,Supplier_108,0.3523
PRD03543,L'Oreal Fragrances 6261,Beauty,Fragrances,L'Oreal,29403.66,39710.47,Supplier_323,0.2595
PRD03544,Himalaya Fragrances 9726,Beauty,Fragrances,Himalaya,48584.86,60268.74,Supplier_295,0.1939
PRD03545,Lakme Skincare 9178,Beauty,Skincare,Lakme,5652.67,7518.98,Supplier_175,0.2482
PRD03546,L'Oreal Fragrances 3933,Beauty,Fragrances,L'Oreal,28893.1,38419.36,Supplier_427,0.248
PRD03547,L'Oreal Makeup 9839,Beauty,Makeup,L'Oreal,4805.22,5381.57,Supplier_210,0.1071
PRD03548,Himalaya Makeup 4637,Beauty,Makeup,Himalaya,8551.55,10420.58,Supplier_377,0.1794
PRD03549,Biotique Makeup 7600,Beauty,Makeup,Biotique,37566.57,56479.22,Supplier_299,0.3349
PRD03550,Mamaearth Makeup 6177,Beauty,Makeup,Mamaearth,8576.29,12933.85,Supplier_422,0.3369
PRD03551,Himalaya Fragrances 8618,Beauty,Fragrances,Himalaya,31773.72,42842.95,Supplier_065,0.2584
PRD03552,Biotique Skincare 7327,Beauty,Skincare,Biotique,2614.54,2999.99,Supplier_382,0.1285
PRD03553,Biotique Fragrances 1312,Beauty,Fragrances,Biotique,30479.68,45770.76,Supplier_420,0.3341
PRD03554,Himalaya Haircare 7503,Beauty,Haircare,Himalaya,26464.37,30914.08,Supplier_461,0.1439
PRD03555,Mamaearth Skincare 9612,Beauty,Skincare,Mamaearth,768.72,948.78,Supplier_271,0.1898
PRD03556,Himalaya Makeup 4456,Beauty,Makeup,Himalaya,46275.75,67614.24,Supplier_407,0.3156
PRD03557,Mamaearth Haircare 8670,Beauty,Haircare,Mamaearth,24842.17,37032.44,Supplier_201,0.3292
PRD03558,Lakme Skincare 586,Beauty,Skincare,Lakme,9152.15,10820.49,Supplier_108,0.1542
PRD03559,Mamaearth Makeup 1442,Beauty,Makeup,Mamaearth,42453.62,48126.11,Supplier_296,0.1179
PRD03560,Biotique Haircare 8927,Beauty,Haircare,Biotique,49304.27,64642.41,Supplier_041,0.2373
PRD03561,Himalaya Makeup 471,Beauty,Makeup,Himalaya,28843.07,43181.79,Supplier_378,0.3321
PRD03562,Lakme Haircare 6168,Beauty,Haircare,Lakme,22292.48,30122.34,Supplier_162,0.2599
PRD03563,Biotique Haircare 9687,Beauty,Haircare,Biotique,43079.08,65246.17,Supplier_107,0.3397
PRD03564,Himalaya Haircare 5229,Beauty,Haircare,Himalaya,4517.04,6638.5,Supplier_382,0.3196
PRD03565,Mamaearth Skincare 5316,Beauty,Skincare,Mamaearth,48061.18,52174.63,Supplier_100,0.0788
PRD03566,Mamaearth Haircare 2096,Beauty,Haircare,Mamaearth,1047.76,1498.16,Supplier_295,0.3006
PRD03567,Biotique Haircare 8826,Beauty,Haircare,Biotique,4037.02,4831.71,Supplier_065,0.1645
PRD03568,Himalaya Fragrances 5827,Beauty,Fragrances,Himalaya,6763.34,10057.67,Supplier_063,0.3275
PRD03569,Mamaearth Haircare 8801,Beauty,Haircare,Mamaearth,2161.01,2393.89,Supplier_168,0.0973
PRD03570,Biotique Skincare 5469,Beauty,Skincare,Biotique,35873.08,39463.14,Supplier_032,0.091
PRD03571,Himalaya Haircare 6661,Beauty,Haircare,Himalaya,10648.26,13807.47,Supplier_036,0.2288
PRD03572,Biotique Makeup 6687,Beauty,Makeup,Biotique,24834.66,31246.57,Supplier_072,0.2052
PRD03573,Lakme Fragrances 9923,Beauty,Fragrances,Lakme,10890.8,13546.84,Supplier_206,0.1961
PRD03574,L'Oreal Haircare 1088,Beauty,Haircare,L'Oreal,17693.83,25749.57,Supplier_361,0.3128
PRD03575,Himalaya Skincare 7148,Beauty,Skincare,Himalaya,27250.41,41923.42,Supplier_047,0.35
PRD03576,Himalaya Makeup 5577,Beauty,Makeup,Himalaya,22545.62,26959.28,Supplier_441,0.1637
PRD03577,Mamaearth Fragrances 3146,Beauty,Fragrances,Mamaearth,12008.47,15719.7,Supplier_183,0.2361
PRD03578,Lakme Makeup 6537,Beauty,Makeup,Lakme,5108.04,6213.33,Supplier_490,0.1779
PRD03579,L'Oreal Skincare 7825,Beauty,Skincare,L'Oreal,41924.04,63228.85,Supplier_249,0.3369
PRD03580,Mamaearth Haircare 9840,Beauty,Haircare,Mamaearth,1457.24,1682.31,Supplier_216,0.1338
PRD03581,Mamaearth Fragrances 4933,Beauty,Fragrances,Mamaearth,284.06,428.83,Supplier_091,0.3376
PRD03582,Mamaearth Skincare 6853,Beauty,Skincare,Mamaearth,40371.53,48466.81,Supplier_040,0.167
PRD03583,Lakme Skincare 5397,Beauty,Skincare,Lakme,31191.42,43898.4,Supplier_325,0.2895
PRD03584,Himalaya Haircare 5008,Beauty,Haircare,Himalaya,26793.89,39240.28,Supplier_210,0.3172
PRD03585,Lakme Makeup 713,Beauty,Makeup,Lakme,48766.88,74748.28,Supplier_097,0.3476
PRD03586,L'Oreal Skincare 4426,Beauty,Skincare,L'Oreal,24546.23,28978.71,Supplier_074,0.153
PRD03587,Mamaearth Fragrances 8441,Beauty,Fragrances,Mamaearth,10466.1,11964.12,Supplier_447,0.1252
PRD03588,Himalaya Skincare 7526,Beauty,Skincare,Himalaya,31706.31,44322.98,Supplier_060,0.2847
PRD03589,Biotique Haircare 454,Beauty,Haircare,Biotique,15883.58,18732.54,Supplier_295,0.1521
PRD03590,Biotique Fragrances 6688,Beauty,Fragrances,Biotique,39874.52,50905.52,Supplier_134,0.2167
PRD03591,Biotique Skincare 4658,Beauty,Skincare,Biotique,8726.34,11498.34,Supplier_481,0.2411
PRD03592,Himalaya Fragrances 5844,Beauty,Fragrances,Himalaya,43564.88,62496.76,Supplier_058,0.3029
PRD03593,Himalaya Haircare 2324,Beauty,Haircare,Himalaya,26905.0,40346.62,Supplier_434,0.3332
PRD03594,Lakme Fragrances 448,Beauty,Fragrances,Lakme,22702.96,33997.34,Supplier_329,0.3322
PRD03595,Biotique Fragrances 1831,Beauty,Fragrances,Biotique,47994.78,74056.24,Supplier_388,0.3519
PRD03596,Himalaya Fragrances 675,Beauty,Fragrances,Himalaya,38794.2,55858.35,Supplier_104,0.3055
PRD03597,L'Oreal Makeup 1165,Beauty,Makeup,L'Oreal,29552.85,42473.45,Supplier_260,0.3042
PRD03598,L'Oreal Fragrances 5984,Beauty,Fragrances,L'Oreal,27441.42,35352.73,Supplier_493,0.2238
PRD03599,L'Oreal Haircare 7880,Beauty,Haircare,L'Oreal,10761.73,13058.97,Supplier_231,0.1759
PRD03600,Himalaya Skincare 304,Beauty,Skincare,Himalaya,4759.94,6745.82,Supplier_319,0.2944
PRD03601,Himalaya Skincare 6967,Beauty,Skincare,Himalaya,9690.42,14227.23,Supplier_497,0.3189
PRD03602,L'Oreal Skincare 5812,Beauty,Skincare,L'Oreal,27270.31,34526.18,Supplier_136,0.2102
PRD03603,Lakme Haircare 2891,Beauty,Haircare,Lakme,46195.29,51363.41,Supplier_442,0.1006
PRD03604,Lakme Haircare 5934,Beauty,Haircare,Lakme,30580.09,43434.61,Supplier_231,0.296
PRD03605,L'Oreal Fragrances 1186,Beauty,Fragrances,L'Oreal,415.77,597.15,Supplier_011,0.3037
PRD03606,Mamaearth Skincare 4558,Beauty,Skincare,Mamaearth,34488.88,50845.81,Supplier_052,0.3217
PRD03607,L'Oreal Haircare 4035,Beauty,Haircare,L'Oreal,13572.59,21023.68,Supplier_431,0.3544
PRD03608,Lakme Skincare 5171,Beauty,Skincare,Lakme,31088.14,44016.33,Supplier_051,0.2937
PRD03609,L'Oreal Haircare 7728,Beauty,Haircare,L'Oreal,37545.11,50148.01,Supplier_015,0.2513
PRD03610,L'Oreal Fragrances 9509,Beauty,Fragrances,L'Oreal,37233.22,57413.36,Supplier_209,0.3515
PRD03611,L'Oreal Haircare 8226,Beauty,Haircare,L'Oreal,8913.93,9954.37,Supplier_432,0.1045
PRD03612,L'Oreal Makeup 3605,Beauty,Makeup,L'Oreal,9316.83,10123.43,Supplier_089,0.0797
PRD03613,Lakme Fragrances 945,Beauty,Fragrances,Lakme,5438.72,7991.47,Supplier_019,0.3194
PRD03614,Himalaya Haircare 6350,Beauty,Haircare,Himalaya,19159.47,24578.95,Supplier_111,0.2205
PRD03615,Mamaearth Skincare 7450,Beauty,Skincare,Mamaearth,649.36,867.99,Supplier_356,0.2519
PRD03616,Lakme Haircare 675,Beauty,Haircare,Lakme,46715.79,53778.27,Supplier_017,0.1313
PRD03617,L'Oreal Makeup 2320,Beauty,Makeup,L'Oreal,19576.64,28527.4,Supplier_036,0.3138
PRD03618,L'Oreal Makeup 610,Beauty,Makeup,L'Oreal,20493.04,27369.27,Supplier_006,0.2512
PRD03619,Mamaearth Makeup 1081,Beauty,Makeup,Mamaearth,23816.01,29224.74,Supplier_050,0.1851
PRD03620,L'Oreal Fragrances 9325,Beauty,Fragrances,L'Oreal,6871.25,10506.13,Supplier_495,0.346
PRD03621,Lakme Skincare 7660,Beauty,Skincare,Lakme,39936.58,47189.39,Supplier_046,0.1537
PRD03622,Lakme Haircare 1632,Beauty,Haircare,Lakme,32734.71,37994.61,Supplier_056,0.1384
PRD03623,Biotique Haircare 8444,Beauty,Haircare,Biotique,40659.2,54735.2,Supplier_242,0.2572
PRD03624,Mamaearth Skincare 508,Beauty,Skincare,Mamaearth,24805.93,28954.72,Supplier_412,0.1433
PRD03625,Himalaya Makeup 4676,Beauty,Makeup,Himalaya,43513.43,61513.82,Supplier_381,0.2926
PRD03626,Lakme Fragrances 2839,Beauty,Fragrances,Lakme,49939.74,56539.32,Supplier_281,0.1167
PRD03627,Mamaearth Skincare 5119,Beauty,Skincare,Mamaearth,41720.02,53975.29,Supplier_126,0.2271
PRD03628,Lakme Fragrances 3795,Beauty,Fragrances,Lakme,49163.36,56439.97,Supplier_389,0.1289
PRD03629,Himalaya Makeup 2258,Beauty,Makeup,Himalaya,42848.59,65019.16,Supplier_095,0.341
PRD03630,L'Oreal Makeup 2460,Beauty,Makeup,L'Oreal,4687.51,5937.84,Supplier_176,0.2106
PRD03631,L'Oreal Haircare 1448,Beauty,Haircare,L'Oreal,45572.91,54999.33,Supplier_073,0.1714
PRD03632,Biotique Skincare 7408,Beauty,Skincare,Biotique,13616.28,19453.53,Supplier_409,0.3001
PRD03633,L'Oreal Fragrances 3092,Beauty,Fragrances,L'Oreal,18822.59,20528.37,Supplier_216,0.0831
PRD03634,Himalaya Makeup 7805,Beauty,Makeup,Himalaya,4763.95,7211.6,Supplier_210,0.3394
PRD03635,Mamaearth Skincare 9229,Beauty,Skincare,Mamaearth,30153.76,36819.27,Supplier_013,0.181
PRD03636,Himalaya Haircare 5983,Beauty,Haircare,Himalaya,47403.53,69624.68,Supplier_300,0.3192
PRD03637,Lakme Makeup 1841,Beauty,Makeup,Lakme,19144.13,21858.08,Supplier_295,0.1242
PRD03638,Himalaya Skincare 1589,Beauty,Skincare,Himalaya,47756.38,63630.66,Supplier_088,0.2495
PRD03639,Biotique Fragrances 4778,Beauty,Fragrances,Biotique,44048.07,68137.2,Supplier_376,0.3535
PRD03640,Himalaya Fragrances 8516,Beauty,Fragrances,Himalaya,23974.53,30714.76,Supplier_346,0.2194
PRD03641,L'Oreal Fragrances 1063,Beauty,Fragrances,L'Oreal,10734.0,13506.63,Supplier_465,0.2053
PRD03642,Biotique Skincare 4340,Beauty,Skincare,Biotique,26299.67,32259.75,Supplier_013,0.1848
PRD03643,Mamaearth Haircare 1551,Beauty,Haircare,Mamaearth,41052.18,55092.86,Supplier_290,0.2549
PRD03644,Biotique Skincare 9393,Beauty,Skincare,Biotique,1674.82,2038.32,Supplier_067,0.1783
PRD03645,Mamaearth Skincare 9459,Beauty,Skincare,Mamaearth,15073.74,16636.37,Supplier_378,0.0939
PRD03646,Mamaearth Haircare 2194,Beauty,Haircare,Mamaearth,30416.08,43290.3,Supplier_427,0.2974
PRD03647,Himalaya Haircare 4507,Beauty,Haircare,Himalaya,48983.39,59316.1,Supplier_262,0.1742
PRD03648,Himalaya Fragrances 8360,Beauty,Fragrances,Himalaya,22479.92,34321.77,Supplier_081,0.345
PRD03649,L'Oreal Skincare 5319,Beauty,Skincare,L'Oreal,28725.51,38149.16,Supplier_141,0.247
PRD03650,L'Oreal Fragrances 2855,Beauty,Fragrances,L'Oreal,7444.31,11033.74,Supplier_034,0.3253
PRD03651,L'Oreal Haircare 2531,Beauty,Haircare,L'Oreal,37186.84,48755.07,Supplier_444,0.2373
PRD03652,Himalaya Skincare 3510,Beauty,Skincare,Himalaya,45137.99,48780.64,Supplier_390,0.0747
PRD03653,Lakme Haircare 8603,Beauty,Haircare,Lakme,3094.93,3368.96,Supplier_193,0.0813
PRD03654,Himalaya Haircare 7529,Beauty,Haircare,Himalaya,37201.65,57558.77,Supplier_123,0.3537
PRD03655,Biotique Skincare 9467,Beauty,Skincare,Biotique,291.22,385.17,Supplier_394,0.2439
PRD03656,Lakme Skincare 143,Beauty,Skincare,Lakme,12643.52,16068.79,Supplier_012,0.2132
PRD03657,Mamaearth Skincare 2594,Beauty,Skincare,Mamaearth,28407.48,40578.66,Supplier_421,0.2999
PRD03658,L'Oreal Haircare 7583,Beauty,Haircare,L'Oreal,34291.27,40282.8,Supplier_380,0.1487
PRD03659,Biotique Fragrances 5618,Beauty,Fragrances,Biotique,2284.23,2476.53,Supplier_154,0.0776
PRD03660,Biotique Skincare 6465,Beauty,Skincare,Biotique,21291.61,33001.74,Supplier_126,0.3548
PRD03661,Lakme Skincare 9758,Beauty,Skincare,Lakme,1201.73,1634.91,Supplier_264,0.265
PRD03662,L'Oreal Makeup 1685,Beauty,Makeup,L'Oreal,12489.61,14185.8,Supplier_371,0.1196
PRD03663,Mamaearth Haircare 1495,Beauty,Haircare,Mamaearth,4169.97,4691.95,Supplier_163,0.1113
PRD03664,Biotique Skincare 4345,Beauty,Skincare,Biotique,27787.03,34834.06,Supplier_169,0.2023
PRD03665,Biotique Haircare 397,Beauty,Haircare,Biotique,48144.49,58989.11,Supplier_097,0.1838
PRD03666,Lakme Makeup 4018,Beauty,Makeup,Lakme,3467.26,4076.19,Supplier_143,0.1494
PRD03667,Mamaearth Fragrances 9516,Beauty,Fragrances,Mamaearth,1547.07,1904.72,Supplier_311,0.1878
PRD03668,Himalaya Makeup 6726,Beauty,Makeup,Himalaya,29121.13,41087.15,Supplier_222,0.2912
PRD03669,L'Oreal Fragrances 9119,Beauty,Fragrances,L'Oreal,35819.9,40293.11,Supplier_071,0.111
PRD03670,Lakme Makeup 8932,Beauty,Makeup,Lakme,40515.16,57206.59,Supplier_467,0.2918
PRD03671,Biotique Skincare 3745,Beauty,Skincare,Biotique,7652.77,8760.53,Supplier_263,0.1264
PRD03672,Biotique Fragrances 118,Beauty,Fragrances,Biotique,46126.0,56081.07,Supplier_077,0.1775
PRD03673,L'Oreal Fragrances 1247,Beauty,Fragrances,L'Oreal,1732.35,2153.18,Supplier_255,0.1954
PRD03674,Himalaya Makeup 5973,Beauty,Makeup,Himalaya,45246.48,58809.45,Supplier_327,0.2306
PRD03675,Mamaearth Haircare 3741,Beauty,Haircare,Mamaearth,15613.07,23840.95,Supplier_177,0.3451
PRD03676,Lakme Fragrances 1651,Beauty,Fragrances,Lakme,470.64,527.58,Supplier_396,0.1079
PRD03677,Biotique Haircare 2003,Beauty,Haircare,Biotique,35075.91,39648.97,Supplier_352,0.1153
PRD03678,Lakme Fragrances 5463,Beauty,Fragrances,Lakme,31435.67,45567.95,Supplier_178,0.3101
PRD03679,Himalaya Skincare 1974,Beauty,Skincare,Himalaya,33294.65,49920.65,Supplier_453,0.333
PRD03680,Lakme Skincare 1007,Beauty,Skincare,Lakme,23259.18,27009.95,Supplier_136,0.1389
PRD03681,Mamaearth Fragrances 9300,Beauty,Fragrances,Mamaearth,1225.4,1372.53,Supplier_125,0.1072
PRD03682,Mamaearth Haircare 2979,Beauty,Haircare,Mamaearth,4378.96,4913.95,Supplier_103,0.1089
PRD03683,Biotique Haircare 7099,Beauty,Haircare,Biotique,36763.65,55691.72,Supplier_036,0.3399
PRD03684,Lakme Makeup 4433,Beauty,Makeup,Lakme,6298.42,8740.86,Supplier_485,0.2794
PRD03685,Lakme Makeup 5426,Beauty,Makeup,Lakme,24913.04,31933.79,Supplier_115,0.2199
PRD03686,Himalaya Makeup 5104,Beauty,Makeup,Himalaya,19122.69,21065.97,Supplier_336,0.0922
PRD03687,L'Oreal Haircare 3684,Beauty,Haircare,L'Oreal,48924.55,62472.35,Supplier_437,0.2169
PRD03688,Mamaearth Makeup 1543,Beauty,Makeup,Mamaearth,41269.61,45059.07,Supplier_171,0.0841
PRD03689,Lakme Haircare 3458,Beauty,Haircare,Lakme,18329.25,25991.13,Supplier_494,0.2948
PRD03690,Mamaearth Makeup 5829,Beauty,Makeup,Mamaearth,42274.95,50812.47,Supplier_286,0.168
PRD03691,Lakme Fragrances 2870,Beauty,Fragrances,Lakme,24583.89,31285.98,Supplier_084,0.2142
PRD03692,Lakme Makeup 7617,Beauty,Makeup,Lakme,37485.19,42707.71,Supplier_343,0.1223
PRD03693,Mamaearth Haircare 6522,Beauty,Haircare,Mamaearth,22680.51,24535.39,Supplier_434,0.0756
PRD03694,Mamaearth Fragrances 6656,Beauty,Fragrances,Mamaearth,46750.62,70966.73,Supplier_488,0.3412
PRD03695,L'Oreal Haircare 7340,Beauty,Haircare,L'Oreal,13839.29,15444.6,Supplier_453,0.1039
PRD03696,Biotique Fragrances 4516,Beauty,Fragrances,Biotique,22127.79,32803.16,Supplier_405,0.3254
PRD03697,Mamaearth Makeup 2715,Beauty,Makeup,Mamaearth,23380.72,26136.0,Supplier_297,0.1054
PRD03698,L'Oreal Skincare 1883,Beauty,Skincare,L'Oreal,18112.2,19871.89,Supplier_413,0.0886
PRD03699,Biotique Makeup 2485,Beauty,Makeup,Biotique,28302.98,43782.11,Supplier_065,0.3535
PRD03700,Himalaya Haircare 5139,Beauty,Haircare,Himalaya,43211.52,63153.49,Supplier_028,0.3158
PRD03701,Mamaearth Makeup 9073,Beauty,Makeup,Mamaearth,43941.32,63026.49,Supplier_079,0.3028
PRD03702,L'Oreal Skincare 7191,Beauty,Skincare,L'Oreal,4389.69,6372.06,Supplier_432,0.3111
PRD03703,Biotique Makeup 5947,Beauty,Makeup,Biotique,36925.83,46063.19,Supplier_132,0.1984
PRD03704,Lakme Haircare 4628,Beauty,Haircare,Lakme,48496.33,67417.88,Supplier_411,0.2807
PRD03705,Lakme Makeup 8178,Beauty,Makeup,Lakme,38332.43,43220.02,Supplier_397,0.1131
PRD03706,Biotique Haircare 7695,Beauty,Haircare,Biotique,27544.04,36624.27,Supplier_128,0.2479
PRD03707,Mamaearth Skincare 9713,Beauty,Skincare,Mamaearth,11713.41,13891.09,Supplier_404,0.1568
PRD03708,Biotique Makeup 3028,Beauty,Makeup,Biotique,43727.85,57557.41,Supplier_371,0.2403
PRD03709,Biotique Skincare 6977,Beauty,Skincare,Biotique,25865.02,35066.31,Supplier_275,0.2624
PRD03710,Mamaearth Skincare 399,Beauty,Skincare,Mamaearth,20287.32,30169.28,Supplier_178,0.3276
PRD03711,Lakme Skincare 2737,Beauty,Skincare,Lakme,49648.52,57861.38,Supplier_418,0.1419
PRD03712,Himalaya Makeup 1447,Beauty,Makeup,Himalaya,9843.86,14100.18,Supplier_411,0.3019
PRD03713,L'Oreal Haircare 6677,Beauty,Haircare,L'Oreal,43166.33,49023.05,Supplier_027,0.1195
PRD03714,Biotique Makeup 168,Beauty,Makeup,Biotique,37211.51,49420.96,Supplier_422,0.2471
PRD03715,Mamaearth Haircare 8377,Beauty,Haircare,Mamaearth,7156.77,10129.4,Supplier_198,0.2935
PRD03716,Lakme Skincare 3403,Beauty,Skincare,Lakme,10171.66,11284.1,Supplier_054,0.0986
PRD03717,Biotique Fragrances 910,Beauty,Fragrances,Biotique,41412.19,56849.08,Supplier_042,0.2715
PRD03718,Himalaya Skincare 4979,Beauty,Skincare,Himalaya,1670.06,1814.03,Supplier_471,0.0794
PRD03719,Lakme Fragrances 8232,Beauty,Fragrances,Lakme,12073.06,17295.86,Supplier_383,0.302
PRD03720,Biotique Skincare 9189,Beauty,Skincare,Biotique,41140.65,59164.61,Supplier_213,0.3046
PRD03721,Lakme Skincare 2649,Beauty,Skincare,Lakme,44237.07,63529.08,Supplier_390,0.3037
PRD03722,Biotique Makeup 8412,Beauty,Makeup,Biotique,48889.58,75563.41,Supplier_133,0.353
PRD03723,Biotique Skincare 7745,Beauty,Skincare,Biotique,32418.31,47892.82,Supplier_421,0.3231
PRD03724,Himalaya Makeup 1362,Beauty,Makeup,Himalaya,46067.16,63364.58,Supplier_106,0.273
PRD03725,Himalaya Fragrances 2055,Beauty,Fragrances,Himalaya,11211.67,14902.01,Supplier_012,0.2476
PRD03726,L'Oreal Fragrances 7368,Beauty,Fragrances,L'Oreal,27927.68,39035.02,Supplier_268,0.2845
PRD03727,Mamaearth Skincare 1021,Beauty,Skincare,Mamaearth,6923.21,8999.84,Supplier_367,0.2307
PRD03728,Mamaearth Haircare 7091,Beauty,Haircare,Mamaearth,5641.96,7195.11,Supplier_015,0.2159
PRD03729,Biotique Skincare 2226,Beauty,Skincare,Biotique,23525.58,34637.91,Supplier_458,0.3208
PRD03730,Biotique Haircare 6394,Beauty,Haircare,Biotique,43961.81,59629.67,Supplier_129,0.2628
PRD03731,Mamaearth Fragrances 8048,Beauty,Fragrances,Mamaearth,38755.95,51610.24,Supplier_174,0.2491
PRD03732,Lakme Haircare 1837,Beauty,Haircare,Lakme,22398.06,28603.13,Supplier_461,0.2169
PRD03733,L'Oreal Skincare 9095,Beauty,Skincare,L'Oreal,39923.53,53381.91,Supplier_188,0.2521
PRD03734,Mamaearth Makeup 341,Beauty,Makeup,Mamaearth,43363.22,57032.85,Supplier_087,0.2397
PRD03735,Himalaya Makeup 3594,Beauty,Makeup,Himalaya,9748.03,14046.67,Supplier_449,0.306
PRD03736,L'Oreal Fragrances 6501,Beauty,Fragrances,L'Oreal,8155.35,11967.1,Supplier_300,0.3185
PRD03737,Mamaearth Skincare 9135,Beauty,Skincare,Mamaearth,30143.12,43370.12,Supplier_181,0.305
PRD03738,Himalaya Fragrances 6472,Beauty,Fragrances,Himalaya,19950.62,25974.01,Supplier_411,0.2319
PRD03739,Himalaya Fragrances 2039,Beauty,Fragrances,Himalaya,3361.35,4609.35,Supplier_126,0.2708
PRD03740,L'Oreal Makeup 1991,Beauty,Makeup,L'Oreal,4517.66,4995.68,Supplier_430,0.0957
PRD03741,Himalaya Fragrances 172,Beauty,Fragrances,Himalaya,41181.4,51993.4,Supplier_246,0.2079
PRD03742,L'Oreal Skincare 8663,Beauty,Skincare,L'Oreal,9921.37,10931.54,Supplier_393,0.0924
PRD03743,L'Oreal Makeup 1943,Beauty,Makeup,L'Oreal,14139.36,16678.57,Supplier_318,0.1522
PRD03744,Biotique Haircare 4897,Beauty,Haircare,Biotique,6890.83,9196.91,Supplier_258,0.2507
PRD03745,L'Oreal Skincare 1855,Beauty,Skincare,L'Oreal,1228.08,1500.31,Supplier_379,0.1814
PRD03746,Biotique Fragrances 353,Beauty,Fragrances,Biotique,40477.98,45135.35,Supplier_162,0.1032
PRD03747,Lakme Haircare 1267,Beauty,Haircare,Lakme,7410.64,9286.28,Supplier_194,0.202
PRD03748,Himalaya Fragrances 6459,Beauty,Fragrances,Himalaya,38194.35,54072.67,Supplier_358,0.2936
PRD03749,Mamaearth Makeup 5506,Beauty,Makeup,Mamaearth,35660.11,42620.32,Supplier_120,0.1633
PRD03750,Biotique Makeup 379,Beauty,Makeup,Biotique,4581.23,4954.49,Supplier_420,0.0753
PRD03751,ITC Snacks & Beverages 2647,Groceries,Snacks & Beverages,ITC,45608.59,58273.51,Supplier_252,0.2173
PRD03752,Amul Packaged Foods 5620,Groceries,Packaged Foods,Amul,16036.86,19179.88,Supplier_165,0.1639
PRD03753,Nestle Snacks & Beverages 7457,Groceries,Snacks & Beverages,Nestle,27323.13,30489.59,Supplier_465,0.1039
PRD03754,ITC Packaged Foods 9803,Groceries,Packaged Foods,ITC,40368.64,46140.29,Supplier_191,0.1251
PRD03755,Haldiram's Packaged Foods 2635,Groceries,Packaged Foods,Haldiram's,4968.2,6211.6,Supplier_193,0.2002
PRD03756,Haldiram's Snacks & Beverages 6380,Groceries,Snacks & Beverages,Haldiram's,23119.9,27437.05,Supplier_010,0.1573
PRD03757,ITC Dairy & Eggs 6158,Groceries,Dairy & Eggs,ITC,39349.06,50544.34,Supplier_396,0.2215
PRD03758,Britannia Fresh Produce 700,Groceries,Fresh Produce,Britannia,38669.55,50279.12,Supplier_184,0.2309
PRD03759,Britannia Snacks & Beverages 1101,Groceries,Snacks & Beverages,Britannia,5132.19,6654.02,Supplier_424,0.2287
PRD03760,Amul Packaged Foods 7975,Groceries,Packaged Foods,Amul,18114.61,26421.77,Supplier_273,0.3144
PRD03761,Britannia Dairy & Eggs 1700,Groceries,Dairy & Eggs,Britannia,33245.74,36861.7,Supplier_250,0.0981
PRD03762,ITC Fresh Produce 3142,Groceries,Fresh Produce,ITC,48936.07,65042.69,Supplier_455,0.2476
PRD03763,ITC Packaged Foods 8345,Groceries,Packaged Foods,ITC,41075.83,60588.99,Supplier_434,0.3221
PRD03764,Britannia Fresh Produce 2754,Groceries,Fresh Produce,Britannia,33602.36,42344.41,Supplier_289,0.2065
PRD03765,ITC Dairy & Eggs 8752,Groceries,Dairy & Eggs,ITC,13015.03,18654.68,Supplier_207,0.3023
PRD03766,Britannia Dairy & Eggs 5019,Groceries,Dairy & Eggs,Britannia,9337.53,12349.92,Supplier_024,0.2439
PRD03767,Britannia Packaged Foods 7396,Groceries,Packaged Foods,Britannia,21459.11,24548.58,Supplier_335,0.1259
PRD03768,Nestle Packaged Foods 3483,Groceries,Packaged Foods,Nestle,7233.65,11027.19,Supplier_483,0.344
PRD03769,Nestle Fresh Produce 6668,Groceries,Fresh Produce,Nestle,36345.13,55769.45,Supplier_244,0.3483
PRD03770,Nestle Packaged Foods 8767,Groceries,Packaged Foods,Nestle,17938.82,20431.04,Supplier_221,0.122
PRD03771,Haldiram's Packaged Foods 594,Groceries,Packaged Foods,Haldiram's,2653.31,3982.84,Supplier_409,0.3338
PRD03772,Haldiram's Fresh Produce 6545,Groceries,Fresh Produce,Haldiram's,45930.2,60901.53,Supplier_303,0.2458
PRD03773,Nestle Dairy & Eggs 6170,Groceries,Dairy & Eggs,Nestle,2923.84,3617.57,Supplier_399,0.1918
PRD03774,ITC Dairy & Eggs 8698,Groceries,Dairy & Eggs,ITC,351.02,509.14,Supplier_484,0.3106
PRD03775,Britannia Dairy & Eggs 1473,Groceries,Dairy & Eggs,Britannia,10040.74,12817.17,Supplier_490,0.2166
PRD03776,Haldiram's Fresh Produce 4316,Groceries,Fresh Produce,Haldiram's,42695.03,54720.52,Supplier_398,0.2198
PRD03777,ITC Snacks & Beverages 5370,Groceries,Snacks & Beverages,ITC,9633.01,13374.78,Supplier_211,0.2798
PRD03778,Amul Packaged Foods 7691,Groceries,Packaged Foods,Amul,36850.43,48461.63,Supplier_256,0.2396
PRD03779,ITC Fresh Produce 1361,Groceries,Fresh Produce,ITC,12771.82,16412.77,Supplier_301,0.2218
PRD03780,Nestle Snacks & Beverages 2511,Groceries,Snacks & Beverages,Nestle,41567.12,55187.64,Supplier_433,0.2468
PRD03781,Britannia Dairy & Eggs 2233,Groceries,Dairy & Eggs,Britannia,10542.39,13379.85,Supplier_234,0.2121
PRD03782,Nestle Dairy & Eggs 2512,Groceries,Dairy & Eggs,Nestle,3028.83,3521.77,Supplier_247,0.14
PRD03783,Amul Snacks & Beverages 6178,Groceries,Snacks & Beverages,Amul,38090.76,56103.15,Supplier_334,0.3211
PRD03784,Britannia Packaged Foods 1846,Groceries,Packaged Foods,Britannia,30357.03,46606.99,Supplier_217,0.3487
PRD03785,Amul Dairy & Eggs 8999,Groceries,Dairy & Eggs,Amul,38982.92,44989.36,Supplier_191,0.1335
PRD03786,ITC Snacks & Beverages 9555,Groceries,Snacks & Beverages,ITC,13446.83,18014.3,Supplier_284,0.2535
PRD03787,Amul Dairy & Eggs 7060,Groceries,Dairy & Eggs,Amul,18771.11,28565.85,Supplier_490,0.3429
PRD03788,Nestle Snacks & Beverages 3166,Groceries,Snacks & Beverages,Nestle,29246.48,42671.83,Supplier_016,0.3146
PRD03789,Britannia Dairy & Eggs 9104,Groceries,Dairy & Eggs,Britannia,49745.35,76729.97,Supplier_008,0.3517
PRD03790,ITC Snacks & Beverages 8217,Groceries,Snacks & Beverages,ITC,9260.02,11730.91,Supplier_425,0.2106
PRD03791,Amul Snacks & Beverages 1270,Groceries,Snacks & Beverages,Amul,21144.03,23086.71,Supplier_231,0.0841
PRD03792,Amul Packaged Foods 1417,Groceries,Packaged Foods,Amul,46083.48,67232.34,Supplier_205,0.3146
PRD03793,Britannia Dairy & Eggs 5710,Groceries,Dairy & Eggs,Britannia,44360.34,48729.33,Supplier_351,0.0897
PRD03794,Amul Snacks & Beverages 3126,Groceries,Snacks & Beverages,Amul,14595.7,17123.58,Supplier_212,0.1476
PRD03795,Nestle Packaged Foods 9562,Groceries,Packaged Foods,Nestle,12727.57,15418.71,Supplier_115,0.1745
PRD03796,Britannia Snacks & Beverages 7367,Groceries,Snacks & Beverages,Britannia,8037.49,9733.07,Supplier_222,0.1742
PRD03797,Haldiram's Dairy & Eggs 9321,Groceries,Dairy & Eggs,Haldiram's,316.2,374.53,Supplier_017,0.1557
PRD03798,ITC Packaged Foods 5831,Groceries,Packaged Foods,ITC,13042.47,15043.82,Supplier_316,0.133
PRD03799,Amul Fresh Produce 3784,Groceries,Fresh Produce,Amul,34959.1,41353.9,Supplier_066,0.1546
PRD03800,Nestle Packaged Foods 8962,Groceries,Packaged Foods,Nestle,49565.76,65021.87,Supplier_441,0.2377
PRD03801,Nestle Snacks & Beverages 6450,Groceries,Snacks & Beverages,Nestle,44745.64,50804.21,Supplier_114,0.1193
PRD03802,Amul Fresh Produce 7132,Groceries,Fresh Produce,Amul,14958.33,21585.32,Supplier_031,0.307
PRD03803,Britannia Dairy & Eggs 5525,Groceries,Dairy & Eggs,Britannia,35940.39,46460.3,Supplier_422,0.2264
PRD03804,Britannia Dairy & Eggs 5076,Groceries,Dairy & Eggs,Britannia,43157.48,57826.42,Supplier_183,0.2537
PRD03805,Haldiram's Dairy & Eggs 9707,Groceries,Dairy & Eggs,Haldiram's,24488.14,33622.5,Supplier_192,0.2717
PRD03806,Britannia Snacks & Beverages 9047,Groceries,Snacks & Beverages,Britannia,36153.16,47637.67,Supplier_223,0.2411
PRD03807,Amul Fresh Produce 6053,Groceries,Fresh Produce,Amul,20963.86,27519.8,Supplier_386,0.2382
PRD03808,Amul Packaged Foods 1792,Groceries,Packaged Foods,Amul,8523.83,11391.68,Supplier_290,0.2517
PRD03809,Haldiram's Dairy & Eggs 1373,Groceries,Dairy & Eggs,Haldiram's,2370.55,2767.62,Supplier_463,0.1435
PRD03810,ITC Fresh Produce 633,Groceries,Fresh Produce,ITC,44111.73,52579.08,Supplier_144,0.161
PRD03811,Haldiram's Fresh Produce 3789,Groceries,Fresh Produce,Haldiram's,28642.49,31399.6,Supplier_089,0.0878
PRD03812,ITC Dairy & Eggs 2939,Groceries,Dairy & Eggs,ITC,47858.06,57248.53,Supplier_004,0.164
PRD03813,Nestle Dairy & Eggs 6231,Groceries,Dairy & Eggs,Nestle,17908.17,19683.7,Supplier_464,0.0902
PRD03814,ITC Fresh Produce 3806,Groceries,Fresh Produce,ITC,42682.68,47288.5,Supplier_173,0.0974
PRD03815,ITC Fresh Produce 647,Groceries,Fresh Produce,ITC,39820.92,55788.58,Supplier_116,0.2862
PRD03816,Haldiram's Packaged Foods 9279,Groceries,Packaged Foods,Haldiram's,25239.47,33835.04,Supplier_146,0.254
PRD03817,Haldiram's Dairy & Eggs 3257,Groceries,Dairy & Eggs,Haldiram's,9722.37,14045.03,Supplier_449,0.3078
PRD03818,ITC Dairy & Eggs 2774,Groceries,Dairy & Eggs,ITC,42497.6,53769.4,Supplier_304,0.2096
PRD03819,Nestle Packaged Foods 5782,Groceries,Packaged Foods,Nestle,411.76,548.7,Supplier_289,0.2496
PRD03820,Amul Dairy & Eggs 4514,Groceries,Dairy & Eggs,Amul,6359.96,9756.06,Supplier_386,0.3481
PRD03821,Amul Fresh Produce 7379,Groceries,Fresh Produce,Amul,8126.53,10991.13,Supplier_400,0.2606
PRD03822,Haldiram's Fresh Produce 9949,Groceries,Fresh Produce,Haldiram's,19671.45,29637.14,Supplier_315,0.3363
PRD03823,Amul Dairy & Eggs 8233,Groceries,Dairy & Eggs,Amul,5939.32,7092.03,Supplier_206,0.1625
PRD03824,Amul Dairy & Eggs 6189,Groceries,Dairy & Eggs,Amul,24082.05,29505.94,Supplier_143,0.1838
PRD03825,Amul Dairy & Eggs 9853,Groceries,Dairy & Eggs,Amul,45325.4,57130.29,Supplier_397,0.2066
PRD03826,Amul Fresh Produce 5701,Groceries,Fresh Produce,Amul,28339.54,42616.8,Supplier_319,0.335
PRD03827,Haldiram's Snacks & Beverages 1345,Groceries,Snacks & Beverages,Haldiram's,6665.33,8437.61,Supplier_360,0.21
PRD03828,Amul Dairy & Eggs 6666,Groceries,Dairy & Eggs,Amul,24106.8,28665.3,Supplier_066,0.159
PRD03829,ITC Packaged Foods 8434,Groceries,Packaged Foods,ITC,23698.95,27278.39,Supplier_323,0.1312
PRD03830,ITC Packaged Foods 2424,Groceries,Packaged Foods,ITC,19185.6,28811.6,Supplier_360,0.3341
PRD03831,Haldiram's Snacks & Beverages 3844,Groceries,Snacks & Beverages,Haldiram's,21314.89,27513.84,Supplier_014,0.2253
PRD03832,Haldiram's Snacks & Beverages 8833,Groceries,Snacks & Beverages,Haldiram's,29674.92,41251.91,Supplier_463,0.2806
PRD03833,ITC Fresh Produce 3230,Groceries,Fresh Produce,ITC,43734.27,52792.8,Supplier_086,0.1716
PRD03834,Amul Snacks & Beverages 5537,Groceries,Snacks & Beverages,Amul,17723.95,21060.09,Supplier_182,0.1584
PRD03835,ITC Snacks & Beverages 2386,Groceries,Snacks & Beverages,ITC,4749.65,5598.15,Supplier_052,0.1516
PRD03836,ITC Snacks & Beverages 8577,Groceries,Snacks & Beverages,ITC,11926.25,17596.21,Supplier_436,0.3222
PRD03837,Britannia Packaged Foods 2388,Groceries,Packaged Foods,Britannia,45870.4,59478.67,Supplier_134,0.2288
PRD03838,Haldiram's Packaged Foods 4217,Groceries,Packaged Foods,Haldiram's,48692.55,61155.41,Supplier_441,0.2038
PRD03839,Nestle Dairy & Eggs 3970,Groceries,Dairy & Eggs,Nestle,48538.85,63867.79,Supplier_363,0.24
PRD03840,ITC Fresh Produce 1893,Groceries,Fresh Produce,ITC,35035.58,46725.53,Supplier_303,0.2502
PRD03841,Amul Dairy & Eggs 8171,Groceries,Dairy & Eggs,Amul,15160.43,20240.44,Supplier_022,0.251
PRD03842,Britannia Packaged Foods 3348,Groceries,Packaged Foods,Britannia,31720.67,46625.32,Supplier_493,0.3197
PRD03843,Nestle Dairy & Eggs 9245,Groceries,Dairy & Eggs,Nestle,37889.81,51408.46,Supplier_221,0.263
PRD03844,Amul Fresh Produce 1036,Groceries,Fresh Produce,Amul,17930.52,24568.94,Supplier_085,0.2702
PRD03845,Britannia Fresh Produce 7199,Groceries,Fresh Produce,Britannia,35834.76,49910.32,Supplier_141,0.282
PRD03846,Haldiram's Snacks & Beverages 5986,Groceries,Snacks & Beverages,Haldiram's,16710.5,22001.45,Supplier_377,0.2405
PRD03847,Haldiram's Dairy & Eggs 7263,Groceries,Dairy & Eggs,Haldiram's,8631.22,12464.98,Supplier_364,0.3076
PRD03848,Nestle Packaged Foods 8421,Groceries,Packaged Foods,Nestle,20256.31,23513.39,Supplier_137,0.1385
PRD03849,Britannia Packaged Foods 2857,Groceries,Packaged Foods,Britannia,6310.2,8548.53,Supplier_186,0.2618
PRD03850,Nestle Fresh Produce 5324,Groceries,Fresh Produce,Nestle,43120.06,59492.51,Supplier_378,0.2752
PRD03851,Amul Fresh Produce 9200,Groceries,Fresh Produce,Amul,39297.49,49677.58,Supplier_082,0.2089
PRD03852,Nestle Dairy & Eggs 1841,Groceries,Dairy & Eggs,Nestle,43485.34,47140.4,Supplier_274,0.0775
PRD03853,ITC Dairy & Eggs 6747,Groceries,Dairy & Eggs,ITC,36480.34,50778.21,Supplier_087,0.2816
PRD03854,Britannia Fresh Produce 9749,Groceries,Fresh Produce,Britannia,8646.56,11009.31,Supplier_390,0.2146
PRD03855,Nestle Fresh Produce 2877,Groceries,Fresh Produce,Nestle,32323.65,36286.55,Supplier_406,0.1092
PRD03856,Nestle Dairy & Eggs 9434,Groceries,Dairy & Eggs,Nestle,46106.8,51684.76,Supplier_294,0.1079
PRD03857,Haldiram's Dairy & Eggs 6940,Groceries,Dairy & Eggs,Haldiram's,621.66,675.32,Supplier_202,0.0795
PRD03858,Britannia Dairy & Eggs 104,Groceries,Dairy & Eggs,Britannia,2035.88,2590.98,Supplier_135,0.2142
PRD03859,Amul Fresh Produce 3281,Groceries,Fresh Produce,Amul,48145.51,60172.94,Supplier_095,0.1999
PRD03860,Britannia Snacks & Beverages 407,Groceries,Snacks & Beverages,Britannia,41805.9,57863.44,Supplier_368,0.2775
PRD03861,Haldiram's Dairy & Eggs 1482,Groceries,Dairy & Eggs,Haldiram's,3789.82,5406.34,Supplier_295,0.299
PRD03862,Nestle Dairy & Eggs 3010,Groceries,Dairy & Eggs,Nestle,18568.24,21806.03,Supplier_069,0.1485
PRD03863,ITC Dairy & Eggs 9797,Groceries,Dairy & Eggs,ITC,41825.88,47012.86,Supplier_114,0.1103
PRD03864,Amul Packaged Foods 448,Groceries,Packaged Foods,Amul,34756.65,44396.05,Supplier_478,0.2171
PRD03865,Britannia Dairy & Eggs 6653,Groceries,Dairy & Eggs,Britannia,24318.38,26689.85,Supplier_144,0.0889
PRD03866,Amul Packaged Foods 999,Groceries,Packaged Foods,Amul,46177.27,66113.4,Supplier_243,0.3015
PRD03867,Nestle Packaged Foods 8713,Groceries,Packaged Foods,Nestle,19576.57,23152.09,Supplier_366,0.1544
PRD03868,Amul Fresh Produce 7686,Groceries,Fresh Produce,Amul,785.53,968.57,Supplier_089,0.189
PRD03869,ITC Dairy & Eggs 7073,Groceries,Dairy & Eggs,ITC,21211.78,27342.1,Supplier_338,0.2242
PRD03870,Nestle Dairy & Eggs 3347,Groceries,Dairy & Eggs,Nestle,33681.17,39630.12,Supplier_403,0.1501
PRD03871,Amul Packaged Foods 4343,Groceries,Packaged Foods,Amul,670.92,1020.01,Supplier_145,0.3422
PRD03872,Britannia Snacks & Beverages 1724,Groceries,Snacks & Beverages,Britannia,15018.53,22845.96,Supplier_200,0.3426
PRD03873,ITC Fresh Produce 3321,Groceries,Fresh Produce,ITC,45001.41,54686.68,Supplier_236,0.1771
PRD03874,Britannia Dairy & Eggs 8674,Groceries,Dairy & Eggs,Britannia,23519.92,35292.51,Supplier_186,0.3336
PRD03875,Britannia Packaged Foods 7013,Groceries,Packaged Foods,Britannia,44720.07,64104.63,Supplier_440,0.3024
PRD03876,ITC Dairy & Eggs 837,Groceries,Dairy & Eggs,ITC,30240.04,35218.41,Supplier_420,0.1414
PRD03877,Britannia Fresh Produce 5673,Groceries,Fresh Produce,Britannia,40452.16,52688.51,Supplier_052,0.2322
PRD03878,Amul Packaged Foods 8200,Groceries,Packaged Foods,Amul,49900.37,73496.75,Supplier_318,0.3211
PRD03879,Nestle Dairy & Eggs 2863,Groceries,Dairy & Eggs,Nestle,15024.0,17516.38,Supplier_147,0.1423
PRD03880,Britannia Dairy & Eggs 1374,Groceries,Dairy & Eggs,Britannia,15417.24,22240.96,Supplier_394,0.3068
PRD03881,Nestle Packaged Foods 5592,Groceries,Packaged Foods,Nestle,10990.26,13653.36,Supplier_408,0.1951
PRD03882,Haldiram's Dairy & Eggs 7450,Groceries,Dairy & Eggs,Haldiram's,41204.54,55589.94,Supplier_292,0.2588
PRD03883,Nestle Snacks & Beverages 8882,Groceries,Snacks & Beverages,Nestle,17978.82,21896.55,Supplier_190,0.1789
PRD03884,Britannia Dairy & Eggs 9265,Groceries,Dairy & Eggs,Britannia,42111.23,48188.02,Supplier_291,0.1261
PRD03885,ITC Snacks & Beverages 8549,Groceries,Snacks & Beverages,ITC,34426.31,39978.92,Supplier_223,0.1389
PRD03886,Amul Fresh Produce 152,Groceries,Fresh Produce,Amul,32659.21,50303.31,Supplier_305,0.3508
PRD03887,Nestle Fresh Produce 5227,Groceries,Fresh Produce,Nestle,25067.95,31046.45,Supplier_247,0.1926
PRD03888,Nestle Fresh Produce 3941,Groceries,Fresh Produce,Nestle,4613.94,6557.67,Supplier_165,0.2964
PRD03889,Amul Snacks & Beverages 8843,Groceries,Snacks & Beverages,Amul,29098.47,34440.25,Supplier_040,0.1551
PRD03890,Britannia Fresh Produce 6826,Groceries,Fresh Produce,Britannia,2543.05,3330.64,Supplier_378,0.2365
PRD03891,ITC Snacks & Beverages 8661,Groceries,Snacks & Beverages,ITC,11145.34,14683.3,Supplier_135,0.241
PRD03892,Nestle Fresh Produce 6246,Groceries,Fresh Produce,Nestle,22878.97,28969.45,Supplier_043,0.2102
PRD03893,ITC Packaged Foods 6884,Groceries,Packaged Foods,ITC,43929.59,52737.97,Supplier_435,0.167
PRD03894,Nestle Packaged Foods 3931,Groceries,Packaged Foods,Nestle,33987.86,42900.11,Supplier_207,0.2077
PRD03895,ITC Snacks & Beverages 1527,Groceries,Snacks & Beverages,ITC,32973.12,49283.8,Supplier_266,0.331
PRD03896,Haldiram's Fresh Produce 1079,Groceries,Fresh Produce,Haldiram's,37339.91,50352.46,Supplier_077,0.2584
PRD03897,Britannia Packaged Foods 1902,Groceries,Packaged Foods,Britannia,46228.92,53554.38,Supplier_006,0.1368
PRD03898,ITC Fresh Produce 9309,Groceries,Fresh Produce,ITC,2098.43,2714.48,Supplier_198,0.2269
PRD03899,ITC Snacks & Beverages 7118,Groceries,Snacks & Beverages,ITC,48815.84,61057.4,Supplier_018,0.2005
PRD03900,Amul Fresh Produce 4474,Groceries,Fresh Produce,Amul,11433.29,13680.5,Supplier_469,0.1643
PRD03901,Haldiram's Packaged Foods 6593,Groceries,Packaged Foods,Haldiram's,25484.34,30053.65,Supplier_248,0.152
PRD03902,Nestle Packaged Foods 2070,Groceries,Packaged Foods,Nestle,1161.55,1475.33,Supplier_281,0.2127
PRD03903,Nestle Dairy & Eggs 7888,Groceries,Dairy & Eggs,Nestle,36758.03,46965.59,Supplier_467,0.2173
PRD03904,Amul Fresh Produce 7507,Groceries,Fresh Produce,Amul,30734.7,44332.22,Supplier_261,0.3067
PRD03905,ITC Packaged Foods 9894,Groceries,Packaged Foods,ITC,10940.6,15723.46,Supplier_414,0.3042
PRD03906,Britannia Snacks & Beverages 6894,Groceries,Snacks & Beverages,Britannia,23562.87,27720.91,Supplier_105,0.15
PRD03907,Nestle Fresh Produce 8352,Groceries,Fresh Produce,Nestle,34833.96,48976.26,Supplier_388,0.2888
PRD03908,Britannia Packaged Foods 5386,Groceries,Packaged Foods,Britannia,1252.32,1849.18,Supplier_435,0.3228
PRD03909,ITC Snacks & Beverages 2032,Groceries,Snacks & Beverages,ITC,28571.54,32723.83,Supplier_356,0.1269
PRD03910,Amul Packaged Foods 7023,Groceries,Packaged Foods,Amul,13154.97,19502.64,Supplier_392,0.3255
PRD03911,Haldiram's Snacks & Beverages 7354,Groceries,Snacks & Beverages,Haldiram's,43222.71,60551.26,Supplier_016,0.2862
PRD03912,Britannia Packaged Foods 1242,Groceries,Packaged Foods,Britannia,10336.34,15238.86,Supplier_206,0.3217
PRD03913,Haldiram's Dairy & Eggs 342,Groceries,Dairy & Eggs,Haldiram's,46550.08,65067.61,Supplier_243,0.2846
PRD03914,Haldiram's Dairy & Eggs 8438,Groceries,Dairy & Eggs,Haldiram's,29088.65,41898.32,Supplier_430,0.3057
PRD03915,Haldiram's Snacks & Beverages 8136,Groceries,Snacks & Beverages,Haldiram's,40829.23,61951.4,Supplier_062,0.3409
PRD03916,Britannia Dairy & Eggs 3443,Groceries,Dairy & Eggs,Britannia,35136.27,53896.03,Supplier_396,0.3481
PRD03917,Britannia Dairy & Eggs 199,Groceries,Dairy & Eggs,Britannia,4567.33,6515.95,Supplier_274,0.2991
PRD03918,ITC Packaged Foods 9722,Groceries,Packaged Foods,ITC,30556.76,35465.99,Supplier_150,0.1384
PRD03919,Amul Dairy & Eggs 8874,Groceries,Dairy & Eggs,Amul,10352.03,14563.9,Supplier_352,0.2892
PRD03920,Amul Dairy & Eggs 5454,Groceries,Dairy & Eggs,Amul,33744.86,40209.72,Supplier_155,0.1608
PRD03921,Amul Snacks & Beverages 6957,Groceries,Snacks & Beverages,Amul,14149.74,20436.34,Supplier_231,0.3076
PRD03922,Britannia Snacks & Beverages 5670,Groceries,Snacks & Beverages,Britannia,29960.78,33251.95,Supplier_420,0.099
PRD03923,Nestle Packaged Foods 8791,Groceries,Packaged Foods,Nestle,149.49,179.61,Supplier_084,0.1677
PRD03924,Nestle Fresh Produce 4653,Groceries,Fresh Produce,Nestle,28092.49,37108.38,Supplier_338,0.243
PRD03925,Amul Dairy & Eggs 1334,Groceries,Dairy & Eggs,Amul,34883.87,50509.08,Supplier_239,0.3094
PRD03926,Britannia Snacks & Beverages 191,Groceries,Snacks & Beverages,Britannia,23600.23,35027.82,Supplier_198,0.3262
PRD03927,ITC Packaged Foods 5731,Groceries,Packaged Foods,ITC,33183.02,46408.66,Supplier_453,0.285
PRD03928,Amul Snacks & Beverages 9617,Groceries,Snacks & Beverages,Amul,19011.7,28135.98,Supplier_472,0.3243
PRD03929,Haldiram's Dairy & Eggs 7452,Groceries,Dairy & Eggs,Haldiram's,4703.02,5082.52,Supplier_397,0.0747
PRD03930,Amul Snacks & Beverages 2657,Groceries,Snacks & Beverages,Amul,23823.9,36220.68,Supplier_212,0.3423
PRD03931,Amul Fresh Produce 609,Groceries,Fresh Produce,Amul,22341.01,24631.51,Supplier_263,0.093
PRD03932,Haldiram's Snacks & Beverages 1174,Groceries,Snacks & Beverages,Haldiram's,32049.06,47660.13,Supplier_233,0.3275
PRD03933,Britannia Dairy & Eggs 6893,Groceries,Dairy & Eggs,Britannia,7553.62,8745.84,Supplier_282,0.1363
PRD03934,ITC Dairy & Eggs 5445,Groceries,Dairy & Eggs,ITC,41654.53,61480.01,Supplier_386,0.3225
PRD03935,Amul Snacks & Beverages 9593,Groceries,Snacks & Beverages,Amul,22909.28,30301.64,Supplier_495,0.244
PRD03936,Haldiram's Fresh Produce 4615,Groceries,Fresh Produce,Haldiram's,9233.34,12779.1,Supplier_046,0.2775
PRD03937,Britannia Snacks & Beverages 9804,Groceries,Snacks & Beverages,Britannia,27014.85,34546.64,Supplier_351,0.218
PRD03938,Haldiram's Snacks & Beverages 1905,Groceries,Snacks & Beverages,Haldiram's,44233.69,55773.94,Supplier_088,0.2069
PRD03939,Britannia Packaged Foods 642,Groceries,Packaged Foods,Britannia,19626.06,21339.64,Supplier_272,0.0803
PRD03940,Amul Dairy & Eggs 1030,Groceries,Dairy & Eggs,Amul,12043.38,13686.36,Supplier_326,0.12
PRD03941,Britannia Dairy & Eggs 4434,Groceries,Dairy & Eggs,Britannia,9771.19,14692.32,Supplier_144,0.3349
PRD03942,Nestle Fresh Produce 3112,Groceries,Fresh Produce,Nestle,16336.88,22211.38,Supplier_329,0.2645
PRD03943,ITC Fresh Produce 8038,Groceries,Fresh Produce,ITC,49916.08,69873.5,Supplier_461,0.2856
PRD03944,Amul Snacks & Beverages 4937,Groceries,Snacks & Beverages,Amul,8973.2,12794.16,Supplier_415,0.2986
PRD03945,ITC Dairy & Eggs 3621,Groceries,Dairy & Eggs,ITC,8157.2,12171.73,Supplier_209,0.3298
PRD03946,Haldiram's Snacks & Beverages 3750,Groceries,Snacks & Beverages,Haldiram's,4546.74,6889.38,Supplier_235,0.34
PRD03947,Nestle Fresh Produce 4462,Groceries,Fresh Produce,Nestle,497.3,665.94,Supplier_292,0.2532
PRD03948,Britannia Packaged Foods 1063,Groceries,Packaged Foods,Britannia,41154.76,62374.86,Supplier_128,0.3402
PRD03949,Britannia Packaged Foods 4911,Groceries,Packaged Foods,Britannia,88.42,133.66,Supplier_125,0.3385
PRD03950,ITC Packaged Foods 5151,Groceries,Packaged Foods,ITC,6691.23,9631.9,Supplier_022,0.3053
PRD03951,ITC Fresh Produce 4291,Groceries,Fresh Produce,ITC,11154.18,16052.27,Supplier_257,0.3051
PRD03952,Haldiram's Snacks & Beverages 4661,Groceries,Snacks & Beverages,Haldiram's,40766.87,59160.61,Supplier_348,0.3109
PRD03953,Nestle Snacks & Beverages 4556,Groceries,Snacks & Beverages,Nestle,43691.51,64170.7,Supplier_431,0.3191
PRD03954,Amul Dairy & Eggs 7501,Groceries,Dairy & Eggs,Amul,17646.29,25003.37,Supplier_256,0.2942
PRD03955,Haldiram's Dairy & Eggs 6654,Groceries,Dairy & Eggs,Haldiram's,18503.46,28150.48,Supplier_211,0.3427
PRD03956,Nestle Dairy & Eggs 729,Groceries,Dairy & Eggs,Nestle,48038.47,57093.04,Supplier_196,0.1586
PRD03957,Britannia Packaged Foods 8766,Groceries,Packaged Foods,Britannia,30235.73,41535.33,Supplier_209,0.272
PRD03958,Haldiram's Fresh Produce 5185,Groceries,Fresh Produce,Haldiram's,3730.82,4683.04,Supplier_291,0.2033
PRD03959,Nestle Packaged Foods 4303,Groceries,Packaged Foods,Nestle,6787.68,7491.79,Supplier_096,0.094
PRD03960,Nestle Packaged Foods 2210,Groceries,Packaged Foods,Nestle,8330.99,10605.71,Supplier_006,0.2145
PRD03961,Britannia Packaged Foods 9425,Groceries,Packaged Foods,Britannia,19937.85,30589.73,Supplier_299,0.3482
PRD03962,Nestle Packaged Foods 9766,Groceries,Packaged Foods,Nestle,9497.73,11796.5,Supplier_466,0.1949
PRD03963,Haldiram's Dairy & Eggs 9081,Groceries,Dairy & Eggs,Haldiram's,45744.92,62373.43,Supplier_127,0.2666
PRD03964,ITC Dairy & Eggs 6650,Groceries,Dairy & Eggs,ITC,37587.21,53575.22,Supplier_285,0.2984
PRD03965,Britannia Packaged Foods 7207,Groceries,Packaged Foods,Britannia,22574.44,26367.55,Supplier_007,0.1439
PRD03966,Amul Fresh Produce 900,Groceries,Fresh Produce,Amul,12390.6,16440.35,Supplier_268,0.2463
PRD03967,Haldiram's Fresh Produce 3379,Groceries,Fresh Produce,Haldiram's,40664.27,45745.41,Supplier_309,0.1111
PRD03968,Haldiram's Dairy & Eggs 6693,Groceries,Dairy & Eggs,Haldiram's,4277.66,6612.36,Supplier_006,0.3531
PRD03969,Amul Snacks & Beverages 913,Groceries,Snacks & Beverages,Amul,44845.4,54536.88,Supplier_335,0.1777
PRD03970,Britannia Packaged Foods 1203,Groceries,Packaged Foods,Britannia,7382.37,10113.56,Supplier_490,0.2701
PRD03971,Nestle Fresh Produce 9340,Groceries,Fresh Produce,Nestle,42652.71,63519.96,Supplier_037,0.3285
PRD03972,ITC Dairy & Eggs 9519,Groceries,Dairy & Eggs,ITC,5954.53,7002.16,Supplier_254,0.1496
PRD03973,Nestle Fresh Produce 7801,Groceries,Fresh Produce,Nestle,45061.61,66533.46,Supplier_068,0.3227
PRD03974,Haldiram's Snacks & Beverages 5461,Groceries,Snacks & Beverages,Haldiram's,30664.23,39383.48,Supplier_427,0.2214
PRD03975,ITC Packaged Foods 2318,Groceries,Packaged Foods,ITC,8030.46,11639.15,Supplier_152,0.31
PRD03976,ITC Snacks & Beverages 2579,Groceries,Snacks & Beverages,ITC,31073.18,43919.7,Supplier_029,0.2925
PRD03977,Nestle Dairy & Eggs 9442,Groceries,Dairy & Eggs,Nestle,16874.84,20065.87,Supplier_478,0.159
PRD03978,Britannia Packaged Foods 1776,Groceries,Packaged Foods,Britannia,21433.95,32642.46,Supplier_319,0.3434
PRD03979,Haldiram's Fresh Produce 9412,Groceries,Fresh Produce,Haldiram's,45291.92,57444.6,Supplier_482,0.2116
PRD03980,ITC Snacks & Beverages 170,Groceries,Snacks & Beverages,ITC,20144.8,23003.41,Supplier_044,0.1243
PRD03981,ITC Packaged Foods 7449,Groceries,Packaged Foods,ITC,12337.94,18748.29,Supplier_316,0.3419
PRD03982,Britannia Packaged Foods 9469,Groceries,Packaged Foods,Britannia,5070.18,6729.7,Supplier_171,0.2466
PRD03983,Nestle Packaged Foods 4857,Groceries,Packaged Foods,Nestle,37896.9,52535.32,Supplier_435,0.2786
PRD03984,ITC Snacks & Beverages 8140,Groceries,Snacks & Beverages,ITC,12433.05,18916.97,Supplier_132,0.3428
PRD03985,Nestle Snacks & Beverages 3281,Groceries,Snacks & Beverages,Nestle,15933.48,24430.03,Supplier_247,0.3478
PRD03986,Britannia Fresh Produce 8131,Groceries,Fresh Produce,Britannia,4891.81,5402.32,Supplier_254,0.0945
PRD03987,Nestle Dairy & Eggs 5828,Groceries,Dairy & Eggs,Nestle,3710.07,5734.18,Supplier_032,0.353
PRD03988,Britannia Dairy & Eggs 3038,Groceries,Dairy & Eggs,Britannia,4353.74,5879.86,Supplier_495,0.2596
PRD03989,Nestle Snacks & Beverages 9665,Groceries,Snacks & Beverages,Nestle,34765.74,51163.46,Supplier_306,0.3205
PRD03990,Haldiram's Snacks & Beverages 3540,Groceries,Snacks & Beverages,Haldiram's,9953.88,13015.81,Supplier_236,0.2352
PRD03991,Nestle Snacks & Beverages 4915,Groceries,Snacks & Beverages,Nestle,14948.59,17436.17,Supplier_437,0.1427
PRD03992,ITC Fresh Produce 101,Groceries,Fresh Produce,ITC,42339.1,51429.61,Supplier_400,0.1768
PRD03993,Britannia Fresh Produce 8857,Groceries,Fresh Produce,Britannia,21591.03,27823.23,Supplier_213,0.224
PRD03994,Nestle Dairy & Eggs 184,Groceries,Dairy & Eggs,Nestle,15794.9,17546.14,Supplier_355,0.0998
PRD03995,Britannia Packaged Foods 1268,Groceries,Packaged Foods,Britannia,16101.57,23272.8,Supplier_403,0.3081
PRD03996,Amul Packaged Foods 5953,Groceries,Packaged Foods,Amul,48873.98,68589.19,Supplier_046,0.2874
PRD03997,Nestle Packaged Foods 8918,Groceries,Packaged Foods,Nestle,48052.63,55656.27,Supplier_304,0.1366
PRD03998,Amul Fresh Produce 4290,Groceries,Fresh Produce,Amul,13435.83,16932.61,Supplier_019,0.2065
PRD03999,Haldiram's Snacks & Beverages 5741,Groceries,Snacks & Beverages,Haldiram's,39749.55,52436.62,Supplier_178,0.242
PRD04000,Amul Snacks & Beverages 4369,Groceries,Snacks & Beverages,Amul,16082.0,23681.21,Supplier_139,0.3209
PRD04001,ITC Packaged Foods 6626,Groceries,Packaged Foods,ITC,12481.37,17389.18,Supplier_025,0.2822
PRD04002,Britannia Packaged Foods 9731,Groceries,Packaged Foods,Britannia,184.51,223.99,Supplier_126,0.1763
PRD04003,ITC Snacks & Beverages 8940,Groceries,Snacks & Beverages,ITC,15980.71,19600.76,Supplier_142,0.1847
PRD04004,Nestle Snacks & Beverages 9044,Groceries,Snacks & Beverages,Nestle,30230.14,43851.15,Supplier_077,0.3106
PRD04005,Amul Dairy & Eggs 3524,Groceries,Dairy & Eggs,Amul,40223.38,43897.5,Supplier_302,0.0837
PRD04006,Britannia Packaged Foods 753,Groceries,Packaged Foods,Britannia,38458.82,55402.8,Supplier_123,0.3058
PRD04007,Haldiram's Fresh Produce 4666,Groceries,Fresh Produce,Haldiram's,27756.41,38906.48,Supplier_322,0.2866
PRD04008,Britannia Snacks & Beverages 6518,Groceries,Snacks & Beverages,Britannia,26732.2,29027.17,Supplier_165,0.0791
PRD04009,Haldiram's Dairy & Eggs 6360,Groceries,Dairy & Eggs,Haldiram's,34905.84,39183.73,Supplier_145,0.1092
PRD04010,Haldiram's Packaged Foods 3978,Groceries,Packaged Foods,Haldiram's,10372.0,12194.88,Supplier_176,0.1495
PRD04011,Nestle Packaged Foods 7774,Groceries,Packaged Foods,Nestle,10044.37,15250.31,Supplier_154,0.3414
PRD04012,Amul Fresh Produce 975,Groceries,Fresh Produce,Amul,25181.72,33199.52,Supplier_391,0.2415
PRD04013,Britannia Packaged Foods 9248,Groceries,Packaged Foods,Britannia,2176.45,3086.91,Supplier_248,0.2949
PRD04014,Haldiram's Snacks & Beverages 2024,Groceries,Snacks & Beverages,Haldiram's,8450.97,13015.78,Supplier_307,0.3507
PRD04015,Haldiram's Snacks & Beverages 4722,Groceries,Snacks & Beverages,Haldiram's,41962.83,61538.18,Supplier_444,0.3181
PRD04016,Amul Dairy & Eggs 2479,Groceries,Dairy & Eggs,Amul,4639.18,6494.63,Supplier_416,0.2857
PRD04017,Britannia Packaged Foods 4616,Groceries,Packaged Foods,Britannia,5057.99,6259.69,Supplier_284,0.192
PRD04018,Haldiram's Fresh Produce 6642,Groceries,Fresh Produce,Haldiram's,2399.93,2775.79,Supplier_124,0.1354
PRD04019,Amul Dairy & Eggs 629,Groceries,Dairy & Eggs,Amul,5616.35,7797.81,Supplier_152,0.2798
PRD04020,Nestle Packaged Foods 9940,Groceries,Packaged Foods,Nestle,7379.67,9057.54,Supplier_464,0.1852
PRD04021,Amul Packaged Foods 6053,Groceries,Packaged Foods,Amul,23828.64,36396.52,Supplier_365,0.3453
PRD04022,ITC Fresh Produce 1029,Groceries,Fresh Produce,ITC,24038.37,33850.0,Supplier_443,0.2899
PRD04023,Nestle Dairy & Eggs 4839,Groceries,Dairy & Eggs,Nestle,4042.42,5792.13,Supplier_200,0.3021
PRD04024,Haldiram's Snacks & Beverages 9546,Groceries,Snacks & Beverages,Haldiram's,28636.13,40741.24,Supplier_140,0.2971
PRD04025,Britannia Packaged Foods 2267,Groceries,Packaged Foods,Britannia,40205.13,62276.42,Supplier_447,0.3544
PRD04026,Nestle Packaged Foods 9540,Groceries,Packaged Foods,Nestle,12447.45,17556.73,Supplier_193,0.291
PRD04027,ITC Snacks & Beverages 6397,Groceries,Snacks & Beverages,ITC,11642.85,12648.75,Supplier_038,0.0795
PRD04028,Amul Fresh Produce 9201,Groceries,Fresh Produce,Amul,6530.51,8545.15,Supplier_465,0.2358
PRD04029,Amul Packaged Foods 6674,Groceries,Packaged Foods,Amul,10843.29,13689.47,Supplier_025,0.2079
PRD04030,Amul Fresh Produce 6584,Groceries,Fresh Produce,Amul,19698.87,21659.28,Supplier_123,0.0905
PRD04031,Amul Packaged Foods 8798,Groceries,Packaged Foods,Amul,18579.68,21194.86,Supplier_455,0.1234
PRD04032,Britannia Snacks & Beverages 9029,Groceries,Snacks & Beverages,Britannia,13335.8,14452.9,Supplier_301,0.0773
PRD04033,Amul Snacks & Beverages 9805,Groceries,Snacks & Beverages,Amul,42986.08,58277.16,Supplier_061,0.2624
PRD04034,Amul Dairy & Eggs 572,Groceries,Dairy & Eggs,Amul,40284.43,47999.34,Supplier_074,0.1607
PRD04035,Nestle Fresh Produce 2689,Groceries,Fresh Produce,Nestle,1214.11,1460.91,Supplier_353,0.1689
PRD04036,Britannia Dairy & Eggs 9888,Groceries,Dairy & Eggs,Britannia,37860.96,51004.74,Supplier_188,0.2577
PRD04037,Amul Dairy & Eggs 6529,Groceries,Dairy & Eggs,Amul,28745.18,42182.36,Supplier_022,0.3185
PRD04038,Haldiram's Snacks & Beverages 2279,Groceries,Snacks & Beverages,Haldiram's,35844.56,45962.76,Supplier_442,0.2201
PRD04039,ITC Packaged Foods 4937,Groceries,Packaged Foods,ITC,45865.71,69960.6,Supplier_339,0.3444
PRD04040,ITC Fresh Produce 9775,Groceries,Fresh Produce,ITC,40575.45,62538.81,Supplier_488,0.3512
PRD04041,Amul Dairy & Eggs 4712,Groceries,Dairy & Eggs,Amul,15985.19,22877.5,Supplier_356,0.3013
PRD04042,ITC Fresh Produce 9233,Groceries,Fresh Produce,ITC,11295.2,12679.59,Supplier_009,0.1092
PRD04043,Haldiram's Snacks & Beverages 5840,Groceries,Snacks & Beverages,Haldiram's,29782.39,37034.24,Supplier_272,0.1958
PRD04044,ITC Dairy & Eggs 5509,Groceries,Dairy & Eggs,ITC,44321.44,65475.0,Supplier_204,0.3231
PRD04045,Nestle Packaged Foods 6178,Groceries,Packaged Foods,Nestle,43354.44,58990.02,Supplier_077,0.2651
PRD04046,Britannia Snacks & Beverages 6774,Groceries,Snacks & Beverages,Britannia,30845.72,34072.07,Supplier_195,0.0947
PRD04047,Nestle Snacks & Beverages 6981,Groceries,Snacks & Beverages,Nestle,48476.9,61659.84,Supplier_431,0.2138
PRD04048,ITC Dairy & Eggs 271,Groceries,Dairy & Eggs,ITC,27110.95,29668.25,Supplier_152,0.0862
PRD04049,Nestle Packaged Foods 6753,Groceries,Packaged Foods,Nestle,37900.58,56996.59,Supplier_009,0.335
PRD04050,Nestle Dairy & Eggs 6096,Groceries,Dairy & Eggs,Nestle,17698.31,27385.01,Supplier_259,0.3537
PRD04051,Amul Fresh Produce 171,Groceries,Fresh Produce,Amul,3596.76,5498.73,Supplier_035,0.3459
PRD04052,Nestle Packaged Foods 1577,Groceries,Packaged Foods,Nestle,33985.57,46844.35,Supplier_217,0.2745
PRD04053,Amul Packaged Foods 8727,Groceries,Packaged Foods,Amul,15835.87,17504.42,Supplier_226,0.0953
PRD04054,ITC Snacks & Beverages 1329,Groceries,Snacks & Beverages,ITC,6490.98,7790.22,Supplier_108,0.1668
PRD04055,Haldiram's Dairy & Eggs 4447,Groceries,Dairy & Eggs,Haldiram's,16353.54,21061.7,Supplier_029,0.2235
PRD04056,ITC Packaged Foods 1690,Groceries,Packaged Foods,ITC,36609.55,45824.99,Supplier_349,0.2011
PRD04057,Britannia Fresh Produce 7640,Groceries,Fresh Produce,Britannia,29197.06,35914.7,Supplier_064,0.187
PRD04058,Haldiram's Snacks & Beverages 7222,Groceries,Snacks & Beverages,Haldiram's,31879.39,42393.63,Supplier_494,0.248
PRD04059,Britannia Fresh Produce 6462,Groceries,Fresh Produce,Britannia,29057.79,37250.69,Supplier_454,0.2199
PRD04060,Haldiram's Snacks & Beverages 8208,Groceries,Snacks & Beverages,Haldiram's,11790.82,17616.9,Supplier_136,0.3307
PRD04061,Britannia Packaged Foods 7779,Groceries,Packaged Foods,Britannia,27369.58,29648.11,Supplier_026,0.0769
PRD04062,Nestle Dairy & Eggs 7866,Groceries,Dairy & Eggs,Nestle,49691.32,69876.46,Supplier_411,0.2889
PRD04063,Haldiram's Snacks & Beverages 1742,Groceries,Snacks & Beverages,Haldiram's,13304.69,19718.92,Supplier_289,0.3253
PRD04064,Nestle Dairy & Eggs 8109,Groceries,Dairy & Eggs,Nestle,1325.4,1655.62,Supplier_124,0.1995
PRD04065,Nestle Dairy & Eggs 9991,Groceries,Dairy & Eggs,Nestle,42522.93,48795.85,Supplier_358,0.1286
PRD04066,Nestle Packaged Foods 9365,Groceries,Packaged Foods,Nestle,39317.39,44925.34,Supplier_441,0.1248
PRD04067,ITC Packaged Foods 9286,Groceries,Packaged Foods,ITC,12990.86,15166.05,Supplier_472,0.1434
PRD04068,ITC Dairy & Eggs 6568,Groceries,Dairy & Eggs,ITC,12041.65,13932.39,Supplier_479,0.1357
PRD04069,Britannia Packaged Foods 3161,Groceries,Packaged Foods,Britannia,30884.71,41974.1,Supplier_133,0.2642
PRD04070,Britannia Dairy & Eggs 2712,Groceries,Dairy & Eggs,Britannia,23696.22,28228.73,Supplier_115,0.1606
PRD04071,Nestle Fresh Produce 3087,Groceries,Fresh Produce,Nestle,2384.37,2842.17,Supplier_012,0.1611
PRD04072,ITC Snacks & Beverages 7035,Groceries,Snacks & Beverages,ITC,34452.56,37210.92,Supplier_316,0.0741
PRD04073,Nestle Dairy & Eggs 4669,Groceries,Dairy & Eggs,Nestle,38069.21,44249.29,Supplier_151,0.1397
PRD04074,Nestle Dairy & Eggs 1256,Groceries,Dairy & Eggs,Nestle,48078.29,63101.92,Supplier_310,0.2381
PRD04075,Haldiram's Dairy & Eggs 5529,Groceries,Dairy & Eggs,Haldiram's,504.18,703.91,Supplier_420,0.2837
PRD04076,Amul Fresh Produce 5704,Groceries,Fresh Produce,Amul,16446.37,19839.3,Supplier_065,0.171
PRD04077,Amul Packaged Foods 7250,Groceries,Packaged Foods,Amul,45746.2,58921.37,Supplier_292,0.2236
PRD04078,Nestle Snacks & Beverages 582,Groceries,Snacks & Beverages,Nestle,27578.15,32650.72,Supplier_002,0.1554
PRD04079,ITC Packaged Foods 2635,Groceries,Packaged Foods,ITC,49234.83,58112.79,Supplier_095,0.1528
PRD04080,Nestle Packaged Foods 7758,Groceries,Packaged Foods,Nestle,45684.87,59920.21,Supplier_240,0.2376
PRD04081,Nestle Dairy & Eggs 8394,Groceries,Dairy & Eggs,Nestle,46964.71,59863.98,Supplier_359,0.2155
PRD04082,Britannia Snacks & Beverages 7933,Groceries,Snacks & Beverages,Britannia,20120.36,24555.02,Supplier_015,0.1806
PRD04083,Amul Packaged Foods 4000,Groceries,Packaged Foods,Amul,10406.4,13007.04,Supplier_194,0.1999
PRD04084,ITC Snacks & Beverages 8348,Groceries,Snacks & Beverages,ITC,30737.42,35644.61,Supplier_408,0.1377
PRD04085,Nestle Fresh Produce 715,Groceries,Fresh Produce,Nestle,31527.22,35306.16,Supplier_328,0.107
PRD04086,ITC Packaged Foods 8227,Groceries,Packaged Foods,ITC,36409.83,41586.21,Supplier_139,0.1245
PRD04087,Britannia Snacks & Beverages 8395,Groceries,Snacks & Beverages,Britannia,23688.48,34029.62,Supplier_086,0.3039
PRD04088,Britannia Packaged Foods 139,Groceries,Packaged Foods,Britannia,21041.39,26396.16,Supplier_432,0.2029
PRD04089,Nestle Packaged Foods 6732,Groceries,Packaged Foods,Nestle,738.98,811.99,Supplier_098,0.0899
PRD04090,Britannia Fresh Produce 6844,Groceries,Fresh Produce,Britannia,44157.76,64199.55,Supplier_374,0.3122
PRD04091,ITC Snacks & Beverages 9848,Groceries,Snacks & Beverages,ITC,28705.15,34607.36,Supplier_249,0.1705
PRD04092,Amul Dairy & Eggs 9718,Groceries,Dairy & Eggs,Amul,26159.8,30927.87,Supplier_358,0.1542
PRD04093,Haldiram's Packaged Foods 9900,Groceries,Packaged Foods,Haldiram's,41940.21,59252.78,Supplier_405,0.2922
PRD04094,ITC Snacks & Beverages 7100,Groceries,Snacks & Beverages,ITC,29957.17,42295.06,Supplier_018,0.2917
PRD04095,ITC Fresh Produce 3500,Groceries,Fresh Produce,ITC,759.59,921.07,Supplier_074,0.1753
PRD04096,Britannia Packaged Foods 3744,Groceries,Packaged Foods,Britannia,14865.11,16945.52,Supplier_500,0.1228
PRD04097,Britannia Fresh Produce 9079,Groceries,Fresh Produce,Britannia,5116.39,5768.2,Supplier_300,0.113
PRD04098,Amul Snacks & Beverages 5661,Groceries,Snacks & Beverages,Amul,16510.74,20068.95,Supplier_117,0.1773
PRD04099,Amul Fresh Produce 7479,Groceries,Fresh Produce,Amul,253.98,283.04,Supplier_224,0.1027
PRD04100,Nestle Dairy & Eggs 8800,Groceries,Dairy & Eggs,Nestle,45485.47,66582.16,Supplier_361,0.3169
PRD04101,Britannia Fresh Produce 2747,Groceries,Fresh Produce,Britannia,15043.55,22092.27,Supplier_175,0.3191
PRD04102,Britannia Packaged Foods 1152,Groceries,Packaged Foods,Britannia,37338.84,52541.69,Supplier_434,0.2893
PRD04103,Nestle Dairy & Eggs 9046,Groceries,Dairy & Eggs,Nestle,10291.23,13658.05,Supplier_333,0.2465
PRD04104,Amul Packaged Foods 4853,Groceries,Packaged Foods,Amul,16524.9,22092.6,Supplier_035,0.252
PRD04105,Haldiram's Packaged Foods 3375,Groceries,Packaged Foods,Haldiram's,2521.32,3549.61,Supplier_358,0.2897
PRD04106,Haldiram's Fresh Produce 7760,Groceries,Fresh Produce,Haldiram's,32139.57,40765.27,Supplier_383,0.2116
PRD04107,Britannia Fresh Produce 8542,Groceries,Fresh Produce,Britannia,1273.85,1782.55,Supplier_220,0.2854
PRD04108,Haldiram's Packaged Foods 6437,Groceries,Packaged Foods,Haldiram's,13503.51,19502.73,Supplier_099,0.3076
PRD04109,Amul Dairy & Eggs 7387,Groceries,Dairy & Eggs,Amul,42822.99,63519.24,Supplier_079,0.3258
PRD04110,Britannia Dairy & Eggs 8996,Groceries,Dairy & Eggs,Britannia,40209.05,44383.83,Supplier_031,0.0941
PRD04111,Britannia Dairy & Eggs 221,Groceries,Dairy & Eggs,Britannia,4229.52,5364.57,Supplier_051,0.2116
PRD04112,ITC Packaged Foods 7466,Groceries,Packaged Foods,ITC,17848.62,21949.67,Supplier_351,0.1868
PRD04113,ITC Packaged Foods 8664,Groceries,Packaged Foods,ITC,16560.67,23065.53,Supplier_485,0.282
PRD04114,ITC Packaged Foods 8186,Groceries,Packaged Foods,ITC,16422.52,23592.02,Supplier_181,0.3039
PRD04115,Nestle Snacks & Beverages 193,Groceries,Snacks & Beverages,Nestle,12775.55,16385.26,Supplier_004,0.2203
PRD04116,Britannia Snacks & Beverages 6898,Groceries,Snacks & Beverages,Britannia,26212.56,32468.5,Supplier_414,0.1927
PRD04117,ITC Dairy & Eggs 6894,Groceries,Dairy & Eggs,ITC,34180.5,42656.73,Supplier_196,0.1987
PRD04118,ITC Fresh Produce 4305,Groceries,Fresh Produce,ITC,16288.55,18769.88,Supplier_442,0.1322
PRD04119,ITC Fresh Produce 7838,Groceries,Fresh Produce,ITC,3482.12,4599.11,Supplier_478,0.2429
PRD04120,Amul Fresh Produce 3404,Groceries,Fresh Produce,Amul,7228.83,10688.36,Supplier_104,0.3237
PRD04121,Haldiram's Packaged Foods 3923,Groceries,Packaged Foods,Haldiram's,49905.67,54296.6,Supplier_429,0.0809
PRD04122,Britannia Fresh Produce 7515,Groceries,Fresh Produce,Britannia,43369.79,61723.42,Supplier_011,0.2974
PRD04123,Britannia Dairy & Eggs 4987,Groceries,Dairy & Eggs,Britannia,9739.59,14555.73,Supplier_415,0.3309
PRD04124,Nestle Fresh Produce 6837,Groceries,Fresh Produce,Nestle,45819.53,60526.06,Supplier_032,0.243
PRD04125,Amul Dairy & Eggs 894,Groceries,Dairy & Eggs,Amul,39875.81,49302.8,Supplier_277,0.1912
PRD04126,Amul Dairy & Eggs 4654,Groceries,Dairy & Eggs,Amul,49156.81,71037.67,Supplier_383,0.308
PRD04127,Nestle Snacks & Beverages 9666,Groceries,Snacks & Beverages,Nestle,13492.29,18239.44,Supplier_395,0.2603
PRD04128,Amul Packaged Foods 8042,Groceries,Packaged Foods,Amul,41192.44,53696.25,Supplier_445,0.2329
PRD04129,Nestle Packaged Foods 2604,Groceries,Packaged Foods,Nestle,42042.95,52058.36,Supplier_285,0.1924
PRD04130,Amul Fresh Produce 4528,Groceries,Fresh Produce,Amul,10526.76,13294.7,Supplier_270,0.2082
PRD04131,ITC Snacks & Beverages 3452,Groceries,Snacks & Beverages,ITC,15922.77,17512.68,Supplier_182,0.0908
PRD04132,Britannia Packaged Foods 332,Groceries,Packaged Foods,Britannia,14992.8,19782.05,Supplier_294,0.2421
PRD04133,Britannia Fresh Produce 9488,Groceries,Fresh Produce,Britannia,32028.98,48942.53,Supplier_129,0.3456
PRD04134,ITC Snacks & Beverages 9086,Groceries,Snacks & Beverages,ITC,29244.68,40215.25,Supplier_024,0.2728
PRD04135,Britannia Dairy & Eggs 4211,Groceries,Dairy & Eggs,Britannia,104.43,147.99,Supplier_139,0.2943
PRD04136,Amul Dairy & Eggs 5896,Groceries,Dairy & Eggs,Amul,40081.47,61550.71,Supplier_467,0.3488
PRD04137,ITC Dairy & Eggs 387,Groceries,Dairy & Eggs,ITC,26053.2,35613.33,Supplier_240,0.2684
PRD04138,ITC Dairy & Eggs 9332,Groceries,Dairy & Eggs,ITC,7720.56,9163.21,Supplier_381,0.1574
PRD04139,Britannia Packaged Foods 7641,Groceries,Packaged Foods,Britannia,23584.69,31375.13,Supplier_186,0.2483
PRD04140,Amul Fresh Produce 7069,Groceries,Fresh Produce,Amul,32832.49,36488.26,Supplier_378,0.1002
PRD04141,Haldiram's Fresh Produce 8306,Groceries,Fresh Produce,Haldiram's,36095.64,42401.16,Supplier_268,0.1487
PRD04142,Haldiram's Dairy & Eggs 6595,Groceries,Dairy & Eggs,Haldiram's,16034.0,22150.21,Supplier_357,0.2761
PRD04143,Amul Fresh Produce 3700,Groceries,Fresh Produce,Amul,28549.05,32968.77,Supplier_087,0.1341
PRD04144,Amul Packaged Foods 9088,Groceries,Packaged Foods,Amul,36854.59,46049.05,Supplier_193,0.1997
PRD04145,Nestle Fresh Produce 4892,Groceries,Fresh Produce,Nestle,22989.37,33890.07,Supplier_476,0.3216
PRD04146,Amul Dairy & Eggs 140,Groceries,Dairy & Eggs,Amul,42472.86,54723.0,Supplier_197,0.2239
PRD04147,Nestle Packaged Foods 1516,Groceries,Packaged Foods,Nestle,42179.05,49788.54,Supplier_191,0.1528
PRD04148,Haldiram's Snacks & Beverages 1579,Groceries,Snacks & Beverages,Haldiram's,46169.98,67185.06,Supplier_240,0.3128
PRD04149,ITC Dairy & Eggs 6027,Groceries,Dairy & Eggs,ITC,38958.02,58304.04,Supplier_421,0.3318
PRD04150,Haldiram's Fresh Produce 9827,Groceries,Fresh Produce,Haldiram's,15654.84,21490.07,Supplier_429,0.2715
PRD04151,Britannia Snacks & Beverages 7639,Groceries,Snacks & Beverages,Britannia,46396.16,55244.66,Supplier_372,0.1602
PRD04152,Nestle Dairy & Eggs 8334,Groceries,Dairy & Eggs,Nestle,32705.48,37151.86,Supplier_485,0.1197
PRD04153,Nestle Snacks & Beverages 9491,Groceries,Snacks & Beverages,Nestle,44200.98,52473.61,Supplier_029,0.1577
PRD04154,Britannia Snacks & Beverages 8982,Groceries,Snacks & Beverages,Britannia,15852.1,19152.26,Supplier_322,0.1723
PRD04155,Amul Packaged Foods 7735,Groceries,Packaged Foods,Amul,33571.39,44969.85,Supplier_229,0.2535
PRD04156,ITC Fresh Produce 6993,Groceries,Fresh Produce,ITC,3576.54,5192.42,Supplier_255,0.3112
PRD04157,ITC Fresh Produce 9023,Groceries,Fresh Produce,ITC,10166.13,13487.11,Supplier_277,0.2462
PRD04158,Britannia Snacks & Beverages 1186,Groceries,Snacks & Beverages,Britannia,37459.9,48604.27,Supplier_181,0.2293
PRD04159,ITC Snacks & Beverages 9619,Groceries,Snacks & Beverages,ITC,24730.92,27384.47,Supplier_155,0.0969
PRD04160,Haldiram's Fresh Produce 6499,Groceries,Fresh Produce,Haldiram's,49378.93,71016.27,Supplier_086,0.3047
PRD04161,Haldiram's Packaged Foods 8484,Groceries,Packaged Foods,Haldiram's,10544.39,12694.18,Supplier_227,0.1694
PRD04162,Nestle Packaged Foods 376,Groceries,Packaged Foods,Nestle,26279.93,39020.04,Supplier_351,0.3265
PRD04163,Britannia Packaged Foods 6639,Groceries,Packaged Foods,Britannia,4009.71,4778.63,Supplier_349,0.1609
PRD04164,Nestle Snacks & Beverages 9973,Groceries,Snacks & Beverages,Nestle,5770.09,7944.55,Supplier_015,0.2737
PRD04165,Amul Fresh Produce 1734,Groceries,Fresh Produce,Amul,27381.74,39961.5,Supplier_080,0.3148
PRD04166,Amul Packaged Foods 535,Groceries,Packaged Foods,Amul,25561.64,29214.22,Supplier_333,0.125
PRD04167,Amul Packaged Foods 9864,Groceries,Packaged Foods,Amul,45774.65,57784.6,Supplier_019,0.2078
PRD04168,Amul Snacks & Beverages 7981,Groceries,Snacks & Beverages,Amul,22761.35,25993.89,Supplier_400,0.1244
PRD04169,Haldiram's Dairy & Eggs 3884,Groceries,Dairy & Eggs,Haldiram's,27764.11,35043.37,Supplier_115,0.2077
PRD04170,Haldiram's Fresh Produce 5077,Groceries,Fresh Produce,Haldiram's,33154.54,49044.93,Supplier_312,0.324
PRD04171,Amul Packaged Foods 6993,Groceries,Packaged Foods,Amul,12168.39,14950.16,Supplier_252,0.1861
PRD04172,Britannia Fresh Produce 8596,Groceries,Fresh Produce,Britannia,25576.07,32595.93,Supplier_401,0.2154
PRD04173,Nestle Dairy & Eggs 317,Groceries,Dairy & Eggs,Nestle,16949.05,23805.67,Supplier_410,0.288
PRD04174,Britannia Packaged Foods 2898,Groceries,Packaged Foods,Britannia,11844.48,13357.42,Supplier_431,0.1133
PRD04175,Amul Dairy & Eggs 799,Groceries,Dairy & Eggs,Amul,16179.08,20060.83,Supplier_349,0.1935
PRD04176,Britannia Fresh Produce 2180,Groceries,Fresh Produce,Britannia,33822.15,37048.28,Supplier_330,0.0871
PRD04177,Haldiram's Snacks & Beverages 3747,Groceries,Snacks & Beverages,Haldiram's,23948.14,32656.81,Supplier_265,0.2667
PRD04178,ITC Fresh Produce 8441,Groceries,Fresh Produce,ITC,13207.21,16195.4,Supplier_276,0.1845
PRD04179,Amul Dairy & Eggs 5155,Groceries,Dairy & Eggs,Amul,48594.34,59593.22,Supplier_455,0.1846
PRD04180,Amul Packaged Foods 2596,Groceries,Packaged Foods,Amul,32587.47,45939.65,Supplier_480,0.2906
PRD04181,ITC Dairy & Eggs 8877,Groceries,Dairy & Eggs,ITC,42549.05,49921.63,Supplier_228,0.1477
PRD04182,ITC Snacks & Beverages 8846,Groceries,Snacks & Beverages,ITC,31407.87,39729.88,Supplier_309,0.2095
PRD04183,Amul Snacks & Beverages 7478,Groceries,Snacks & Beverages,Amul,29159.83,37494.23,Supplier_317,0.2223
PRD04184,Haldiram's Packaged Foods 3903,Groceries,Packaged Foods,Haldiram's,2719.17,4064.52,Supplier_328,0.331
PRD04185,ITC Fresh Produce 4415,Groceries,Fresh Produce,ITC,17890.17,23629.65,Supplier_211,0.2429
PRD04186,Haldiram's Packaged Foods 3899,Groceries,Packaged Foods,Haldiram's,40519.75,44232.48,Supplier_420,0.0839
PRD04187,Britannia Packaged Foods 1187,Groceries,Packaged Foods,Britannia,47691.25,69761.31,Supplier_222,0.3164
PRD04188,Nestle Dairy & Eggs 8269,Groceries,Dairy & Eggs,Nestle,30677.14,40048.7,Supplier_260,0.234
PRD04189,Amul Dairy & Eggs 6097,Groceries,Dairy & Eggs,Amul,17785.61,27107.13,Supplier_232,0.3439
PRD04190,Haldiram's Dairy & Eggs 7295,Groceries,Dairy & Eggs,Haldiram's,45505.1,63461.38,Supplier_120,0.2829
PRD04191,Haldiram's Snacks & Beverages 3514,Groceries,Snacks & Beverages,Haldiram's,19705.47,26464.31,Supplier_364,0.2554
PRD04192,Nestle Snacks & Beverages 9262,Groceries,Snacks & Beverages,Nestle,28268.5,31708.84,Supplier_189,0.1085
PRD04193,Nestle Fresh Produce 2968,Groceries,Fresh Produce,Nestle,49796.69,59087.82,Supplier_154,0.1572
PRD04194,Britannia Snacks & Beverages 1230,Groceries,Snacks & Beverages,Britannia,42734.1,60943.2,Supplier_282,0.2988
PRD04195,ITC Fresh Produce 6474,Groceries,Fresh Produce,ITC,26900.33,36424.3,Supplier_013,0.2615
PRD04196,Nestle Packaged Foods 7815,Groceries,Packaged Foods,Nestle,15029.56,21845.67,Supplier_364,0.312
PRD04197,Britannia Fresh Produce 9476,Groceries,Fresh Produce,Britannia,8875.46,10095.8,Supplier_183,0.1209
PRD04198,Amul Fresh Produce 1982,Groceries,Fresh Produce,Amul,46082.83,60318.57,Supplier_218,0.236
PRD04199,Britannia Snacks & Beverages 2747,Groceries,Snacks & Beverages,Britannia,196.72,213.67,Supplier_460,0.0793
PRD04200,Amul Dairy & Eggs 9349,Groceries,Dairy & Eggs,Amul,25705.33,28897.94,Supplier_283,0.1105
PRD04201,ITC Snacks & Beverages 5012,Groceries,Snacks & Beverages,ITC,44567.45,50204.1,Supplier_429,0.1123
PRD04202,Britannia Fresh Produce 9779,Groceries,Fresh Produce,Britannia,19360.87,29002.56,Supplier_131,0.3324
PRD04203,Britannia Dairy & Eggs 2204,Groceries,Dairy & Eggs,Britannia,40552.52,49282.13,Supplier_303,0.1771
PRD04204,Haldiram's Dairy & Eggs 4054,Groceries,Dairy & Eggs,Haldiram's,20283.15,28239.94,Supplier_498,0.2818
PRD04205,Amul Dairy & Eggs 5799,Groceries,Dairy & Eggs,Amul,40604.79,51959.25,Supplier_497,0.2185
PRD04206,Haldiram's Snacks & Beverages 3166,Groceries,Snacks & Beverages,Haldiram's,36314.15,49206.29,Supplier_060,0.262
PRD04207,Britannia Dairy & Eggs 9926,Groceries,Dairy & Eggs,Britannia,18886.72,24478.12,Supplier_383,0.2284
PRD04208,Britannia Packaged Foods 124,Groceries,Packaged Foods,Britannia,20722.45,31657.62,Supplier_072,0.3454
PRD04209,Britannia Fresh Produce 625,Groceries,Fresh Produce,Britannia,45767.77,55406.73,Supplier_069,0.174
PRD04210,Nestle Dairy & Eggs 4501,Groceries,Dairy & Eggs,Nestle,34018.47,52390.44,Supplier_315,0.3507
PRD04211,Amul Snacks & Beverages 7271,Groceries,Snacks & Beverages,Amul,44987.24,53000.17,Supplier_498,0.1512
PRD04212,Haldiram's Packaged Foods 5966,Groceries,Packaged Foods,Haldiram's,11074.32,14151.42,Supplier_317,0.2174
PRD04213,Amul Snacks & Beverages 1282,Groceries,Snacks & Beverages,Amul,23743.93,30691.39,Supplier_168,0.2264
PRD04214,ITC Dairy & Eggs 4594,Groceries,Dairy & Eggs,ITC,13840.1,17572.7,Supplier_151,0.2124
PRD04215,Haldiram's Snacks & Beverages 5841,Groceries,Snacks & Beverages,Haldiram's,8252.02,9863.62,Supplier_033,0.1634
PRD04216,ITC Packaged Foods 7215,Groceries,Packaged Foods,ITC,42580.74,64158.27,Supplier_452,0.3363
PRD04217,Nestle Fresh Produce 960,Groceries,Fresh Produce,Nestle,43434.26,54602.96,Supplier_057,0.2045
PRD04218,Nestle Packaged Foods 3674,Groceries,Packaged Foods,Nestle,24506.33,27943.91,Supplier_035,0.123
PRD04219,Britannia Fresh Produce 5932,Groceries,Fresh Produce,Britannia,44686.71,61571.21,Supplier_299,0.2742
PRD04220,Nestle Dairy & Eggs 4404,Groceries,Dairy & Eggs,Nestle,24324.08,31285.04,Supplier_416,0.2225
PRD04221,ITC Snacks & Beverages 9071,Groceries,Snacks & Beverages,ITC,30412.4,33221.69,Supplier_166,0.0846
PRD04222,Nestle Snacks & Beverages 1141,Groceries,Snacks & Beverages,Nestle,37160.41,45975.81,Supplier_374,0.1917
PRD04223,ITC Dairy & Eggs 4291,Groceries,Dairy & Eggs,ITC,38985.4,59059.72,Supplier_449,0.3399
PRD04224,Britannia Packaged Foods 8880,Groceries,Packaged Foods,Britannia,7077.06,9417.58,Supplier_118,0.2485
PRD04225,ITC Snacks & Beverages 3924,Groceries,Snacks & Beverages,ITC,23467.66,28005.46,Supplier_034,0.162
PRD04226,ITC Fresh Produce 1471,Groceries,Fresh Produce,ITC,13835.87,19697.73,Supplier_192,0.2976
PRD04227,ITC Packaged Foods 5958,Groceries,Packaged Foods,ITC,29033.97,34058.22,Supplier_048,0.1475
PRD04228,ITC Snacks & Beverages 8717,Groceries,Snacks & Beverages,ITC,34849.28,47274.07,Supplier_265,0.2628
PRD04229,Haldiram's Packaged Foods 2295,Groceries,Packaged Foods,Haldiram's,41203.78,48637.7,Supplier_448,0.1528
PRD04230,ITC Snacks & Beverages 4095,Groceries,Snacks & Beverages,ITC,747.5,920.51,Supplier_226,0.188
PRD04231,Britannia Packaged Foods 948,Groceries,Packaged Foods,Britannia,21275.05,28115.01,Supplier_358,0.2433
PRD04232,Haldiram's Fresh Produce 8880,Groceries,Fresh Produce,Haldiram's,2627.33,2960.88,Supplier_246,0.1127
PRD04233,Amul Dairy & Eggs 5417,Groceries,Dairy & Eggs,Amul,15635.39,21165.31,Supplier_048,0.2613
PRD04234,ITC Snacks & Beverages 6859,Groceries,Snacks & Beverages,ITC,11480.56,14996.47,Supplier_088,0.2344
PRD04235,Amul Snacks & Beverages 9091,Groceries,Snacks & Beverages,Amul,24319.97,32535.17,Supplier_234,0.2525
PRD04236,Amul Snacks & Beverages 8693,Groceries,Snacks & Beverages,Amul,30776.22,39102.2,Supplier_164,0.2129
PRD04237,ITC Packaged Foods 966,Groceries,Packaged Foods,ITC,6487.25,9326.48,Supplier_209,0.3044
PRD04238,Nestle Snacks & Beverages 3342,Groceries,Snacks & Beverages,Nestle,43193.06,63335.06,Supplier_126,0.318
PRD04239,ITC Snacks & Beverages 3314,Groceries,Snacks & Beverages,ITC,47106.18,54842.27,Supplier_007,0.1411
PRD04240,Amul Packaged Foods 3131,Groceries,Packaged Foods,Amul,2687.05,3148.58,Supplier_491,0.1466
PRD04241,ITC Packaged Foods 5590,Groceries,Packaged Foods,ITC,48841.5,68619.85,Supplier_466,0.2882
PRD04242,ITC Snacks & Beverages 4823,Groceries,Snacks & Beverages,ITC,45779.85,52413.79,Supplier_380,0.1266
PRD04243,Amul Snacks & Beverages 6714,Groceries,Snacks & Beverages,Amul,14499.34,16704.68,Supplier_210,0.132
PRD04244,Amul Packaged Foods 5338,Groceries,Packaged Foods,Amul,5199.68,5799.89,Supplier_379,0.1035
PRD04245,Amul Dairy & Eggs 7053,Groceries,Dairy & Eggs,Amul,4817.65,7150.17,Supplier_458,0.3262
PRD04246,Nestle Dairy & Eggs 2209,Groceries,Dairy & Eggs,Nestle,42447.79,56204.02,Supplier_070,0.2448
PRD04247,ITC Dairy & Eggs 3902,Groceries,Dairy & Eggs,ITC,1916.04,2961.95,Supplier_445,0.3531
PRD04248,Nestle Dairy & Eggs 6289,Groceries,Dairy & Eggs,Nestle,33258.72,36657.1,Supplier_072,0.0927
PRD04249,Amul Snacks & Beverages 859,Groceries,Snacks & Beverages,Amul,48045.97,68581.07,Supplier_436,0.2994
PRD04250,Amul Snacks & Beverages 5125,Groceries,Snacks & Beverages,Amul,37920.33,45516.99,Supplier_108,0.1669
PRD04251,Haldiram's Dairy & Eggs 2955,Groceries,Dairy & Eggs,Haldiram's,5096.39,6049.81,Supplier_187,0.1576
PRD04252,Haldiram's Dairy & Eggs 3617,Groceries,Dairy & Eggs,Haldiram's,18972.68,29165.62,Supplier_082,0.3495
PRD04253,Haldiram's Dairy & Eggs 6845,Groceries,Dairy & Eggs,Haldiram's,12745.44,18751.47,Supplier_348,0.3203
PRD04254,ITC Fresh Produce 8301,Groceries,Fresh Produce,ITC,6355.71,7773.1,Supplier_205,0.1823
PRD04255,ITC Fresh Produce 181,Groceries,Fresh Produce,ITC,30490.12,39065.54,Supplier_089,0.2195
PRD04256,Haldiram's Fresh Produce 4484,Groceries,Fresh Produce,Haldiram's,25624.34,32845.73,Supplier_090,0.2199
PRD04257,Haldiram's Snacks & Beverages 7535,Groceries,Snacks & Beverages,Haldiram's,47540.24,56873.96,Supplier_326,0.1641
PRD04258,Nestle Packaged Foods 6006,Groceries,Packaged Foods,Nestle,13872.56,18717.4,Supplier_091,0.2588
PRD04259,Nestle Packaged Foods 1609,Groceries,Packaged Foods,Nestle,17842.76,26271.22,Supplier_172,0.3208
PRD04260,Britannia Dairy & Eggs 5547,Groceries,Dairy & Eggs,Britannia,49092.73,62348.43,Supplier_289,0.2126
PRD04261,ITC Snacks & Beverages 2683,Groceries,Snacks & Beverages,ITC,24421.87,36674.22,Supplier_190,0.3341
PRD04262,Haldiram's Dairy & Eggs 6923,Groceries,Dairy & Eggs,Haldiram's,3075.9,4646.39,Supplier_154,0.338
PRD04263,ITC Snacks & Beverages 3690,Groceries,Snacks & Beverages,ITC,23662.99,36595.55,Supplier_128,0.3534
PRD04264,Haldiram's Packaged Foods 7334,Groceries,Packaged Foods,Haldiram's,34913.56,40319.9,Supplier_399,0.1341
PRD04265,Britannia Fresh Produce 3922,Groceries,Fresh Produce,Britannia,21743.4,26730.4,Supplier_174,0.1866
PRD04266,Haldiram's Dairy & Eggs 6780,Groceries,Dairy & Eggs,Haldiram's,29048.98,40785.29,Supplier_066,0.2878
PRD04267,Nestle Fresh Produce 6461,Groceries,Fresh Produce,Nestle,7747.09,9104.36,Supplier_253,0.1491
PRD04268,ITC Dairy & Eggs 2666,Groceries,Dairy & Eggs,ITC,5207.72,6786.52,Supplier_329,0.2326
PRD04269,Britannia Packaged Foods 9062,Groceries,Packaged Foods,Britannia,47547.56,67998.95,Supplier_477,0.3008
PRD04270,ITC Dairy & Eggs 4795,Groceries,Dairy & Eggs,ITC,13609.1,20711.52,Supplier_211,0.3429
PRD04271,Haldiram's Fresh Produce 9565,Groceries,Fresh Produce,Haldiram's,37466.69,44802.1,Supplier_014,0.1637
PRD04272,Amul Packaged Foods 4950,Groceries,Packaged Foods,Amul,19695.15,26254.58,Supplier_290,0.2498
PRD04273,Haldiram's Packaged Foods 9051,Groceries,Packaged Foods,Haldiram's,31963.83,43773.77,Supplier_404,0.2698
PRD04274,Britannia Snacks & Beverages 8293,Groceries,Snacks & Beverages,Britannia,4854.27,7205.72,Supplier_043,0.3263
PRD04275,Britannia Snacks & Beverages 3323,Groceries,Snacks & Beverages,Britannia,44852.01,59302.27,Supplier_356,0.2437
PRD04276,Amul Packaged Foods 3511,Groceries,Packaged Foods,Amul,1509.89,1647.09,Supplier_243,0.0833
PRD04277,Britannia Dairy & Eggs 166,Groceries,Dairy & Eggs,Britannia,2993.59,4205.49,Supplier_483,0.2882
PRD04278,ITC Snacks & Beverages 7996,Groceries,Snacks & Beverages,ITC,26838.46,34329.01,Supplier_491,0.2182
PRD04279,Haldiram's Snacks & Beverages 4607,Groceries,Snacks & Beverages,Haldiram's,44817.06,56545.72,Supplier_294,0.2074
PRD04280,Amul Dairy & Eggs 4777,Groceries,Dairy & Eggs,Amul,6634.15,7546.8,Supplier_204,0.1209
PRD04281,Haldiram's Dairy & Eggs 7342,Groceries,Dairy & Eggs,Haldiram's,38422.28,55635.8,Supplier_204,0.3094
PRD04282,ITC Dairy & Eggs 9572,Groceries,Dairy & Eggs,ITC,32140.09,47374.96,Supplier_426,0.3216
PRD04283,Britannia Dairy & Eggs 6743,Groceries,Dairy & Eggs,Britannia,42130.28,51372.51,Supplier_106,0.1799
PRD04284,Haldiram's Dairy & Eggs 9685,Groceries,Dairy & Eggs,Haldiram's,5488.79,6285.69,Supplier_441,0.1268
PRD04285,Amul Fresh Produce 4396,Groceries,Fresh Produce,Amul,10800.82,15830.87,Supplier_259,0.3177
PRD04286,Amul Snacks & Beverages 6379,Groceries,Snacks & Beverages,Amul,9117.03,11618.72,Supplier_368,0.2153
PRD04287,Haldiram's Fresh Produce 7497,Groceries,Fresh Produce,Haldiram's,23035.22,31595.07,Supplier_345,0.2709
PRD04288,Britannia Snacks & Beverages 3679,Groceries,Snacks & Beverages,Britannia,34112.31,45670.61,Supplier_169,0.2531
PRD04289,Haldiram's Dairy & Eggs 6483,Groceries,Dairy & Eggs,Haldiram's,5591.33,6314.25,Supplier_056,0.1145
PRD04290,ITC Dairy & Eggs 1961,Groceries,Dairy & Eggs,ITC,39274.1,52960.06,Supplier_206,0.2584
PRD04291,Haldiram's Dairy & Eggs 655,Groceries,Dairy & Eggs,Haldiram's,30101.52,42857.02,Supplier_390,0.2976
PRD04292,Nestle Snacks & Beverages 4554,Groceries,Snacks & Beverages,Nestle,11359.75,13721.7,Supplier_111,0.1721
PRD04293,Britannia Packaged Foods 3460,Groceries,Packaged Foods,Britannia,41669.88,57866.63,Supplier_490,0.2799
PRD04294,Haldiram's Fresh Produce 9329,Groceries,Fresh Produce,Haldiram's,39738.57,48174.27,Supplier_280,0.1751
PRD04295,Amul Fresh Produce 7213,Groceries,Fresh Produce,Amul,36432.1,55699.45,Supplier_253,0.3459
PRD04296,Amul Dairy & Eggs 9019,Groceries,Dairy & Eggs,Amul,3741.98,4482.86,Supplier_047,0.1653
PRD04297,Britannia Snacks & Beverages 9771,Groceries,Snacks & Beverages,Britannia,570.58,692.1,Supplier_340,0.1756
PRD04298,Amul Snacks & Beverages 2746,Groceries,Snacks & Beverages,Amul,2425.65,2974.89,Supplier_458,0.1846
PRD04299,Nestle Snacks & Beverages 6935,Groceries,Snacks & Beverages,Nestle,26505.36,38975.42,Supplier_437,0.3199
PRD04300,Amul Packaged Foods 640,Groceries,Packaged Foods,Amul,20239.71,27036.55,Supplier_383,0.2514
PRD04301,Haldiram's Snacks & Beverages 2465,Groceries,Snacks & Beverages,Haldiram's,30130.98,36031.54,Supplier_063,0.1638
PRD04302,ITC Dairy & Eggs 5492,Groceries,Dairy & Eggs,ITC,25122.11,35901.44,Supplier_155,0.3002
PRD04303,Nestle Fresh Produce 3335,Groceries,Fresh Produce,Nestle,49820.84,58712.82,Supplier_039,0.1514
PRD04304,Amul Packaged Foods 1675,Groceries,Packaged Foods,Amul,34783.18,46810.26,Supplier_249,0.2569
PRD04305,Nestle Snacks & Beverages 1408,Groceries,Snacks & Beverages,Nestle,46043.0,57996.41,Supplier_166,0.2061
PRD04306,Amul Packaged Foods 8218,Groceries,Packaged Foods,Amul,42767.87,63953.66,Supplier_060,0.3313
PRD04307,Nestle Dairy & Eggs 5169,Groceries,Dairy & Eggs,Nestle,39145.41,44075.68,Supplier_475,0.1119
PRD04308,Nestle Snacks & Beverages 170,Groceries,Snacks & Beverages,Nestle,15207.58,19740.16,Supplier_083,0.2296
PRD04309,ITC Snacks & Beverages 8842,Groceries,Snacks & Beverages,ITC,4646.18,5307.26,Supplier_236,0.1246
PRD04310,ITC Fresh Produce 1330,Groceries,Fresh Produce,ITC,6879.04,8996.08,Supplier_396,0.2353
PRD04311,Britannia Dairy & Eggs 8142,Groceries,Dairy & Eggs,Britannia,23848.02,31473.09,Supplier_195,0.2423
PRD04312,Britannia Fresh Produce 9178,Groceries,Fresh Produce,Britannia,9416.74,10487.62,Supplier_404,0.1021
PRD04313,Amul Snacks & Beverages 1921,Groceries,Snacks & Beverages,Amul,45902.64,60347.24,Supplier_337,0.2394
PRD04314,Amul Packaged Foods 2874,Groceries,Packaged Foods,Amul,39133.75,60634.43,Supplier_128,0.3546
PRD04315,Amul Dairy & Eggs 1347,Groceries,Dairy & Eggs,Amul,17450.14,26038.75,Supplier_364,0.3298
PRD04316,Amul Dairy & Eggs 942,Groceries,Dairy & Eggs,Amul,46008.06,54398.26,Supplier_211,0.1542
PRD04317,Nestle Packaged Foods 4249,Groceries,Packaged Foods,Nestle,19457.38,24731.58,Supplier_417,0.2133
PRD04318,ITC Fresh Produce 8240,Groceries,Fresh Produce,ITC,8402.67,10351.18,Supplier_379,0.1882
PRD04319,Amul Fresh Produce 4736,Groceries,Fresh Produce,Amul,150.73,207.63,Supplier_250,0.274
PRD04320,Britannia Snacks & Beverages 4620,Groceries,Snacks & Beverages,Britannia,29208.29,39743.4,Supplier_267,0.2651
PRD04321,Britannia Fresh Produce 9442,Groceries,Fresh Produce,Britannia,19551.82,23710.36,Supplier_487,0.1754
PRD04322,Amul Dairy & Eggs 5682,Groceries,Dairy & Eggs,Amul,1579.74,1784.8,Supplier_222,0.1149
PRD04323,ITC Packaged Foods 3511,Groceries,Packaged Foods,ITC,46957.05,70951.95,Supplier_188,0.3382
PRD04324,Haldiram's Fresh Produce 3118,Groceries,Fresh Produce,Haldiram's,14847.37,17051.51,Supplier_230,0.1293
PRD04325,Britannia Snacks & Beverages 6024,Groceries,Snacks & Beverages,Britannia,7845.31,9963.37,Supplier_208,0.2126
PRD04326,Amul Fresh Produce 7905,Groceries,Fresh Produce,Amul,12986.58,19359.92,Supplier_012,0.3292
PRD04327,Amul Snacks & Beverages 4596,Groceries,Snacks & Beverages,Amul,14738.31,22837.0,Supplier_057,0.3546
PRD04328,Amul Dairy & Eggs 6997,Groceries,Dairy & Eggs,Amul,49342.09,62057.27,Supplier_441,0.2049
PRD04329,ITC Dairy & Eggs 7392,Groceries,Dairy & Eggs,ITC,2074.24,2923.03,Supplier_399,0.2904
PRD04330,Amul Snacks & Beverages 6847,Groceries,Snacks & Beverages,Amul,221.35,305.45,Supplier_210,0.2753
PRD04331,ITC Snacks & Beverages 1743,Groceries,Snacks & Beverages,ITC,49414.36,72045.01,Supplier_249,0.3141
PRD04332,Haldiram's Dairy & Eggs 2860,Groceries,Dairy & Eggs,Haldiram's,7078.89,9214.63,Supplier_099,0.2318
PRD04333,Amul Snacks & Beverages 2743,Groceries,Snacks & Beverages,Amul,17591.16,25552.73,Supplier_072,0.3116
PRD04334,Nestle Dairy & Eggs 9210,Groceries,Dairy & Eggs,Nestle,27633.1,32194.25,Supplier_080,0.1417
PRD04335,Amul Fresh Produce 2648,Groceries,Fresh Produce,Amul,26825.7,34910.7,Supplier_270,0.2316
PRD04336,ITC Dairy & Eggs 4968,Groceries,Dairy & Eggs,ITC,49996.19,67884.63,Supplier_017,0.2635
PRD04337,ITC Snacks & Beverages 9180,Groceries,Snacks & Beverages,ITC,4658.86,6621.9,Supplier_138,0.2964
PRD04338,Haldiram's Packaged Foods 1767,Groceries,Packaged Foods,Haldiram's,40136.56,47651.78,Supplier_361,0.1577
PRD04339,Nestle Snacks & Beverages 5251,Groceries,Snacks & Beverages,Nestle,17384.11,19017.51,Supplier_100,0.0859
PRD04340,Britannia Fresh Produce 8793,Groceries,Fresh Produce,Britannia,46385.9,53688.16,Supplier_304,0.136
PRD04341,Amul Dairy & Eggs 2027,Groceries,Dairy & Eggs,Amul,39587.71,50879.7,Supplier_328,0.2219
PRD04342,Britannia Fresh Produce 7708,Groceries,Fresh Produce,Britannia,27848.4,30612.06,Supplier_269,0.0903
PRD04343,Amul Dairy & Eggs 1292,Groceries,Dairy & Eggs,Amul,6424.91,8570.9,Supplier_013,0.2504
PRD04344,Amul Fresh Produce 5497,Groceries,Fresh Produce,Amul,31121.88,46922.95,Supplier_125,0.3367
PRD04345,Amul Fresh Produce 2168,Groceries,Fresh Produce,Amul,30682.56,45706.15,Supplier_403,0.3287
PRD04346,ITC Snacks & Beverages 7540,Groceries,Snacks & Beverages,ITC,14431.16,19354.57,Supplier_148,0.2544
PRD04347,Haldiram's Dairy & Eggs 8454,Groceries,Dairy & Eggs,Haldiram's,1868.81,2092.98,Supplier_346,0.1071
PRD04348,Amul Dairy & Eggs 8254,Groceries,Dairy & Eggs,Amul,19307.02,27711.83,Supplier_468,0.3033
PRD04349,Nestle Snacks & Beverages 1990,Groceries,Snacks & Beverages,Nestle,23259.72,31517.76,Supplier_342,0.262
PRD04350,Amul Dairy & Eggs 7384,Groceries,Dairy & Eggs,Amul,11134.84,15483.07,Supplier_129,0.2808
PRD04351,Britannia Dairy & Eggs 5538,Groceries,Dairy & Eggs,Britannia,29833.25,32412.58,Supplier_283,0.0796
PRD04352,ITC Fresh Produce 9805,Groceries,Fresh Produce,ITC,45752.58,66277.03,Supplier_293,0.3097
PRD04353,Amul Fresh Produce 9535,Groceries,Fresh Produce,Amul,27259.33,33005.08,Supplier_459,0.1741
PRD04354,Britannia Snacks & Beverages 900,Groceries,Snacks & Beverages,Britannia,30157.0,38663.23,Supplier_354,0.22
PRD04355,ITC Fresh Produce 9000,Groceries,Fresh Produce,ITC,44698.46,59194.9,Supplier_220,0.2449
PRD04356,Britannia Snacks & Beverages 5532,Groceries,Snacks & Beverages,Britannia,3380.55,3728.01,Supplier_216,0.0932
PRD04357,Nestle Packaged Foods 6182,Groceries,Packaged Foods,Nestle,11714.73,16815.19,Supplier_228,0.3033
PRD04358,Amul Snacks & Beverages 6889,Groceries,Snacks & Beverages,Amul,19983.71,22933.98,Supplier_048,0.1286
PRD04359,Britannia Dairy & Eggs 9729,Groceries,Dairy & Eggs,Britannia,33210.91,36946.56,Supplier_461,0.1011
PRD04360,Nestle Snacks & Beverages 8489,Groceries,Snacks & Beverages,Nestle,17917.83,24698.99,Supplier_144,0.2746
PRD04361,Britannia Dairy & Eggs 2733,Groceries,Dairy & Eggs,Britannia,36158.15,49518.72,Supplier_328,0.2698
PRD04362,ITC Packaged Foods 8273,Groceries,Packaged Foods,ITC,13504.19,17503.06,Supplier_441,0.2285
PRD04363,ITC Dairy & Eggs 8808,Groceries,Dairy & Eggs,ITC,40145.23,58670.18,Supplier_145,0.3157
PRD04364,Nestle Dairy & Eggs 2952,Groceries,Dairy & Eggs,Nestle,37210.13,55943.51,Supplier_109,0.3349
PRD04365,Haldiram's Fresh Produce 1410,Groceries,Fresh Produce,Haldiram's,288.13,315.5,Supplier_233,0.0868
PRD04366,ITC Dairy & Eggs 4140,Groceries,Dairy & Eggs,ITC,5575.02,6888.31,Supplier_483,0.1907
PRD04367,Haldiram's Packaged Foods 5266,Groceries,Packaged Foods,Haldiram's,5445.22,7248.96,Supplier_235,0.2488
PRD04368,Haldiram's Fresh Produce 8275,Groceries,Fresh Produce,Haldiram's,46411.92,58505.06,Supplier_289,0.2067
PRD04369,Amul Packaged Foods 7508,Groceries,Packaged Foods,Amul,8149.47,9431.67,Supplier_032,0.1359
PRD04370,Nestle Dairy & Eggs 5636,Groceries,Dairy & Eggs,Nestle,11120.08,12764.38,Supplier_346,0.1288
PRD04371,ITC Fresh Produce 1452,Groceries,Fresh Produce,ITC,9105.09,10784.55,Supplier_165,0.1557
PRD04372,Haldiram's Dairy & Eggs 431,Groceries,Dairy & Eggs,Haldiram's,19374.4,21344.05,Supplier_467,0.0923
PRD04373,Haldiram's Dairy & Eggs 9931,Groceries,Dairy & Eggs,Haldiram's,21782.41,25406.91,Supplier_047,0.1427
PRD04374,Nestle Packaged Foods 2671,Groceries,Packaged Foods,Nestle,5005.48,6101.08,Supplier_308,0.1796
PRD04375,Nestle Dairy & Eggs 7702,Groceries,Dairy & Eggs,Nestle,1370.82,1536.55,Supplier_278,0.1079
PRD04376,Fisher-Price Toys & Games 2985,Toys & Baby,Toys & Games,Fisher-Price,17991.17,21466.11,Supplier_461,0.1619
PRD04377,Hasbro Baby Care 181,Toys & Baby,Baby Care,Hasbro,30225.97,39389.71,Supplier_203,0.2326
PRD04378,Lego Toys & Games 3629,Toys & Baby,Toys & Games,Lego,40979.37,58732.31,Supplier_063,0.3023
PRD04379,Lego Toys & Games 5970,Toys & Baby,Toys & Games,Lego,25030.58,30586.69,Supplier_004,0.1817
PRD04380,Lego Toys & Games 9685,Toys & Baby,Toys & Games,Lego,2301.91,2589.08,Supplier_025,0.1109
PRD04381,Lego Toys & Games 3797,Toys & Baby,Toys & Games,Lego,32167.2,37940.37,Supplier_251,0.1522
PRD04382,Hasbro Educational 1052,Toys & Baby,Educational,Hasbro,4283.39,4750.46,Supplier_331,0.0983
PRD04383,Lego Toys & Games 7149,Toys & Baby,Toys & Games,Lego,35451.22,49084.86,Supplier_051,0.2778
PRD04384,Lego Baby Care 4700,Toys & Baby,Baby Care,Lego,9251.08,11471.72,Supplier_359,0.1936
PRD04385,Fisher-Price Baby Care 9925,Toys & Baby,Baby Care,Fisher-Price,25730.43,32244.84,Supplier_159,0.202
PRD04386,Hasbro Toys & Games 2436,Toys & Baby,Toys & Games,Hasbro,28989.39,39778.52,Supplier_117,0.2712
PRD04387,Funskool Toys & Games 3658,Toys & Baby,Toys & Games,Funskool,39706.39,49305.03,Supplier_070,0.1947
PRD04388,Lego Educational 7779,Toys & Baby,Educational,Lego,4188.05,5281.06,Supplier_239,0.207
PRD04389,Fisher-Price Educational 7326,Toys & Baby,Educational,Fisher-Price,14278.95,17950.31,Supplier_376,0.2045
PRD04390,Lego Baby Care 2037,Toys & Baby,Baby Care,Lego,22224.7,32175.02,Supplier_315,0.3093
PRD04391,Funskool Baby Care 1810,Toys & Baby,Baby Care,Funskool,9830.79,13455.51,Supplier_472,0.2694
PRD04392,Hasbro Toys & Games 6993,Toys & Baby,Toys & Games,Hasbro,48703.05,62394.3,Supplier_365,0.2194
PRD04393,Funskool Baby Care 7815,Toys & Baby,Baby Care,Funskool,2967.75,3451.77,Supplier_332,0.1402
PRD04394,Fisher-Price Baby Care 2723,Toys & Baby,Baby Care,Fisher-Price,6294.83,9117.21,Supplier_284,0.3096
PRD04395,Funskool Toys & Games 1315,Toys & Baby,Toys & Games,Funskool,23865.66,26391.21,Supplier_409,0.0957
PRD04396,Fisher-Price Educational 1965,Toys & Baby,Educational,Fisher-Price,7836.19,9368.76,Supplier_201,0.1636
PRD04397,Hasbro Baby Care 7928,Toys & Baby,Baby Care,Hasbro,1250.82,1720.78,Supplier_324,0.2731
PRD04398,Lego Baby Care 3350,Toys & Baby,Baby Care,Lego,16798.22,19211.74,Supplier_351,0.1256
PRD04399,Fisher-Price Baby Care 1273,Toys & Baby,Baby Care,Fisher-Price,26980.6,36567.18,Supplier_445,0.2622
PRD04400,Hasbro Toys & Games 4760,Toys & Baby,Toys & Games,Hasbro,40945.84,54167.41,Supplier_332,0.2441
PRD04401,Funskool Educational 1472,Toys & Baby,Educational,Funskool,20733.55,31275.71,Supplier_043,0.3371
PRD04402,Lego Baby Care 756,Toys & Baby,Baby Care,Lego,30333.39,35505.4,Supplier_015,0.1457
PRD04403,Lego Educational 4124,Toys & Baby,Educational,Lego,22705.12,28114.08,Supplier_292,0.1924
PRD04404,Lego Educational 1298,Toys & Baby,Educational,Lego,43691.39,61623.57,Supplier_107,0.291
PRD04405,Funskool Toys & Games 8328,Toys & Baby,Toys & Games,Funskool,21895.82,29816.33,Supplier_436,0.2656
PRD04406,Hasbro Baby Care 7943,Toys & Baby,Baby Care,Hasbro,30649.66,34928.37,Supplier_387,0.1225
PRD04407,Funskool Educational 3404,Toys & Baby,Educational,Funskool,5208.91,7239.25,Supplier_411,0.2805
PRD04408,Hasbro Educational 5684,Toys & Baby,Educational,Hasbro,20666.09,27857.03,Supplier_459,0.2581
PRD04409,Lego Toys & Games 4602,Toys & Baby,Toys & Games,Lego,2110.14,2376.5,Supplier_342,0.1121
PRD04410,Hasbro Toys & Games 7111,Toys & Baby,Toys & Games,Hasbro,40201.23,46509.76,Supplier_202,0.1356
PRD04411,Lego Baby Care 3709,Toys & Baby,Baby Care,Lego,21582.57,32091.67,Supplier_447,0.3275
PRD04412,Fisher-Price Baby Care 4681,Toys & Baby,Baby Care,Fisher-Price,40283.83,52743.23,Supplier_162,0.2362
PRD04413,Lego Baby Care 8111,Toys & Baby,Baby Care,Lego,48113.69,72531.68,Supplier_487,0.3367
PRD04414,Hasbro Baby Care 7788,Toys & Baby,Baby Care,Hasbro,15735.07,22550.63,Supplier_211,0.3022
PRD04415,Hasbro Baby Care 2717,Toys & Baby,Baby Care,Hasbro,25589.9,34717.3,Supplier_085,0.2629
PRD04416,Funskool Baby Care 455,Toys & Baby,Baby Care,Funskool,35422.48,52082.26,Supplier_158,0.3199
PRD04417,Lego Baby Care 9579,Toys & Baby,Baby Care,Lego,15779.33,24150.73,Supplier_067,0.3466
PRD04418,Hasbro Educational 5569,Toys & Baby,Educational,Hasbro,16383.2,21804.42,Supplier_440,0.2486
PRD04419,Lego Toys & Games 7009,Toys & Baby,Toys & Games,Lego,40930.25,45248.03,Supplier_393,0.0954
PRD04420,Hasbro Toys & Games 3038,Toys & Baby,Toys & Games,Hasbro,43797.01,61935.63,Supplier_306,0.2929
PRD04421,Funskool Toys & Games 9673,Toys & Baby,Toys & Games,Funskool,35122.56,48066.2,Supplier_399,0.2693
PRD04422,Funskool Toys & Games 2368,Toys & Baby,Toys & Games,Funskool,34256.5,41332.75,Supplier_038,0.1712
PRD04423,Fisher-Price Toys & Games 6182,Toys & Baby,Toys & Games,Fisher-Price,15093.03,22462.62,Supplier_462,0.3281
PRD04424,Lego Toys & Games 8184,Toys & Baby,Toys & Games,Lego,7409.85,8684.83,Supplier_237,0.1468
PRD04425,Fisher-Price Educational 8173,Toys & Baby,Educational,Fisher-Price,14379.38,17860.6,Supplier_371,0.1949
PRD04426,Hasbro Educational 2004,Toys & Baby,Educational,Hasbro,42905.58,49099.51,Supplier_443,0.1262
PRD04427,Funskool Educational 496,Toys & Baby,Educational,Funskool,34920.82,38566.96,Supplier_105,0.0945
PRD04428,Lego Toys & Games 2459,Toys & Baby,Toys & Games,Lego,4725.68,6109.4,Supplier_397,0.2265
PRD04429,Lego Toys & Games 2656,Toys & Baby,Toys & Games,Lego,22263.13,31694.55,Supplier_356,0.2976
PRD04430,Funskool Toys & Games 6566,Toys & Baby,Toys & Games,Funskool,15866.97,22489.06,Supplier_250,0.2945
PRD04431,Hasbro Baby Care 3699,Toys & Baby,Baby Care,Hasbro,636.95,746.92,Supplier_344,0.1472
PRD04432,Hasbro Toys & Games 2366,Toys & Baby,Toys & Games,Hasbro,10063.04,11401.7,Supplier_453,0.1174
PRD04433,Fisher-Price Toys & Games 8586,Toys & Baby,Toys & Games,Fisher-Price,41094.22,60625.29,Supplier_150,0.3222
PRD04434,Funskool Educational 8998,Toys & Baby,Educational,Funskool,6368.68,9324.0,Supplier_105,0.317
PRD04435,Lego Toys & Games 9541,Toys & Baby,Toys & Games,Lego,21171.84,27356.95,Supplier_196,0.2261
PRD04436,Lego Toys & Games 6743,Toys & Baby,Toys & Games,Lego,46928.31,65930.93,Supplier_256,0.2882
PRD04437,Fisher-Price Educational 5597,Toys & Baby,Educational,Fisher-Price,34880.73,43920.41,Supplier_328,0.2058
PRD04438,Funskool Educational 7224,Toys & Baby,Educational,Funskool,30349.15,36857.19,Supplier_449,0.1766
PRD04439,Lego Educational 6969,Toys & Baby,Educational,Lego,1250.14,1929.12,Supplier_144,0.352
PRD04440,Fisher-Price Educational 4385,Toys & Baby,Educational,Fisher-Price,5730.55,6694.8,Supplier_319,0.144
PRD04441,Fisher-Price Baby Care 6230,Toys & Baby,Baby Care,Fisher-Price,45409.43,68901.92,Supplier_026,0.341
PRD04442,Fisher-Price Educational 4880,Toys & Baby,Educational,Fisher-Price,3918.39,5887.35,Supplier_201,0.3344
PRD04443,Hasbro Toys & Games 1083,Toys & Baby,Toys & Games,Hasbro,17281.78,25971.51,Supplier_277,0.3346
PRD04444,Lego Toys & Games 9554,Toys & Baby,Toys & Games,Lego,47585.35,67802.54,Supplier_328,0.2982
PRD04445,Fisher-Price Educational 1103,Toys & Baby,Educational,Fisher-Price,14327.77,19770.7,Supplier_145,0.2753
PRD04446,Funskool Toys & Games 6407,Toys & Baby,Toys & Games,Funskool,12137.41,15096.85,Supplier_458,0.196
PRD04447,Funskool Educational 5509,Toys & Baby,Educational,Funskool,3838.6,4531.01,Supplier_098,0.1528
PRD04448,Fisher-Price Educational 7920,Toys & Baby,Educational,Fisher-Price,13758.3,19034.49,Supplier_159,0.2772
PRD04449,Funskool Baby Care 789,Toys & Baby,Baby Care,Funskool,17645.57,19471.38,Supplier_320,0.0938
PRD04450,Fisher-Price Educational 5306,Toys & Baby,Educational,Fisher-Price,5200.31,6602.1,Supplier_196,0.2123
PRD04451,Hasbro Baby Care 7485,Toys & Baby,Baby Care,Hasbro,5543.99,8178.35,Supplier_282,0.3221
PRD04452,Fisher-Price Baby Care 709,Toys & Baby,Baby Care,Fisher-Price,4605.96,6981.51,Supplier_080,0.3403
PRD04453,Fisher-Price Baby Care 9254,Toys & Baby,Baby Care,Fisher-Price,20269.68,27667.41,Supplier_331,0.2674
PRD04454,Lego Educational 1630,Toys & Baby,Educational,Lego,24212.46,27319.66,Supplier_055,0.1137
PRD04455,Hasbro Baby Care 7020,Toys & Baby,Baby Care,Hasbro,21243.45,30918.81,Supplier_058,0.3129
PRD04456,Hasbro Toys & Games 5936,Toys & Baby,Toys & Games,Hasbro,41338.76,52133.49,Supplier_297,0.2071
PRD04457,Lego Educational 1175,Toys & Baby,Educational,Lego,33216.58,38369.16,Supplier_244,0.1343
PRD04458,Funskool Toys & Games 8886,Toys & Baby,Toys & Games,Funskool,43248.63,53474.1,Supplier_107,0.1912
PRD04459,Lego Baby Care 1197,Toys & Baby,Baby Care,Lego,12816.39,17718.7,Supplier_302,0.2767
PRD04460,Hasbro Baby Care 9036,Toys & Baby,Baby Care,Hasbro,16391.1,23138.12,Supplier_190,0.2916
PRD04461,Funskool Toys & Games 9578,Toys & Baby,Toys & Games,Funskool,47595.17,73490.41,Supplier_336,0.3524
PRD04462,Lego Educational 2426,Toys & Baby,Educational,Lego,14150.32,17862.11,Supplier_049,0.2078
PRD04463,Hasbro Baby Care 5510,Toys & Baby,Baby Care,Hasbro,16790.8,18475.89,Supplier_277,0.0912
PRD04464,Hasbro Baby Care 3508,Toys & Baby,Baby Care,Hasbro,21416.46,28010.42,Supplier_003,0.2354
PRD04465,Fisher-Price Toys & Games 3450,Toys & Baby,Toys & Games,Fisher-Price,7623.66,10080.43,Supplier_081,0.2437
PRD04466,Lego Baby Care 9807,Toys & Baby,Baby Care,Lego,23975.54,30223.49,Supplier_287,0.2067
PRD04467,Lego Educational 6178,Toys & Baby,Educational,Lego,12789.56,14231.29,Supplier_416,0.1013
PRD04468,Fisher-Price Educational 8584,Toys & Baby,Educational,Fisher-Price,8272.1,9422.89,Supplier_190,0.1221
PRD04469,Hasbro Baby Care 9018,Toys & Baby,Baby Care,Hasbro,5369.44,6401.02,Supplier_240,0.1612
PRD04470,Fisher-Price Toys & Games 7831,Toys & Baby,Toys & Games,Fisher-Price,26781.79,36027.46,Supplier_065,0.2566
PRD04471,Fisher-Price Educational 3766,Toys & Baby,Educational,Fisher-Price,31963.48,46020.93,Supplier_285,0.3055
PRD04472,Lego Educational 7786,Toys & Baby,Educational,Lego,47509.05,69024.87,Supplier_234,0.3117
PRD04473,Fisher-Price Educational 4892,Toys & Baby,Educational,Fisher-Price,6087.49,8748.81,Supplier_072,0.3042
PRD04474,Lego Baby Care 8356,Toys & Baby,Baby Care,Lego,34680.04,45290.18,Supplier_472,0.2343
PRD04475,Lego Baby Care 241,Toys & Baby,Baby Care,Lego,104.78,142.84,Supplier_227,0.2665
PRD04476,Lego Toys & Games 4665,Toys & Baby,Toys & Games,Lego,3705.51,5442.73,Supplier_073,0.3192
PRD04477,Funskool Toys & Games 949,Toys & Baby,Toys & Games,Funskool,33773.03,44234.7,Supplier_179,0.2365
PRD04478,Hasbro Educational 7424,Toys & Baby,Educational,Hasbro,42445.88,59641.45,Supplier_241,0.2883
PRD04479,Hasbro Toys & Games 9644,Toys & Baby,Toys & Games,Hasbro,46737.04,65366.06,Supplier_324,0.285
PRD04480,Fisher-Price Baby Care 7218,Toys & Baby,Baby Care,Fisher-Price,18841.1,26633.69,Supplier_180,0.2926
PRD04481,Hasbro Baby Care 766,Toys & Baby,Baby Care,Hasbro,38494.78,48932.96,Supplier_311,0.2133
PRD04482,Hasbro Educational 4811,Toys & Baby,Educational,Hasbro,26224.56,31213.22,Supplier_399,0.1598
PRD04483,Fisher-Price Baby Care 2595,Toys & Baby,Baby Care,Fisher-Price,922.4,1305.47,Supplier_083,0.2934
PRD04484,Lego Baby Care 6072,Toys & Baby,Baby Care,Lego,49321.36,62072.66,Supplier_101,0.2054
PRD04485,Lego Baby Care 1545,Toys & Baby,Baby Care,Lego,47861.54,55791.26,Supplier_297,0.1421
PRD04486,Funskool Toys & Games 317,Toys & Baby,Toys & Games,Funskool,12231.67,16796.17,Supplier_235,0.2718
PRD04487,Funskool Toys & Games 4085,Toys & Baby,Toys & Games,Funskool,34679.31,45248.63,Supplier_216,0.2336
PRD04488,Fisher-Price Toys & Games 9713,Toys & Baby,Toys & Games,Fisher-Price,16762.02,24315.62,Supplier_059,0.3106
PRD04489,Funskool Toys & Games 818,Toys & Baby,Toys & Games,Funskool,1905.24,2686.36,Supplier_036,0.2908
PRD04490,Lego Baby Care 635,Toys & Baby,Baby Care,Lego,20982.0,22963.61,Supplier_069,0.0863
PRD04491,Funskool Baby Care 4386,Toys & Baby,Baby Care,Funskool,28048.23,39754.18,Supplier_433,0.2945
PRD04492,Funskool Baby Care 3430,Toys & Baby,Baby Care,Funskool,29913.77,44447.47,Supplier_113,0.327
PRD04493,Funskool Baby Care 5968,Toys & Baby,Baby Care,Funskool,25404.62,35959.05,Supplier_252,0.2935
PRD04494,Lego Toys & Games 7833,Toys & Baby,Toys & Games,Lego,5434.46,7326.27,Supplier_292,0.2582
PRD04495,Funskool Toys & Games 8379,Toys & Baby,Toys & Games,Funskool,19250.97,29570.27,Supplier_474,0.349
PRD04496,Hasbro Baby Care 4033,Toys & Baby,Baby Care,Hasbro,42660.54,59683.2,Supplier_416,0.2852
PRD04497,Fisher-Price Toys & Games 8207,Toys & Baby,Toys & Games,Fisher-Price,43835.99,49230.49,Supplier_355,0.1096
PRD04498,Hasbro Toys & Games 8594,Toys & Baby,Toys & Games,Hasbro,21192.97,24345.19,Supplier_073,0.1295
PRD04499,Hasbro Baby Care 9803,Toys & Baby,Baby Care,Hasbro,26959.37,32459.59,Supplier_462,0.1694
PRD04500,Hasbro Toys & Games 745,Toys & Baby,Toys & Games,Hasbro,33507.04,40756.16,Supplier_416,0.1779
PRD04501,Lego Toys & Games 913,Toys & Baby,Toys & Games,Lego,1088.52,1375.7,Supplier_045,0.2088
PRD04502,Hasbro Baby Care 9753,Toys & Baby,Baby Care,Hasbro,39506.04,48601.35,Supplier_013,0.1871
PRD04503,Funskool Educational 8218,Toys & Baby,Educational,Funskool,14026.18,20579.68,Supplier_450,0.3184
PRD04504,Hasbro Toys & Games 1034,Toys & Baby,Toys & Games,Hasbro,47720.21,56088.98,Supplier_451,0.1492
PRD04505,Lego Educational 6994,Toys & Baby,Educational,Lego,49418.18,60810.36,Supplier_433,0.1873
PRD04506,Lego Educational 3389,Toys & Baby,Educational,Lego,19100.4,27027.09,Supplier_416,0.2933
PRD04507,Fisher-Price Toys & Games 717,Toys & Baby,Toys & Games,Fisher-Price,45358.37,50199.3,Supplier_302,0.0964
PRD04508,Lego Toys & Games 1967,Toys & Baby,Toys & Games,Lego,3345.03,4309.68,Supplier_373,0.2238
PRD04509,Funskool Toys & Games 834,Toys & Baby,Toys & Games,Funskool,42687.71,56770.23,Supplier_089,0.2481
PRD04510,Lego Educational 1156,Toys & Baby,Educational,Lego,16829.32,25704.51,Supplier_172,0.3453
PRD04511,Lego Educational 3870,Toys & Baby,Educational,Lego,31268.42,34513.11,Supplier_026,0.094
PRD04512,Lego Baby Care 1550,Toys & Baby,Baby Care,Lego,31686.19,40433.63,Supplier_125,0.2163
PRD04513,Hasbro Baby Care 505,Toys & Baby,Baby Care,Hasbro,8561.16,12932.57,Supplier_263,0.338
PRD04514,Lego Toys & Games 7130,Toys & Baby,Toys & Games,Lego,49253.01,68804.4,Supplier_267,0.2842
PRD04515,Funskool Toys & Games 9472,Toys & Baby,Toys & Games,Funskool,42659.82,63420.31,Supplier_156,0.3273
PRD04516,Funskool Baby Care 5793,Toys & Baby,Baby Care,Funskool,38466.72,56853.73,Supplier_467,0.3234
PRD04517,Lego Educational 1546,Toys & Baby,Educational,Lego,3728.82,5478.6,Supplier_019,0.3194
PRD04518,Lego Baby Care 237,Toys & Baby,Baby Care,Lego,33733.44,48191.27,Supplier_442,0.3
PRD04519,Hasbro Educational 7437,Toys & Baby,Educational,Hasbro,24884.87,29247.62,Supplier_317,0.1492
PRD04520,Funskool Educational 9676,Toys & Baby,Educational,Funskool,48937.66,55030.02,Supplier_064,0.1107
PRD04521,Funskool Educational 3913,Toys & Baby,Educational,Funskool,7039.54,8999.56,Supplier_243,0.2178
PRD04522,Funskool Baby Care 1801,Toys & Baby,Baby Care,Funskool,32399.56,46526.09,Supplier_208,0.3036
PRD04523,Hasbro Baby Care 8440,Toys & Baby,Baby Care,Hasbro,23972.86,35656.84,Supplier_254,0.3277
PRD04524,Hasbro Baby Care 8796,Toys & Baby,Baby Care,Hasbro,43493.16,49533.26,Supplier_278,0.1219
PRD04525,Hasbro Toys & Games 8717,Toys & Baby,Toys & Games,Hasbro,46345.51,59472.78,Supplier_464,0.2207
PRD04526,Funskool Educational 6596,Toys & Baby,Educational,Funskool,1277.51,1817.25,Supplier_451,0.297
PRD04527,Lego Educational 9801,Toys & Baby,Educational,Lego,23021.52,29207.71,Supplier_082,0.2118
PRD04528,Hasbro Toys & Games 8535,Toys & Baby,Toys & Games,Hasbro,21641.16,27887.04,Supplier_006,0.224
PRD04529,Lego Educational 6574,Toys & Baby,Educational,Lego,22404.94,28378.74,Supplier_419,0.2105
PRD04530,Lego Baby Care 9966,Toys & Baby,Baby Care,Lego,9403.7,14207.91,Supplier_347,0.3381
PRD04531,Fisher-Price Educational 4062,Toys & Baby,Educational,Fisher-Price,23216.79,31411.54,Supplier_414,0.2609
PRD04532,Fisher-Price Baby Care 7908,Toys & Baby,Baby Care,Fisher-Price,6822.17,8462.61,Supplier_246,0.1938
PRD04533,Lego Baby Care 8226,Toys & Baby,Baby Care,Lego,21720.01,33406.02,Supplier_195,0.3498
PRD04534,Fisher-Price Baby Care 9226,Toys & Baby,Baby Care,Fisher-Price,27474.78,32099.93,Supplier_190,0.1441
PRD04535,Fisher-Price Educational 4866,Toys & Baby,Educational,Fisher-Price,15888.53,24061.76,Supplier_064,0.3397
PRD04536,Fisher-Price Baby Care 5501,Toys & Baby,Baby Care,Fisher-Price,44602.48,64536.8,Supplier_248,0.3089
PRD04537,Lego Educational 2378,Toys & Baby,Educational,Lego,28604.28,43710.11,Supplier_303,0.3456
PRD04538,Hasbro Baby Care 8830,Toys & Baby,Baby Care,Hasbro,17578.4,19751.48,Supplier_226,0.11
PRD04539,Fisher-Price Toys & Games 7121,Toys & Baby,Toys & Games,Fisher-Price,42083.6,51549.63,Supplier_021,0.1836
PRD04540,Funskool Toys & Games 9987,Toys & Baby,Toys & Games,Funskool,38704.7,41880.44,Supplier_095,0.0758
PRD04541,Funskool Baby Care 8666,Toys & Baby,Baby Care,Funskool,29738.57,41043.41,Supplier_486,0.2754
PRD04542,Hasbro Baby Care 915,Toys & Baby,Baby Care,Hasbro,17511.56,22723.63,Supplier_321,0.2294
PRD04543,Fisher-Price Toys & Games 395,Toys & Baby,Toys & Games,Fisher-Price,38708.37,52532.51,Supplier_064,0.2632
PRD04544,Lego Toys & Games 8409,Toys & Baby,Toys & Games,Lego,17027.78,18495.58,Supplier_201,0.0794
PRD04545,Fisher-Price Educational 476,Toys & Baby,Educational,Fisher-Price,24695.71,28655.18,Supplier_206,0.1382
PRD04546,Funskool Educational 3820,Toys & Baby,Educational,Funskool,7504.28,8743.57,Supplier_436,0.1417
PRD04547,Hasbro Toys & Games 9288,Toys & Baby,Toys & Games,Hasbro,30256.17,44349.33,Supplier_009,0.3178
PRD04548,Lego Baby Care 8267,Toys & Baby,Baby Care,Lego,44327.45,48157.82,Supplier_328,0.0795
PRD04549,Fisher-Price Toys & Games 2930,Toys & Baby,Toys & Games,Fisher-Price,47023.99,68740.68,Supplier_464,0.3159
PRD04550,Hasbro Baby Care 9507,Toys & Baby,Baby Care,Hasbro,6987.7,9851.41,Supplier_232,0.2907
PRD04551,Lego Baby Care 4823,Toys & Baby,Baby Care,Lego,23505.2,34141.88,Supplier_013,0.3115
PRD04552,Funskool Educational 1607,Toys & Baby,Educational,Funskool,24766.17,35848.79,Supplier_414,0.3091
PRD04553,Funskool Educational 9890,Toys & Baby,Educational,Funskool,15288.52,23309.45,Supplier_189,0.3441
PRD04554,Hasbro Baby Care 8992,Toys & Baby,Baby Care,Hasbro,12822.82,18190.06,Supplier_463,0.2951
PRD04555,Lego Baby Care 6205,Toys & Baby,Baby Care,Lego,18126.26,22165.63,Supplier_113,0.1822
PRD04556,Funskool Baby Care 7130,Toys & Baby,Baby Care,Funskool,36241.45,43921.85,Supplier_459,0.1749
PRD04557,Hasbro Educational 3354,Toys & Baby,Educational,Hasbro,17729.09,26430.16,Supplier_342,0.3292
PRD04558,Funskool Educational 9300,Toys & Baby,Educational,Funskool,25358.49,36761.64,Supplier_380,0.3102
PRD04559,Funskool Toys & Games 2721,Toys & Baby,Toys & Games,Funskool,32762.96,49931.05,Supplier_438,0.3438
PRD04560,Hasbro Baby Care 5010,Toys & Baby,Baby Care,Hasbro,10830.92,16679.18,Supplier_266,0.3506
PRD04561,Lego Baby Care 7648,Toys & Baby,Baby Care,Lego,7755.16,11512.67,Supplier_243,0.3264
PRD04562,Hasbro Baby Care 4863,Toys & Baby,Baby Care,Hasbro,278.54,367.31,Supplier_125,0.2417
PRD04563,Hasbro Toys & Games 3678,Toys & Baby,Toys & Games,Hasbro,38584.1,52734.41,Supplier_337,0.2683
PRD04564,Funskool Educational 7155,Toys & Baby,Educational,Funskool,15073.26,22451.56,Supplier_306,0.3286
PRD04565,Funskool Educational 489,Toys & Baby,Educational,Funskool,43332.7,47444.4,Supplier_391,0.0867
PRD04566,Funskool Educational 622,Toys & Baby,Educational,Funskool,15990.41,17717.37,Supplier_306,0.0975
PRD04567,Funskool Toys & Games 234,Toys & Baby,Toys & Games,Funskool,20074.61,23239.11,Supplier_027,0.1362
PRD04568,Lego Baby Care 9987,Toys & Baby,Baby Care,Lego,14054.19,21240.8,Supplier_389,0.3383
PRD04569,Fisher-Price Toys & Games 8128,Toys & Baby,Toys & Games,Fisher-Price,34862.3,44972.83,Supplier_465,0.2248
PRD04570,Funskool Toys & Games 5758,Toys & Baby,Toys & Games,Funskool,13518.57,19609.77,Supplier_342,0.3106
PRD04571,Fisher-Price Educational 1139,Toys & Baby,Educational,Fisher-Price,12122.37,18364.5,Supplier_216,0.3399
PRD04572,Funskool Toys & Games 5905,Toys & Baby,Toys & Games,Funskool,27976.78,34832.41,Supplier_020,0.1968
PRD04573,Lego Educational 5013,Toys & Baby,Educational,Lego,34471.93,47534.45,Supplier_176,0.2748
PRD04574,Lego Toys & Games 3536,Toys & Baby,Toys & Games,Lego,47973.1,53935.21,Supplier_176,0.1105
PRD04575,Fisher-Price Toys & Games 4438,Toys & Baby,Toys & Games,Fisher-Price,7006.5,9094.98,Supplier_396,0.2296
PRD04576,Lego Educational 5516,Toys & Baby,Educational,Lego,41226.99,59069.23,Supplier_097,0.3021
PRD04577,Fisher-Price Toys & Games 5876,Toys & Baby,Toys & Games,Fisher-Price,5628.18,6710.65,Supplier_295,0.1613
PRD04578,Funskool Toys & Games 5964,Toys & Baby,Toys & Games,Funskool,49688.25,57560.3,Supplier_095,0.1368
PRD04579,Funskool Baby Care 6330,Toys & Baby,Baby Care,Funskool,7491.91,9619.92,Supplier_464,0.2212
PRD04580,Funskool Toys & Games 6055,Toys & Baby,Toys & Games,Funskool,5594.92,6176.92,Supplier_254,0.0942
PRD04581,Lego Toys & Games 5810,Toys & Baby,Toys & Games,Lego,27722.66,38760.2,Supplier_150,0.2848
PRD04582,Fisher-Price Baby Care 771,Toys & Baby,Baby Care,Fisher-Price,13014.23,18683.25,Supplier_409,0.3034
PRD04583,Fisher-Price Educational 1384,Toys & Baby,Educational,Fisher-Price,29250.79,36047.62,Supplier_245,0.1886
PRD04584,Funskool Educational 3703,Toys & Baby,Educational,Funskool,17233.8,21508.04,Supplier_353,0.1987
PRD04585,Fisher-Price Baby Care 7864,Toys & Baby,Baby Care,Fisher-Price,46194.12,58962.32,Supplier_096,0.2165
PRD04586,Fisher-Price Educational 7346,Toys & Baby,Educational,Fisher-Price,20815.87,24435.84,Supplier_129,0.1481
PRD04587,Fisher-Price Baby Care 1523,Toys & Baby,Baby Care,Fisher-Price,49884.49,57166.96,Supplier_342,0.1274
PRD04588,Hasbro Baby Care 2832,Toys & Baby,Baby Care,Hasbro,18758.86,23990.59,Supplier_390,0.2181
PRD04589,Funskool Baby Care 7051,Toys & Baby,Baby Care,Funskool,44154.36,51293.5,Supplier_015,0.1392
PRD04590,Funskool Educational 7342,Toys & Baby,Educational,Funskool,26309.67,34735.27,Supplier_201,0.2426
PRD04591,Fisher-Price Toys & Games 7045,Toys & Baby,Toys & Games,Fisher-Price,29478.31,44761.85,Supplier_293,0.3414
PRD04592,Fisher-Price Toys & Games 430,Toys & Baby,Toys & Games,Fisher-Price,30195.19,38734.36,Supplier_405,0.2205
PRD04593,Funskool Toys & Games 8194,Toys & Baby,Toys & Games,Funskool,47493.53,61021.52,Supplier_482,0.2217
PRD04594,Funskool Toys & Games 9769,Toys & Baby,Toys & Games,Funskool,16812.56,23785.91,Supplier_277,0.2932
PRD04595,Lego Toys & Games 6961,Toys & Baby,Toys & Games,Lego,45723.26,64507.86,Supplier_226,0.2912
PRD04596,Fisher-Price Toys & Games 3627,Toys & Baby,Toys & Games,Fisher-Price,47384.76,72383.35,Supplier_144,0.3454
PRD04597,Fisher-Price Toys & Games 1581,Toys & Baby,Toys & Games,Fisher-Price,15463.39,19201.72,Supplier_337,0.1947
PRD04598,Lego Baby Care 4069,Toys & Baby,Baby Care,Lego,2906.36,3643.32,Supplier_206,0.2023
PRD04599,Funskool Baby Care 9159,Toys & Baby,Baby Care,Funskool,2357.59,3299.15,Supplier_090,0.2854
PRD04600,Lego Educational 7823,Toys & Baby,Educational,Lego,5398.0,6477.68,Supplier_186,0.1667
PRD04601,Hasbro Baby Care 1147,Toys & Baby,Baby Care,Hasbro,18960.91,22124.7,Supplier_057,0.143
PRD04602,Funskool Educational 4773,Toys & Baby,Educational,Funskool,14675.59,16017.13,Supplier_322,0.0838
PRD04603,Lego Baby Care 3427,Toys & Baby,Baby Care,Lego,44770.24,59321.85,Supplier_332,0.2453
PRD04604,Lego Baby Care 3786,Toys & Baby,Baby Care,Lego,21822.14,29875.98,Supplier_469,0.2696
PRD04605,Fisher-Price Toys & Games 9688,Toys & Baby,Toys & Games,Fisher-Price,34299.52,50838.89,Supplier_248,0.3253
PRD04606,Fisher-Price Baby Care 358,Toys & Baby,Baby Care,Fisher-Price,33926.27,38349.76,Supplier_209,0.1153
PRD04607,Fisher-Price Toys & Games 2172,Toys & Baby,Toys & Games,Fisher-Price,47438.75,72105.95,Supplier_200,0.3421
PRD04608,Fisher-Price Baby Care 2749,Toys & Baby,Baby Care,Fisher-Price,45489.61,53696.2,Supplier_261,0.1528
PRD04609,Hasbro Toys & Games 977,Toys & Baby,Toys & Games,Hasbro,7105.67,9725.96,Supplier_375,0.2694
PRD04610,Hasbro Educational 2667,Toys & Baby,Educational,Hasbro,11467.97,15719.38,Supplier_051,0.2705
PRD04611,Lego Educational 5379,Toys & Baby,Educational,Lego,19883.66,29884.14,Supplier_227,0.3346
PRD04612,Hasbro Toys & Games 540,Toys & Baby,Toys & Games,Hasbro,21785.72,28484.87,Supplier_184,0.2352
PRD04613,Hasbro Toys & Games 4884,Toys & Baby,Toys & Games,Hasbro,24391.83,31411.15,Supplier_178,0.2235
PRD04614,Fisher-Price Educational 4266,Toys & Baby,Educational,Fisher-Price,18689.35,21910.52,Supplier_141,0.147
PRD04615,Fisher-Price Baby Care 196,Toys & Baby,Baby Care,Fisher-Price,567.1,875.86,Supplier_068,0.3525
PRD04616,Hasbro Educational 9282,Toys & Baby,Educational,Hasbro,37132.94,49191.83,Supplier_254,0.2451
PRD04617,Fisher-Price Educational 5173,Toys & Baby,Educational,Fisher-Price,44358.37,63434.45,Supplier_327,0.3007
PRD04618,Fisher-Price Baby Care 6649,Toys & Baby,Baby Care,Fisher-Price,8546.55,10500.44,Supplier_232,0.1861
PRD04619,Fisher-Price Baby Care 4559,Toys & Baby,Baby Care,Fisher-Price,11925.1,17245.87,Supplier_005,0.3085
PRD04620,Lego Educational 7624,Toys & Baby,Educational,Lego,13693.47,19196.56,Supplier_348,0.2867
PRD04621,Funskool Baby Care 2495,Toys & Baby,Baby Care,Funskool,31290.42,41683.24,Supplier_123,0.2493
PRD04622,Fisher-Price Baby Care 9102,Toys & Baby,Baby Care,Fisher-Price,2280.44,3415.35,Supplier_341,0.3323
PRD04623,Hasbro Toys & Games 5237,Toys & Baby,Toys & Games,Hasbro,8667.53,9558.38,Supplier_052,0.0932
PRD04624,Lego Toys & Games 9037,Toys & Baby,Toys & Games,Lego,14076.82,15600.64,Supplier_159,0.0977
PRD04625,Lego Toys & Games 9060,Toys & Baby,Toys & Games,Lego,195.95,233.27,Supplier_087,0.16
PRD04626,Lego Baby Care 3327,Toys & Baby,Baby Care,Lego,8731.94,12594.48,Supplier_351,0.3067
PRD04627,Fisher-Price Educational 8668,Toys & Baby,Educational,Fisher-Price,44080.12,61531.25,Supplier_063,0.2836
PRD04628,Hasbro Educational 3992,Toys & Baby,Educational,Hasbro,11152.07,16452.82,Supplier_276,0.3222
PRD04629,Fisher-Price Educational 4122,Toys & Baby,Educational,Fisher-Price,32443.22,45734.05,Supplier_378,0.2906
PRD04630,Fisher-Price Baby Care 5117,Toys & Baby,Baby Care,Fisher-Price,23319.54,30777.87,Supplier_332,0.2423
PRD04631,Hasbro Baby Care 479,Toys & Baby,Baby Care,Hasbro,24133.03,26587.39,Supplier_182,0.0923
PRD04632,Fisher-Price Toys & Games 925,Toys & Baby,Toys & Games,Fisher-Price,12886.11,18261.13,Supplier_495,0.2943
PRD04633,Fisher-Price Baby Care 4507,Toys & Baby,Baby Care,Fisher-Price,22864.76,29354.69,Supplier_288,0.2211
PRD04634,Fisher-Price Baby Care 5353,Toys & Baby,Baby Care,Fisher-Price,39733.07,55447.78,Supplier_054,0.2834
PRD04635,Lego Toys & Games 1425,Toys & Baby,Toys & Games,Lego,22965.95,30514.18,Supplier_392,0.2474
PRD04636,Fisher-Price Toys & Games 5079,Toys & Baby,Toys & Games,Fisher-Price,31129.68,45303.56,Supplier_186,0.3129
PRD04637,Funskool Baby Care 6578,Toys & Baby,Baby Care,Funskool,21044.77,27402.97,Supplier_177,0.232
PRD04638,Hasbro Baby Care 7530,Toys & Baby,Baby Care,Hasbro,41143.99,56038.88,Supplier_220,0.2658
PRD04639,Fisher-Price Baby Care 2005,Toys & Baby,Baby Care,Fisher-Price,11854.55,15288.69,Supplier_353,0.2246
PRD04640,Hasbro Educational 4040,Toys & Baby,Educational,Hasbro,37516.67,55443.45,Supplier_300,0.3233
PRD04641,Hasbro Baby Care 6353,Toys & Baby,Baby Care,Hasbro,5372.26,7676.03,Supplier_473,0.3001
PRD04642,Lego Baby Care 8200,Toys & Baby,Baby Care,Lego,47000.78,58984.1,Supplier_107,0.2032
PRD04643,Fisher-Price Baby Care 8697,Toys & Baby,Baby Care,Fisher-Price,9820.08,14510.66,Supplier_245,0.3233
PRD04644,Funskool Educational 2390,Toys & Baby,Educational,Funskool,41167.06,45360.87,Supplier_112,0.0925
PRD04645,Funskool Educational 5046,Toys & Baby,Educational,Funskool,33377.48,51129.79,Supplier_153,0.3472
PRD04646,Hasbro Baby Care 3678,Toys & Baby,Baby Care,Hasbro,8836.64,11305.63,Supplier_001,0.2184
PRD04647,Fisher-Price Baby Care 1685,Toys & Baby,Baby Care,Fisher-Price,3627.34,4696.78,Supplier_351,0.2277
PRD04648,Lego Baby Care 3140,Toys & Baby,Baby Care,Lego,31329.16,35341.33,Supplier_152,0.1135
PRD04649,Lego Educational 8814,Toys & Baby,Educational,Lego,5679.1,7192.51,Supplier_378,0.2104
PRD04650,Lego Baby Care 7951,Toys & Baby,Baby Care,Lego,44364.4,56580.55,Supplier_014,0.2159
PRD04651,Hasbro Baby Care 9363,Toys & Baby,Baby Care,Hasbro,15694.03,20922.72,Supplier_199,0.2499
PRD04652,Hasbro Educational 9130,Toys & Baby,Educational,Hasbro,46352.28,54775.96,Supplier_287,0.1538
PRD04653,Fisher-Price Toys & Games 8069,Toys & Baby,Toys & Games,Fisher-Price,1463.93,1953.47,Supplier_350,0.2506
PRD04654,Lego Educational 1390,Toys & Baby,Educational,Lego,20108.15,23862.27,Supplier_392,0.1573
PRD04655,Lego Baby Care 9829,Toys & Baby,Baby Care,Lego,37353.66,42887.02,Supplier_059,0.129
PRD04656,Lego Educational 5503,Toys & Baby,Educational,Lego,24153.59,26740.34,Supplier_307,0.0967
PRD04657,Funskool Toys & Games 917,Toys & Baby,Toys & Games,Funskool,3267.48,4923.07,Supplier_194,0.3363
PRD04658,Lego Educational 7500,Toys & Baby,Educational,Lego,28971.52,32405.2,Supplier_088,0.106
PRD04659,Lego Toys & Games 3255,Toys & Baby,Toys & Games,Lego,14074.25,16020.95,Supplier_011,0.1215
PRD04660,Fisher-Price Toys & Games 6661,Toys & Baby,Toys & Games,Fisher-Price,22345.18,30259.68,Supplier_334,0.2616
PRD04661,Hasbro Toys & Games 8630,Toys & Baby,Toys & Games,Hasbro,16766.56,21639.82,Supplier_336,0.2252
PRD04662,Hasbro Baby Care 7453,Toys & Baby,Baby Care,Hasbro,44724.78,60529.11,Supplier_320,0.2611
PRD04663,Fisher-Price Educational 2308,Toys & Baby,Educational,Fisher-Price,15820.41,24000.09,Supplier_055,0.3408
PRD04664,Fisher-Price Baby Care 6804,Toys & Baby,Baby Care,Fisher-Price,5563.42,7436.92,Supplier_405,0.2519
PRD04665,Hasbro Baby Care 9158,Toys & Baby,Baby Care,Hasbro,17829.51,25438.28,Supplier_318,0.2991
PRD04666,Fisher-Price Educational 254,Toys & Baby,Educational,Fisher-Price,49745.3,74565.78,Supplier_222,0.3329
PRD04667,Hasbro Toys & Games 5234,Toys & Baby,Toys & Games,Hasbro,10602.4,15441.02,Supplier_209,0.3134
PRD04668,Fisher-Price Toys & Games 1642,Toys & Baby,Toys & Games,Fisher-Price,49658.01,58301.22,Supplier_087,0.1483
PRD04669,Hasbro Educational 5873,Toys & Baby,Educational,Hasbro,49054.44,61429.21,Supplier_230,0.2014
PRD04670,Hasbro Toys & Games 6825,Toys & Baby,Toys & Games,Hasbro,5212.62,7091.46,Supplier_112,0.2649
PRD04671,Fisher-Price Baby Care 3561,Toys & Baby,Baby Care,Fisher-Price,4479.56,6604.73,Supplier_270,0.3218
PRD04672,Fisher-Price Educational 2831,Toys & Baby,Educational,Fisher-Price,19628.6,30221.65,Supplier_358,0.3505
PRD04673,Fisher-Price Toys & Games 312,Toys & Baby,Toys & Games,Fisher-Price,38192.31,52789.83,Supplier_256,0.2765
PRD04674,Hasbro Toys & Games 2913,Toys & Baby,Toys & Games,Hasbro,49555.85,61627.05,Supplier_059,0.1959
PRD04675,Lego Baby Care 7007,Toys & Baby,Baby Care,Lego,40133.66,56379.56,Supplier_472,0.2882
PRD04676,Lego Toys & Games 8732,Toys & Baby,Toys & Games,Lego,3890.24,5323.96,Supplier_169,0.2693
PRD04677,Fisher-Price Baby Care 9964,Toys & Baby,Baby Care,Fisher-Price,37727.93,41551.36,Supplier_428,0.092
PRD04678,Lego Toys & Games 5953,Toys & Baby,Toys & Games,Lego,23837.27,27574.26,Supplier_384,0.1355
PRD04679,Funskool Baby Care 3784,Toys & Baby,Baby Care,Funskool,25818.63,31923.88,Supplier_175,0.1912
PRD04680,Hasbro Educational 3940,Toys & Baby,Educational,Hasbro,45195.08,66235.86,Supplier_349,0.3177
PRD04681,Fisher-Price Educational 3668,Toys & Baby,Educational,Fisher-Price,7699.77,11394.02,Supplier_310,0.3242
PRD04682,Lego Educational 5703,Toys & Baby,Educational,Lego,7317.72,9011.14,Supplier_055,0.1879
PRD04683,Funskool Baby Care 3118,Toys & Baby,Baby Care,Funskool,3533.51,4812.97,Supplier_166,0.2658
PRD04684,Fisher-Price Educational 4262,Toys & Baby,Educational,Fisher-Price,31486.05,46480.65,Supplier_427,0.3226
PRD04685,Hasbro Baby Care 1841,Toys & Baby,Baby Care,Hasbro,44906.61,67591.8,Supplier_420,0.3356
PRD04686,Lego Educational 711,Toys & Baby,Educational,Lego,35348.09,44918.0,Supplier_063,0.2131
PRD04687,Hasbro Educational 5965,Toys & Baby,Educational,Hasbro,11701.88,15928.25,Supplier_133,0.2653
PRD04688,Lego Toys & Games 5315,Toys & Baby,Toys & Games,Lego,36180.23,48509.86,Supplier_120,0.2542
PRD04689,Funskool Toys & Games 9981,Toys & Baby,Toys & Games,Funskool,19511.11,28187.92,Supplier_125,0.3078
PRD04690,Hasbro Toys & Games 5632,Toys & Baby,Toys & Games,Hasbro,29910.9,39632.5,Supplier_397,0.2453
PRD04691,Fisher-Price Educational 5111,Toys & Baby,Educational,Fisher-Price,32548.08,41709.23,Supplier_186,0.2196
PRD04692,Hasbro Educational 626,Toys & Baby,Educational,Hasbro,6823.79,8259.89,Supplier_288,0.1739
PRD04693,Lego Educational 3183,Toys & Baby,Educational,Lego,35145.78,45570.86,Supplier_169,0.2288
PRD04694,Fisher-Price Educational 1190,Toys & Baby,Educational,Fisher-Price,20955.93,27638.03,Supplier_450,0.2418
PRD04695,Lego Toys & Games 7125,Toys & Baby,Toys & Games,Lego,48151.41,62650.77,Supplier_232,0.2314
PRD04696,Hasbro Toys & Games 3808,Toys & Baby,Toys & Games,Hasbro,34635.91,39376.92,Supplier_362,0.1204
PRD04697,Fisher-Price Baby Care 2272,Toys & Baby,Baby Care,Fisher-Price,35332.04,41152.01,Supplier_334,0.1414
PRD04698,Lego Toys & Games 1641,Toys & Baby,Toys & Games,Lego,36762.02,56032.5,Supplier_353,0.3439
PRD04699,Lego Educational 4124,Toys & Baby,Educational,Lego,40547.38,44959.97,Supplier_095,0.0981
PRD04700,Lego Educational 336,Toys & Baby,Educational,Lego,21722.28,26610.1,Supplier_049,0.1837
PRD04701,Fisher-Price Educational 4498,Toys & Baby,Educational,Fisher-Price,32458.24,39784.12,Supplier_087,0.1841
PRD04702,Funskool Baby Care 604,Toys & Baby,Baby Care,Funskool,7807.3,12047.19,Supplier_081,0.3519
PRD04703,Funskool Educational 6126,Toys & Baby,Educational,Funskool,12270.3,18077.69,Supplier_004,0.3212
PRD04704,Funskool Educational 1588,Toys & Baby,Educational,Funskool,21988.95,27375.97,Supplier_061,0.1968
PRD04705,Hasbro Educational 6924,Toys & Baby,Educational,Hasbro,32885.63,50661.67,Supplier_141,0.3509
PRD04706,Funskool Toys & Games 3252,Toys & Baby,Toys & Games,Funskool,5197.36,6822.3,Supplier_318,0.2382
PRD04707,Fisher-Price Educational 5341,Toys & Baby,Educational,Fisher-Price,44867.88,58315.02,Supplier_160,0.2306
PRD04708,Lego Educational 1629,Toys & Baby,Educational,Lego,15039.09,18537.94,Supplier_351,0.1887
PRD04709,Fisher-Price Educational 6416,Toys & Baby,Educational,Fisher-Price,25453.12,37354.65,Supplier_441,0.3186
PRD04710,Fisher-Price Toys & Games 6380,Toys & Baby,Toys & Games,Fisher-Price,1406.71,1651.24,Supplier_164,0.1481
PRD04711,Funskool Educational 2974,Toys & Baby,Educational,Funskool,9102.87,12303.59,Supplier_019,0.2601
PRD04712,Lego Educational 6352,Toys & Baby,Educational,Lego,12131.0,15280.8,Supplier_222,0.2061
PRD04713,Hasbro Educational 9436,Toys & Baby,Educational,Hasbro,30017.42,43357.85,Supplier_178,0.3077
PRD04714,Lego Toys & Games 4196,Toys & Baby,Toys & Games,Lego,26886.11,30215.61,Supplier_048,0.1102
PRD04715,Lego Toys & Games 3876,Toys & Baby,Toys & Games,Lego,30461.05,33130.47,Supplier_402,0.0806
PRD04716,Lego Baby Care 2537,Toys & Baby,Baby Care,Lego,14058.11,19351.48,Supplier_151,0.2735
PRD04717,Hasbro Toys & Games 3177,Toys & Baby,Toys & Games,Hasbro,21260.76,24737.05,Supplier_139,0.1405
PRD04718,Lego Baby Care 8576,Toys & Baby,Baby Care,Lego,10118.51,12354.26,Supplier_276,0.181
PRD04719,Lego Educational 7843,Toys & Baby,Educational,Lego,47615.99,57184.73,Supplier_190,0.1673
PRD04720,Hasbro Toys & Games 710,Toys & Baby,Toys & Games,Hasbro,21837.19,29868.43,Supplier_260,0.2689
PRD04721,Funskool Baby Care 4181,Toys & Baby,Baby Care,Funskool,40606.17,47208.41,Supplier_373,0.1399
PRD04722,Lego Educational 2288,Toys & Baby,Educational,Lego,19216.77,26355.88,Supplier_284,0.2709
PRD04723,Funskool Baby Care 5670,Toys & Baby,Baby Care,Funskool,1090.14,1315.17,Supplier_421,0.1711
PRD04724,Funskool Toys & Games 9265,Toys & Baby,Toys & Games,Funskool,8196.31,11776.34,Supplier_325,0.304
PRD04725,Funskool Educational 7957,Toys & Baby,Educational,Funskool,30458.49,45480.46,Supplier_432,0.3303
PRD04726,Fisher-Price Educational 7013,Toys & Baby,Educational,Fisher-Price,12474.5,15975.5,Supplier_146,0.2191
PRD04727,Lego Baby Care 7805,Toys & Baby,Baby Care,Lego,16169.66,18193.77,Supplier_208,0.1113
PRD04728,Fisher-Price Baby Care 9102,Toys & Baby,Baby Care,Fisher-Price,12967.78,14764.63,Supplier_268,0.1217
PRD04729,Fisher-Price Toys & Games 9745,Toys & Baby,Toys & Games,Fisher-Price,1929.9,2621.19,Supplier_175,0.2637
PRD04730,Lego Baby Care 3577,Toys & Baby,Baby Care,Lego,27546.41,42043.64,Supplier_479,0.3448
PRD04731,Funskool Baby Care 6685,Toys & Baby,Baby Care,Funskool,36991.62,50565.5,Supplier_342,0.2684
PRD04732,Hasbro Baby Care 9592,Toys & Baby,Baby Care,Hasbro,21513.49,29190.58,Supplier_133,0.263
PRD04733,Fisher-Price Baby Care 464,Toys & Baby,Baby Care,Fisher-Price,20458.72,23119.4,Supplier_447,0.1151
PRD04734,Fisher-Price Baby Care 7314,Toys & Baby,Baby Care,Fisher-Price,4295.93,5166.31,Supplier_465,0.1685
PRD04735,Fisher-Price Toys & Games 8678,Toys & Baby,Toys & Games,Fisher-Price,1364.53,1960.28,Supplier_134,0.3039
PRD04736,Hasbro Educational 5973,Toys & Baby,Educational,Hasbro,5176.32,6544.57,Supplier_215,0.2091
PRD04737,Funskool Baby Care 8993,Toys & Baby,Baby Care,Funskool,52.57,65.14,Supplier_373,0.193
PRD04738,Hasbro Educational 6397,Toys & Baby,Educational,Hasbro,47186.96,66180.93,Supplier_252,0.287
PRD04739,Funskool Educational 3060,Toys & Baby,Educational,Funskool,13074.93,19570.62,Supplier_105,0.3319
PRD04740,Lego Baby Care 7226,Toys & Baby,Baby Care,Lego,48484.35,60747.52,Supplier_295,0.2019
PRD04741,Funskool Educational 4658,Toys & Baby,Educational,Funskool,981.39,1510.27,Supplier_166,0.3502
PRD04742,Funskool Toys & Games 9547,Toys & Baby,Toys & Games,Funskool,39087.91,49720.15,Supplier_405,0.2138
PRD04743,Hasbro Toys & Games 4430,Toys & Baby,Toys & Games,Hasbro,17190.63,18934.0,Supplier_462,0.0921
PRD04744,Hasbro Toys & Games 8899,Toys & Baby,Toys & Games,Hasbro,3651.44,5370.45,Supplier_301,0.3201
PRD04745,Funskool Toys & Games 645,Toys & Baby,Toys & Games,Funskool,40086.79,45636.99,Supplier_433,0.1216
PRD04746,Funskool Toys & Games 4043,Toys & Baby,Toys & Games,Funskool,2832.07,4206.29,Supplier_276,0.3267
PRD04747,Hasbro Baby Care 6266,Toys & Baby,Baby Care,Hasbro,21420.24,24869.8,Supplier_448,0.1387
PRD04748,Fisher-Price Baby Care 4185,Toys & Baby,Baby Care,Fisher-Price,31477.79,45248.63,Supplier_265,0.3043
PRD04749,Funskool Educational 6771,Toys & Baby,Educational,Funskool,28669.86,41187.36,Supplier_441,0.3039
PRD04750,Fisher-Price Educational 8491,Toys & Baby,Educational,Fisher-Price,33575.1,39351.87,Supplier_180,0.1468
PRD04751,Fisher-Price Toys & Games 1401,Toys & Baby,Toys & Games,Fisher-Price,36018.52,40331.83,Supplier_436,0.1069
PRD04752,Hasbro Toys & Games 5563,Toys & Baby,Toys & Games,Hasbro,27486.11,34560.07,Supplier_044,0.2047
PRD04753,Lego Educational 8352,Toys & Baby,Educational,Lego,126.61,154.23,Supplier_441,0.1791
PRD04754,Lego Baby Care 8123,Toys & Baby,Baby Care,Lego,45332.23,68213.22,Supplier_236,0.3354
PRD04755,Hasbro Baby Care 3642,Toys & Baby,Baby Care,Hasbro,37961.38,41868.48,Supplier_199,0.0933
PRD04756,Hasbro Baby Care 7021,Toys & Baby,Baby Care,Hasbro,7376.72,11244.46,Supplier_111,0.344
PRD04757,Funskool Baby Care 9850,Toys & Baby,Baby Care,Funskool,34016.14,40115.37,Supplier_133,0.152
PRD04758,Hasbro Baby Care 3911,Toys & Baby,Baby Care,Hasbro,37373.06,52987.65,Supplier_054,0.2947
PRD04759,Fisher-Price Educational 3742,Toys & Baby,Educational,Fisher-Price,33729.55,38814.4,Supplier_190,0.131
PRD04760,Hasbro Baby Care 883,Toys & Baby,Baby Care,Hasbro,4484.42,6348.19,Supplier_230,0.2936
PRD04761,Fisher-Price Toys & Games 5954,Toys & Baby,Toys & Games,Fisher-Price,44301.14,54121.95,Supplier_237,0.1815
PRD04762,Hasbro Baby Care 2326,Toys & Baby,Baby Care,Hasbro,8694.31,11079.45,Supplier_199,0.2153
PRD04763,Hasbro Toys & Games 774,Toys & Baby,Toys & Games,Hasbro,22252.58,27308.05,Supplier_261,0.1851
PRD04764,Hasbro Educational 8223,Toys & Baby,Educational,Hasbro,40695.18,49018.73,Supplier_495,0.1698
PRD04765,Funskool Baby Care 4773,Toys & Baby,Baby Care,Funskool,34222.71,47416.58,Supplier_430,0.2783
PRD04766,Funskool Educational 3217,Toys & Baby,Educational,Funskool,6959.95,8675.21,Supplier_229,0.1977
PRD04767,Hasbro Educational 550,Toys & Baby,Educational,Hasbro,39371.21,58771.12,Supplier_493,0.3301
PRD04768,Hasbro Toys & Games 7887,Toys & Baby,Toys & Games,Hasbro,19495.21,24902.19,Supplier_145,0.2171
PRD04769,Funskool Toys & Games 7964,Toys & Baby,Toys & Games,Funskool,43612.36,47563.11,Supplier_216,0.0831
PRD04770,Funskool Baby Care 5846,Toys & Baby,Baby Care,Funskool,4071.83,5539.66,Supplier_103,0.265
PRD04771,Fisher-Price Baby Care 3502,Toys & Baby,Baby Care,Fisher-Price,3847.77,5519.85,Supplier_334,0.3029
PRD04772,Fisher-Price Toys & Games 629,Toys & Baby,Toys & Games,Fisher-Price,31118.41,34458.93,Supplier_330,0.0969
PRD04773,Fisher-Price Educational 648,Toys & Baby,Educational,Fisher-Price,28570.22,34585.64,Supplier_408,0.1739
PRD04774,Funskool Baby Care 2557,Toys & Baby,Baby Care,Funskool,19951.48,28355.18,Supplier_124,0.2964
PRD04775,Funskool Educational 8707,Toys & Baby,Educational,Funskool,36131.46,44853.61,Supplier_491,0.1945
PRD04776,Hasbro Baby Care 3053,Toys & Baby,Baby Care,Hasbro,18304.58,22710.85,Supplier_468,0.194
PRD04777,Lego Toys & Games 622,Toys & Baby,Toys & Games,Lego,47077.26,60354.16,Supplier_324,0.22
PRD04778,Fisher-Price Educational 7741,Toys & Baby,Educational,Fisher-Price,43091.96,47285.02,Supplier_015,0.0887
PRD04779,Fisher-Price Educational 5140,Toys & Baby,Educational,Fisher-Price,3553.47,5066.32,Supplier_300,0.2986
PRD04780,Funskool Educational 9930,Toys & Baby,Educational,Funskool,41232.37,46038.6,Supplier_353,0.1044
PRD04781,Hasbro Educational 1521,Toys & Baby,Educational,Hasbro,41685.73,64487.85,Supplier_281,0.3536
PRD04782,Funskool Toys & Games 7437,Toys & Baby,Toys & Games,Funskool,25144.0,36005.49,Supplier_404,0.3017
PRD04783,Hasbro Baby Care 5120,Toys & Baby,Baby Care,Hasbro,21347.94,26185.83,Supplier_241,0.1848
PRD04784,Hasbro Baby Care 6790,Toys & Baby,Baby Care,Hasbro,46169.67,60945.88,Supplier_262,0.2424
PRD04785,Fisher-Price Baby Care 9660,Toys & Baby,Baby Care,Fisher-Price,14069.17,18246.76,Supplier_211,0.2289
PRD04786,Hasbro Baby Care 359,Toys & Baby,Baby Care,Hasbro,27400.63,31489.15,Supplier_380,0.1298
PRD04787,Lego Baby Care 9936,Toys & Baby,Baby Care,Lego,18474.56,22931.62,Supplier_301,0.1944
PRD04788,Fisher-Price Baby Care 4625,Toys & Baby,Baby Care,Fisher-Price,26361.37,36137.41,Supplier_368,0.2705
PRD04789,Lego Toys & Games 3056,Toys & Baby,Toys & Games,Lego,34598.19,37424.73,Supplier_295,0.0755
PRD04790,Lego Educational 384,Toys & Baby,Educational,Lego,24844.16,37437.32,Supplier_162,0.3364
PRD04791,Hasbro Baby Care 7019,Toys & Baby,Baby Care,Hasbro,34036.43,46727.82,Supplier_090,0.2716
PRD04792,Fisher-Price Toys & Games 3643,Toys & Baby,Toys & Games,Fisher-Price,12706.17,15840.02,Supplier_449,0.1978
PRD04793,Hasbro Toys & Games 5138,Toys & Baby,Toys & Games,Hasbro,18836.02,23072.5,Supplier_231,0.1836
PRD04794,Lego Toys & Games 4250,Toys & Baby,Toys & Games,Lego,27610.58,40694.24,Supplier_233,0.3215
PRD04795,Funskool Educational 5055,Toys & Baby,Educational,Funskool,8424.6,10900.99,Supplier_424,0.2272
PRD04796,Fisher-Price Toys & Games 4720,Toys & Baby,Toys & Games,Fisher-Price,9439.48,12881.89,Supplier_053,0.2672
PRD04797,Lego Toys & Games 8366,Toys & Baby,Toys & Games,Lego,45820.38,54351.55,Supplier_247,0.157
PRD04798,Lego Educational 8902,Toys & Baby,Educational,Lego,41923.22,64825.57,Supplier_469,0.3533
PRD04799,Hasbro Educational 8241,Toys & Baby,Educational,Hasbro,20710.31,31377.48,Supplier_246,0.34
PRD04800,Fisher-Price Baby Care 6104,Toys & Baby,Baby Care,Fisher-Price,10229.16,15707.96,Supplier_040,0.3488
PRD04801,Lego Educational 6225,Toys & Baby,Educational,Lego,482.7,601.93,Supplier_101,0.1981
PRD04802,Hasbro Baby Care 1386,Toys & Baby,Baby Care,Hasbro,38633.68,51429.95,Supplier_179,0.2488
PRD04803,Funskool Toys & Games 8111,Toys & Baby,Toys & Games,Funskool,31902.89,44857.7,Supplier_282,0.2888
PRD04804,Funskool Educational 1048,Toys & Baby,Educational,Funskool,17219.17,23635.56,Supplier_415,0.2715
PRD04805,Funskool Educational 1344,Toys & Baby,Educational,Funskool,35308.8,49375.33,Supplier_470,0.2849
PRD04806,Hasbro Toys & Games 1912,Toys & Baby,Toys & Games,Hasbro,16548.09,24153.53,Supplier_193,0.3149
PRD04807,Funskool Baby Care 8915,Toys & Baby,Baby Care,Funskool,37907.02,44107.58,Supplier_106,0.1406
PRD04808,Lego Toys & Games 9470,Toys & Baby,Toys & Games,Lego,15586.9,22417.64,Supplier_047,0.3047
PRD04809,Fisher-Price Educational 8830,Toys & Baby,Educational,Fisher-Price,36630.36,56652.28,Supplier_034,0.3534
PRD04810,Hasbro Baby Care 2935,Toys & Baby,Baby Care,Hasbro,9494.48,10821.37,Supplier_160,0.1226
PRD04811,Fisher-Price Toys & Games 9508,Toys & Baby,Toys & Games,Fisher-Price,34472.41,51428.07,Supplier_238,0.3297
PRD04812,Lego Educational 9727,Toys & Baby,Educational,Lego,48904.84,72285.56,Supplier_377,0.3234
PRD04813,Lego Toys & Games 7836,Toys & Baby,Toys & Games,Lego,3212.55,3944.26,Supplier_464,0.1855
PRD04814,Funskool Toys & Games 6679,Toys & Baby,Toys & Games,Funskool,4579.36,5133.29,Supplier_046,0.1079
PRD04815,Lego Toys & Games 5938,Toys & Baby,Toys & Games,Lego,4238.18,6335.43,Supplier_186,0.331
PRD04816,Fisher-Price Toys & Games 738,Toys & Baby,Toys & Games,Fisher-Price,47615.88,58602.87,Supplier_098,0.1875
PRD04817,Funskool Toys & Games 8829,Toys & Baby,Toys & Games,Funskool,14876.79,19211.84,Supplier_046,0.2256
PRD04818,Fisher-Price Educational 6772,Toys & Baby,Educational,Fisher-Price,44690.48,61217.93,Supplier_185,0.27
PRD04819,Funskool Educational 7581,Toys & Baby,Educational,Funskool,33199.01,40736.69,Supplier_209,0.185
PRD04820,Hasbro Educational 5433,Toys & Baby,Educational,Hasbro,11907.17,17338.07,Supplier_454,0.3132
PRD04821,Fisher-Price Baby Care 3110,Toys & Baby,Baby Care,Fisher-Price,39165.12,55956.45,Supplier_306,0.3001
PRD04822,Fisher-Price Educational 9896,Toys & Baby,Educational,Fisher-Price,7110.89,10817.21,Supplier_137,0.3426
PRD04823,Lego Baby Care 1444,Toys & Baby,Baby Care,Lego,2801.07,3429.04,Supplier_479,0.1831
PRD04824,Fisher-Price Educational 6365,Toys & Baby,Educational,Fisher-Price,1194.25,1835.2,Supplier_329,0.3493
PRD04825,Fisher-Price Baby Care 8725,Toys & Baby,Baby Care,Fisher-Price,912.6,1369.57,Supplier_326,0.3337
PRD04826,Lego Toys & Games 2123,Toys & Baby,Toys & Games,Lego,33224.48,37974.88,Supplier_208,0.1251
PRD04827,Lego Educational 2163,Toys & Baby,Educational,Lego,20899.29,27516.53,Supplier_078,0.2405
PRD04828,Fisher-Price Educational 6688,Toys & Baby,Educational,Fisher-Price,31659.34,41620.45,Supplier_088,0.2393
PRD04829,Hasbro Educational 6349,Toys & Baby,Educational,Hasbro,41791.12,56300.41,Supplier_489,0.2577
PRD04830,Fisher-Price Toys & Games 8235,Toys & Baby,Toys & Games,Fisher-Price,26477.45,36453.38,Supplier_294,0.2737
PRD04831,Fisher-Price Educational 9417,Toys & Baby,Educational,Fisher-Price,37300.48,40479.51,Supplier_118,0.0785
PRD04832,Funskool Toys & Games 9131,Toys & Baby,Toys & Games,Funskool,24639.22,35412.22,Supplier_322,0.3042
PRD04833,Fisher-Price Baby Care 599,Toys & Baby,Baby Care,Fisher-Price,35187.79,40614.22,Supplier_024,0.1336
PRD04834,Hasbro Educational 5664,Toys & Baby,Educational,Hasbro,45647.81,55035.09,Supplier_316,0.1706
PRD04835,Lego Baby Care 7687,Toys & Baby,Baby Care,Lego,12741.73,14907.14,Supplier_481,0.1453
PRD04836,Lego Toys & Games 5583,Toys & Baby,Toys & Games,Lego,30522.51,34232.06,Supplier_096,0.1084
PRD04837,Fisher-Price Educational 477,Toys & Baby,Educational,Fisher-Price,16592.57,25686.11,Supplier_362,0.354
PRD04838,Hasbro Toys & Games 4819,Toys & Baby,Toys & Games,Hasbro,845.98,1064.79,Supplier_283,0.2055
PRD04839,Lego Toys & Games 4395,Toys & Baby,Toys & Games,Lego,39575.18,58212.09,Supplier_007,0.3202
PRD04840,Funskool Baby Care 4417,Toys & Baby,Baby Care,Funskool,42367.56,63407.81,Supplier_231,0.3318
PRD04841,Funskool Baby Care 4313,Toys & Baby,Baby Care,Funskool,2130.82,2881.72,Supplier_446,0.2606
PRD04842,Funskool Toys & Games 4353,Toys & Baby,Toys & Games,Funskool,21810.8,33426.8,Supplier_105,0.3475
PRD04843,Fisher-Price Toys & Games 5906,Toys & Baby,Toys & Games,Fisher-Price,45033.97,55605.14,Supplier_221,0.1901
PRD04844,Lego Toys & Games 8433,Toys & Baby,Toys & Games,Lego,25765.43,33786.32,Supplier_475,0.2374
PRD04845,Hasbro Educational 7072,Toys & Baby,Educational,Hasbro,36413.86,45846.18,Supplier_357,0.2057
PRD04846,Lego Educational 959,Toys & Baby,Educational,Lego,3749.74,4735.91,Supplier_214,0.2082
PRD04847,Lego Educational 9792,Toys & Baby,Educational,Lego,44258.2,50670.53,Supplier_012,0.1265
PRD04848,Fisher-Price Toys & Games 9209,Toys & Baby,Toys & Games,Fisher-Price,39978.25,59488.6,Supplier_196,0.328
PRD04849,Funskool Toys & Games 7427,Toys & Baby,Toys & Games,Funskool,24125.62,32735.75,Supplier_463,0.263
PRD04850,Fisher-Price Toys & Games 5494,Toys & Baby,Toys & Games,Fisher-Price,10755.24,11699.96,Supplier_063,0.0807
PRD04851,Funskool Educational 5386,Toys & Baby,Educational,Funskool,42849.05,56770.54,Supplier_374,0.2452
PRD04852,Lego Toys & Games 5146,Toys & Baby,Toys & Games,Lego,47539.38,64068.0,Supplier_038,0.258
PRD04853,Fisher-Price Educational 882,Toys & Baby,Educational,Fisher-Price,13017.79,19008.23,Supplier_491,0.3151
PRD04854,Lego Baby Care 4021,Toys & Baby,Baby Care,Lego,15415.89,17577.64,Supplier_302,0.123
PRD04855,Fisher-Price Baby Care 3623,Toys & Baby,Baby Care,Fisher-Price,47867.77,60895.2,Supplier_328,0.2139
PRD04856,Funskool Toys & Games 6552,Toys & Baby,Toys & Games,Funskool,36449.21,41525.29,Supplier_253,0.1222
PRD04857,Funskool Toys & Games 6719,Toys & Baby,Toys & Games,Funskool,43233.35,62117.48,Supplier_418,0.304
PRD04858,Hasbro Educational 2545,Toys & Baby,Educational,Hasbro,41743.92,51591.83,Supplier_304,0.1909
PRD04859,Funskool Toys & Games 8862,Toys & Baby,Toys & Games,Funskool,38726.2,58920.08,Supplier_340,0.3427
PRD04860,Lego Toys & Games 8890,Toys & Baby,Toys & Games,Lego,26300.58,30441.14,Supplier_462,0.136
PRD04861,Fisher-Price Toys & Games 6219,Toys & Baby,Toys & Games,Fisher-Price,26370.77,30392.4,Supplier_108,0.1323
PRD04862,Hasbro Toys & Games 7097,Toys & Baby,Toys & Games,Hasbro,44918.97,59369.06,Supplier_275,0.2434
PRD04863,Funskool Educational 8045,Toys & Baby,Educational,Funskool,34091.34,50146.57,Supplier_465,0.3202
PRD04864,Hasbro Baby Care 6640,Toys & Baby,Baby Care,Hasbro,25143.97,34373.86,Supplier_143,0.2685
PRD04865,Lego Baby Care 4699,Toys & Baby,Baby Care,Lego,24007.52,28961.14,Supplier_295,0.171
PRD04866,Hasbro Baby Care 5955,Toys & Baby,Baby Care,Hasbro,16769.41,18736.36,Supplier_326,0.105
PRD04867,Fisher-Price Toys & Games 5746,Toys & Baby,Toys & Games,Fisher-Price,46884.53,57739.11,Supplier_351,0.188
PRD04868,Funskool Educational 8340,Toys & Baby,Educational,Funskool,30005.03,34642.64,Supplier_359,0.1339
PRD04869,Hasbro Educational 4629,Toys & Baby,Educational,Hasbro,13763.17,19447.53,Supplier_045,0.2923
PRD04870,Fisher-Price Educational 8727,Toys & Baby,Educational,Fisher-Price,35302.42,42957.13,Supplier_198,0.1782
PRD04871,Lego Educational 2071,Toys & Baby,Educational,Lego,21455.69,26431.66,Supplier_430,0.1883
PRD04872,Fisher-Price Educational 7053,Toys & Baby,Educational,Fisher-Price,39505.95,54156.52,Supplier_132,0.2705
PRD04873,Lego Baby Care 5314,Toys & Baby,Baby Care,Lego,13447.63,17091.16,Supplier_037,0.2132
PRD04874,Hasbro Baby Care 6707,Toys & Baby,Baby Care,Hasbro,15568.49,17630.51,Supplier_226,0.117
PRD04875,Hasbro Educational 916,Toys & Baby,Educational,Hasbro,11917.26,16918.15,Supplier_290,0.2956
PRD04876,Funskool Toys & Games 1099,Toys & Baby,Toys & Games,Funskool,36833.08,53943.63,Supplier_428,0.3172
PRD04877,Hasbro Toys & Games 1506,Toys & Baby,Toys & Games,Hasbro,39224.95,57795.93,Supplier_389,0.3213
PRD04878,Funskool Educational 2643,Toys & Baby,Educational,Funskool,28801.58,39934.47,Supplier_089,0.2788
PRD04879,Lego Baby Care 8971,Toys & Baby,Baby Care,Lego,6356.32,7703.6,Supplier_406,0.1749
PRD04880,Lego Educational 2842,Toys & Baby,Educational,Lego,15300.22,21290.63,Supplier_246,0.2814
PRD04881,Hasbro Baby Care 8618,Toys & Baby,Baby Care,Hasbro,27687.2,37289.98,Supplier_393,0.2575
PRD04882,Hasbro Baby Care 1456,Toys & Baby,Baby Care,Hasbro,32762.6,36142.98,Supplier_412,0.0935
PRD04883,Fisher-Price Educational 3320,Toys & Baby,Educational,Fisher-Price,13765.99,20002.09,Supplier_466,0.3118
PRD04884,Fisher-Price Baby Care 3690,Toys & Baby,Baby Care,Fisher-Price,3645.87,5401.49,Supplier_225,0.325
PRD04885,Lego Educational 6639,Toys & Baby,Educational,Lego,18767.66,28041.47,Supplier_205,0.3307
PRD04886,Hasbro Educational 4379,Toys & Baby,Educational,Hasbro,5261.13,6537.39,Supplier_140,0.1952
PRD04887,Fisher-Price Baby Care 6538,Toys & Baby,Baby Care,Fisher-Price,17285.26,23426.92,Supplier_021,0.2622
PRD04888,Hasbro Educational 6701,Toys & Baby,Educational,Hasbro,24253.56,29241.11,Supplier_325,0.1706
PRD04889,Lego Educational 5551,Toys & Baby,Educational,Lego,24813.84,27359.65,Supplier_384,0.093
PRD04890,Hasbro Toys & Games 4997,Toys & Baby,Toys & Games,Hasbro,46262.68,68501.43,Supplier_320,0.3246
PRD04891,Fisher-Price Educational 8795,Toys & Baby,Educational,Fisher-Price,5398.92,7583.92,Supplier_421,0.2881
PRD04892,Hasbro Baby Care 2615,Toys & Baby,Baby Care,Hasbro,22250.15,30582.22,Supplier_412,0.2724
PRD04893,Funskool Educational 1500,Toys & Baby,Educational,Funskool,36906.26,42819.93,Supplier_451,0.1381
PRD04894,Funskool Baby Care 3663,Toys & Baby,Baby Care,Funskool,36146.61,53475.37,Supplier_286,0.3241
PRD04895,Fisher-Price Toys & Games 5343,Toys & Baby,Toys & Games,Fisher-Price,33695.2,43580.52,Supplier_282,0.2268
PRD04896,Fisher-Price Toys & Games 6928,Toys & Baby,Toys & Games,Fisher-Price,45713.58,57669.98,Supplier_134,0.2073
PRD04897,Funskool Toys & Games 4474,Toys & Baby,Toys & Games,Funskool,19913.36,27508.98,Supplier_148,0.2761
PRD04898,Hasbro Educational 466,Toys & Baby,Educational,Hasbro,176.26,236.85,Supplier_426,0.2558
PRD04899,Funskool Baby Care 9317,Toys & Baby,Baby Care,Funskool,4155.19,6013.39,Supplier_357,0.309
PRD04900,Fisher-Price Educational 8017,Toys & Baby,Educational,Fisher-Price,30377.14,33730.68,Supplier_192,0.0994
PRD04901,Fisher-Price Baby Care 4643,Toys & Baby,Baby Care,Fisher-Price,7701.18,10769.83,Supplier_154,0.2849
PRD04902,Funskool Toys & Games 3475,Toys & Baby,Toys & Games,Funskool,30220.57,34984.82,Supplier_345,0.1362
PRD04903,Hasbro Toys & Games 3013,Toys & Baby,Toys & Games,Hasbro,45886.76,62927.22,Supplier_267,0.2708
PRD04904,Lego Educational 9444,Toys & Baby,Educational,Lego,25891.59,35800.91,Supplier_244,0.2768
PRD04905,Hasbro Baby Care 5330,Toys & Baby,Baby Care,Hasbro,22274.82,27726.3,Supplier_299,0.1966
PRD04906,Hasbro Toys & Games 4414,Toys & Baby,Toys & Games,Hasbro,986.17,1216.23,Supplier_333,0.1892
PRD04907,Lego Educational 7176,Toys & Baby,Educational,Lego,31950.42,39100.33,Supplier_275,0.1829
PRD04908,Hasbro Baby Care 9335,Toys & Baby,Baby Care,Hasbro,5137.34,7624.41,Supplier_090,0.3262
PRD04909,Fisher-Price Toys & Games 980,Toys & Baby,Toys & Games,Fisher-Price,41511.92,50015.5,Supplier_250,0.17
PRD04910,Lego Baby Care 3548,Toys & Baby,Baby Care,Lego,14957.99,16945.91,Supplier_185,0.1173
PRD04911,Hasbro Educational 882,Toys & Baby,Educational,Hasbro,23357.73,36139.81,Supplier_057,0.3537
PRD04912,Funskool Toys & Games 3847,Toys & Baby,Toys & Games,Funskool,32190.28,41760.5,Supplier_393,0.2292
PRD04913,Funskool Baby Care 4399,Toys & Baby,Baby Care,Funskool,12057.58,13428.84,Supplier_356,0.1021
PRD04914,Hasbro Educational 6084,Toys & Baby,Educational,Hasbro,6717.92,8368.02,Supplier_240,0.1972
PRD04915,Funskool Educational 5713,Toys & Baby,Educational,Funskool,20094.48,22682.96,Supplier_139,0.1141
PRD04916,Hasbro Educational 5487,Toys & Baby,Educational,Hasbro,15485.58,19588.46,Supplier_449,0.2095
PRD04917,Funskool Educational 5245,Toys & Baby,Educational,Funskool,23406.27,32094.68,Supplier_078,0.2707
PRD04918,Lego Toys & Games 5826,Toys & Baby,Toys & Games,Lego,26843.51,41187.79,Supplier_283,0.3483
PRD04919,Funskool Toys & Games 8092,Toys & Baby,Toys & Games,Funskool,24324.92,33105.44,Supplier_186,0.2652
PRD04920,Fisher-Price Educational 2645,Toys & Baby,Educational,Fisher-Price,32698.37,41499.22,Supplier_404,0.2121
PRD04921,Funskool Educational 3268,Toys & Baby,Educational,Funskool,31422.09,35672.0,Supplier_211,0.1191
PRD04922,Lego Toys & Games 5047,Toys & Baby,Toys & Games,Lego,10709.58,15271.32,Supplier_228,0.2987
PRD04923,Funskool Toys & Games 6660,Toys & Baby,Toys & Games,Funskool,961.23,1084.1,Supplier_414,0.1133
PRD04924,Hasbro Educational 8172,Toys & Baby,Educational,Hasbro,31698.25,35664.57,Supplier_343,0.1112
PRD04925,Hasbro Educational 4123,Toys & Baby,Educational,Hasbro,36032.19,52575.27,Supplier_499,0.3147
PRD04926,Fisher-Price Baby Care 9470,Toys & Baby,Baby Care,Fisher-Price,27820.75,39377.85,Supplier_175,0.2935
PRD04927,Lego Toys & Games 6693,Toys & Baby,Toys & Games,Lego,24990.72,30318.7,Supplier_019,0.1757
PRD04928,Hasbro Toys & Games 6461,Toys & Baby,Toys & Games,Hasbro,1318.64,1801.25,Supplier_052,0.2679
PRD04929,Fisher-Price Toys & Games 611,Toys & Baby,Toys & Games,Fisher-Price,23032.86,31541.52,Supplier_338,0.2698
PRD04930,Fisher-Price Toys & Games 6378,Toys & Baby,Toys & Games,Fisher-Price,21944.56,24063.86,Supplier_236,0.0881
PRD04931,Funskool Educational 7185,Toys & Baby,Educational,Funskool,28752.47,37659.24,Supplier_359,0.2365
PRD04932,Lego Educational 1703,Toys & Baby,Educational,Lego,47210.75,57923.93,Supplier_204,0.185
PRD04933,Lego Educational 9574,Toys & Baby,Educational,Lego,5536.61,8056.43,Supplier_415,0.3128
PRD04934,Hasbro Toys & Games 5882,Toys & Baby,Toys & Games,Hasbro,22286.22,31158.86,Supplier_102,0.2848
PRD04935,Hasbro Baby Care 5933,Toys & Baby,Baby Care,Hasbro,49992.87,62639.41,Supplier_361,0.2019
PRD04936,Hasbro Educational 2198,Toys & Baby,Educational,Hasbro,2321.5,2570.28,Supplier_069,0.0968
PRD04937,Lego Educational 3600,Toys & Baby,Educational,Lego,13541.03,15167.66,Supplier_119,0.1072
PRD04938,Fisher-Price Baby Care 1319,Toys & Baby,Baby Care,Fisher-Price,37676.41,51529.39,Supplier_140,0.2688
PRD04939,Fisher-Price Toys & Games 5177,Toys & Baby,Toys & Games,Fisher-Price,30199.87,45543.35,Supplier_085,0.3369
PRD04940,Funskool Baby Care 6738,Toys & Baby,Baby Care,Funskool,48780.25,57880.41,Supplier_436,0.1572
PRD04941,Lego Educational 9402,Toys & Baby,Educational,Lego,15716.73,22235.49,Supplier_212,0.2932
PRD04942,Fisher-Price Baby Care 466,Toys & Baby,Baby Care,Fisher-Price,47537.17,57328.6,Supplier_101,0.1708
PRD04943,Fisher-Price Educational 3840,Toys & Baby,Educational,Fisher-Price,33226.45,50160.69,Supplier_412,0.3376
PRD04944,Hasbro Baby Care 2612,Toys & Baby,Baby Care,Hasbro,42181.87,56672.96,Supplier_200,0.2557
PRD04945,Lego Toys & Games 6900,Toys & Baby,Toys & Games,Lego,48716.76,60460.98,Supplier_122,0.1942
PRD04946,Hasbro Educational 1219,Toys & Baby,Educational,Hasbro,40498.42,61744.24,Supplier_073,0.3441
PRD04947,Hasbro Educational 1549,Toys & Baby,Educational,Hasbro,21486.75,29096.04,Supplier_415,0.2615
PRD04948,Lego Toys & Games 2823,Toys & Baby,Toys & Games,Lego,47847.86,69593.71,Supplier_039,0.3125
PRD04949,Lego Baby Care 6286,Toys & Baby,Baby Care,Lego,16147.45,18646.45,Supplier_043,0.134
PRD04950,Hasbro Toys & Games 2504,Toys & Baby,Toys & Games,Hasbro,39496.42,52801.99,Supplier_432,0.252
PRD04951,Funskool Baby Care 5317,Toys & Baby,Baby Care,Funskool,19746.01,28362.48,Supplier_232,0.3038
PRD04952,Funskool Baby Care 3618,Toys & Baby,Baby Care,Funskool,18908.24,23729.5,Supplier_093,0.2032
PRD04953,Funskool Baby Care 1892,Toys & Baby,Baby Care,Funskool,14044.19,21270.36,Supplier_267,0.3397
PRD04954,Funskool Toys & Games 7475,Toys & Baby,Toys & Games,Funskool,4312.14,5431.41,Supplier_097,0.2061
PRD04955,Fisher-Price Educational 3476,Toys & Baby,Educational,Fisher-Price,34373.11,39455.54,Supplier_283,0.1288
PRD04956,Fisher-Price Educational 7126,Toys & Baby,Educational,Fisher-Price,34516.34,40788.04,Supplier_263,0.1538
PRD04957,Fisher-Price Baby Care 8237,Toys & Baby,Baby Care,Fisher-Price,26876.04,40367.01,Supplier_481,0.3342
PRD04958,Funskool Toys & Games 557,Toys & Baby,Toys & Games,Funskool,19130.99,21871.55,Supplier_485,0.1253
PRD04959,Funskool Toys & Games 4080,Toys & Baby,Toys & Games,Funskool,33110.7,39554.05,Supplier_166,0.1629
PRD04960,Fisher-Price Baby Care 7356,Toys & Baby,Baby Care,Fisher-Price,44975.04,50925.57,Supplier_087,0.1168
PRD04961,Lego Educational 126,Toys & Baby,Educational,Lego,45575.34,49465.94,Supplier_261,0.0787
PRD04962,Hasbro Baby Care 8011,Toys & Baby,Baby Care,Hasbro,46010.71,59827.5,Supplier_024,0.2309
PRD04963,Fisher-Price Educational 8016,Toys & Baby,Educational,Fisher-Price,49569.66,68944.36,Supplier_223,0.281
PRD04964,Lego Toys & Games 9991,Toys & Baby,Toys & Games,Lego,38785.21,48764.32,Supplier_192,0.2046
PRD04965,Hasbro Toys & Games 1176,Toys & Baby,Toys & Games,Hasbro,21082.33,27552.64,Supplier_326,0.2348
PRD04966,Lego Baby Care 784,Toys & Baby,Baby Care,Lego,47925.13,62998.74,Supplier_145,0.2393
PRD04967,Hasbro Educational 1787,Toys & Baby,Educational,Hasbro,28067.66,38977.06,Supplier_257,0.2799
PRD04968,Lego Baby Care 2751,Toys & Baby,Baby Care,Lego,2283.57,3417.23,Supplier_199,0.3317
PRD04969,Funskool Baby Care 7135,Toys & Baby,Baby Care,Funskool,39802.47,47788.84,Supplier_240,0.1671
PRD04970,Fisher-Price Baby Care 706,Toys & Baby,Baby Care,Fisher-Price,29461.68,32972.27,Supplier_166,0.1065
PRD04971,Lego Educational 4198,Toys & Baby,Educational,Lego,30480.84,33212.03,Supplier_408,0.0822
PRD04972,Fisher-Price Educational 8071,Toys & Baby,Educational,Fisher-Price,48264.54,68442.96,Supplier_331,0.2948
PRD04973,Lego Toys & Games 1975,Toys & Baby,Toys & Games,Lego,14953.47,18513.26,Supplier_362,0.1923
PRD04974,Hasbro Educational 1232,Toys & Baby,Educational,Hasbro,34149.72,38862.04,Supplier_378,0.1213
PRD04975,Fisher-Price Baby Care 2429,Toys & Baby,Baby Care,Fisher-Price,9432.02,14590.68,Supplier_297,0.3536
PRD04976,Hasbro Baby Care 2969,Toys & Baby,Baby Care,Hasbro,47726.51,61916.3,Supplier_061,0.2292
PRD04977,Lego Baby Care 6620,Toys & Baby,Baby Care,Lego,3395.89,4064.93,Supplier_374,0.1646
PRD04978,Funskool Toys & Games 156,Toys & Baby,Toys & Games,Funskool,47632.4,60432.12,Supplier_072,0.2118
PRD04979,Fisher-Price Toys & Games 510,Toys & Baby,Toys & Games,Fisher-Price,21201.01,30220.69,Supplier_282,0.2985
PRD04980,Hasbro Educational 271,Toys & Baby,Educational,Hasbro,18373.58,22229.86,Supplier_073,0.1735
PRD04981,Lego Educational 9033,Toys & Baby,Educational,Lego,9989.39,15453.76,Supplier_119,0.3536
PRD04982,Funskool Educational 1454,Toys & Baby,Educational,Funskool,9646.6,14223.16,Supplier_003,0.3218
PRD04983,Funskool Baby Care 5445,Toys & Baby,Baby Care,Funskool,22459.29,33602.09,Supplier_436,0.3316
PRD04984,Hasbro Toys & Games 6283,Toys & Baby,Toys & Games,Hasbro,15609.35,23594.94,Supplier_294,0.3384
PRD04985,Funskool Toys & Games 1435,Toys & Baby,Toys & Games,Funskool,6149.78,9173.99,Supplier_156,0.3297
PRD04986,Fisher-Price Toys & Games 3203,Toys & Baby,Toys & Games,Fisher-Price,7569.56,10107.24,Supplier_045,0.2511
PRD04987,Funskool Educational 9650,Toys & Baby,Educational,Funskool,18413.78,28121.72,Supplier_362,0.3452
PRD04988,Fisher-Price Baby Care 9977,Toys & Baby,Baby Care,Fisher-Price,46590.01,57737.65,Supplier_233,0.1931
PRD04989,Hasbro Toys & Games 8061,Toys & Baby,Toys & Games,Hasbro,46450.91,51945.1,Supplier_359,0.1058
PRD04990,Lego Toys & Games 7503,Toys & Baby,Toys & Games,Lego,1681.28,2140.4,Supplier_465,0.2145
PRD04991,Funskool Toys & Games 6358,Toys & Baby,Toys & Games,Funskool,3732.01,4475.48,Supplier_003,0.1661
PRD04992,Fisher-Price Baby Care 3898,Toys & Baby,Baby Care,Fisher-Price,48160.66,57748.67,Supplier_390,0.166
PRD04993,Funskool Educational 9252,Toys & Baby,Educational,Funskool,10481.25,13527.76,Supplier_133,0.2252
PRD04994,Hasbro Toys & Games 7715,Toys & Baby,Toys & Games,Hasbro,38210.0,48516.94,Supplier_444,0.2124
PRD04995,Hasbro Educational 4684,Toys & Baby,Educational,Hasbro,42892.55,46513.25,Supplier_115,0.0778
PRD04996,Funskool Baby Care 9719,Toys & Baby,Baby Care,Funskool,47090.03,65377.25,Supplier_410,0.2797
PRD04997,Hasbro Educational 3920,Toys & Baby,Educational,Hasbro,33832.3,47165.59,Supplier_432,0.2827
PRD04998,Hasbro Toys & Games 3799,Toys & Baby,Toys & Games,Hasbro,38027.2,41866.63,Supplier_091,0.0917
PRD04999,Hasbro Baby Care 7492,Toys & Baby,Baby Care,Hasbro,37433.42,53140.64,Supplier_171,0.2956
PRD05000,Funskool Baby Care 105,Toys & Baby,Baby Care,Funskool,49727.52,61658.86,Supplier_155,0.1935
